contractId,subscriptionYear,policyYear,propertyType,surface,riskZone,formula,franchise,premiumHT,brokerCommission,coverageStartDate,coverageEndDate,cancellationDate,cancellationReason
MRH_2022_00001,2022,0,Maison,151,2,Confort,150,382.99,76.6,2022-10-14,2023-10-13,,
MRH_2022_00001,2022,1,Maison,151,2,Confort,150,67.01,13.4,2023-10-14,2023-12-14,2023-12-14,Prix trop élevé
MRH_2022_00002,2022,0,Appartement,68,3,Confort,500,185.84,37.17,2022-04-15,2023-04-14,,
MRH_2022_00002,2022,1,Appartement,68,3,Confort,500,191.42,38.28,2023-04-15,2024-04-14,,
MRH_2022_00002,2022,2,Appartement,68,3,Confort,500,197.16,39.43,2024-04-15,2025-04-14,,
MRH_2022_00003,2022,0,Appartement,78,2,Essentielle,300,175.23,35.05,2022-02-03,2023-02-02,,
MRH_2022_00003,2022,1,Appartement,78,2,Essentielle,300,180.49,36.1,2023-02-03,2024-02-02,,
MRH_2022_00003,2022,2,Appartement,78,2,Essentielle,300,185.9,37.18,2024-02-03,2025-02-02,,
MRH_2022_00004,2022,0,Appartement,28,2,Essentielle,500,105.49,21.1,2022-09-04,2023-09-03,,
MRH_2022_00004,2022,1,Appartement,28,2,Essentielle,500,108.65,21.73,2023-09-04,2024-09-03,,
MRH_2022_00004,2022,2,Appartement,28,2,Essentielle,500,111.91,22.38,2024-09-04,2025-09-03,,
MRH_2022_00005,2022,0,Appartement,81,4,Confort,150,280.2,56.04,2022-01-22,2023-01-21,,
MRH_2022_00005,2022,1,Appartement,81,4,Confort,150,288.61,57.72,2023-01-22,2024-01-21,,
MRH_2022_00005,2022,2,Appartement,81,4,Confort,150,297.26,59.45,2024-01-22,2025-01-21,,
MRH_2022_00006,2022,0,Appartement,34,2,Essentielle,300,121.93,24.39,2022-08-21,2023-08-20,,
MRH_2022_00006,2022,1,Appartement,34,2,Essentielle,300,125.59,25.12,2023-08-21,2024-08-20,,
MRH_2022_00006,2022,2,Appartement,34,2,Essentielle,300,129.36,25.87,2024-08-21,2025-08-20,,
MRH_2022_00007,2022,0,Appartement,46,3,Essentielle,300,143.65,28.73,2022-09-24,2023-09-23,,
MRH_2022_00007,2022,1,Appartement,46,3,Essentielle,300,147.96,29.59,2023-09-24,2024-09-23,,
MRH_2022_00007,2022,2,Appartement,46,3,Essentielle,300,152.4,30.48,2024-09-24,2025-09-23,,
MRH_2022_00008,2022,0,Appartement,30,5,Confort,300,195.75,39.15,2022-11-11,2023-11-10,,
MRH_2022_00008,2022,1,Appartement,30,5,Confort,300,201.62,40.32,2023-11-11,2024-11-10,,
MRH_2022_00008,2022,2,Appartement,30,5,Confort,300,207.67,41.53,2024-11-11,2025-11-10,,
MRH_2022_00009,2022,0,Appartement,86,2,Essentielle,300,184.92,36.98,2022-04-21,2023-04-20,,
MRH_2022_00009,2022,1,Appartement,86,2,Essentielle,300,190.47,38.09,2023-04-21,2024-04-20,,
MRH_2022_00009,2022,2,Appartement,86,2,Essentielle,300,196.18,39.24,2024-04-21,2025-04-20,,
MRH_2022_00010,2022,0,Maison,126,1,Essentielle,300,237.7,47.54,2022-12-19,2023-12-18,,
MRH_2022_00010,2022,1,Maison,126,1,Essentielle,300,244.83,48.97,2023-12-19,2024-12-18,,
MRH_2022_00010,2022,2,Maison,126,1,Essentielle,300,252.18,50.44,2024-12-19,2025-12-18,,
MRH_2022_00011,2022,0,Appartement,78,3,Confort,150,238.7,47.74,2022-03-21,2023-03-20,,
MRH_2022_00011,2022,1,Appartement,78,3,Confort,150,245.86,49.17,2023-03-21,2024-03-20,,
MRH_2022_00011,2022,2,Appartement,78,3,Confort,150,253.24,50.65,2024-03-21,2025-03-20,,
MRH_2022_00012,2022,0,Appartement,64,2,Confort,500,171.3,34.26,2022-09-09,2023-09-08,,
MRH_2022_00012,2022,1,Appartement,64,2,Confort,500,176.44,35.29,2023-09-09,2024-09-08,,
MRH_2022_00012,2022,2,Appartement,64,2,Confort,500,181.73,36.35,2024-09-09,2025-09-08,,
MRH_2022_00013,2022,0,Appartement,58,3,Essentielle,300,158.95,31.79,2022-02-10,2023-02-09,,
MRH_2022_00013,2022,1,Appartement,58,3,Essentielle,300,163.72,32.74,2023-02-10,2024-02-09,,
MRH_2022_00013,2022,2,Appartement,58,3,Essentielle,300,168.63,33.73,2024-02-10,2025-02-09,,
MRH_2022_00014,2022,0,Maison,60,4,Essentielle,300,224.82,44.96,2022-09-04,2023-09-03,,
MRH_2022_00014,2022,1,Maison,60,4,Essentielle,300,231.56,46.31,2023-09-04,2024-09-03,,
MRH_2022_00014,2022,2,Maison,60,4,Essentielle,300,238.51,47.7,2024-09-04,2025-09-03,,
MRH_2022_00015,2022,0,Maison,102,4,Confort,150,370.65,74.13,2022-10-11,2023-10-10,,
MRH_2022_00015,2022,1,Maison,102,4,Confort,150,381.77,76.35,2023-10-11,2024-10-10,,
MRH_2022_00015,2022,2,Maison,102,4,Confort,150,393.22,78.64,2024-10-11,2025-10-10,,
MRH_2022_00016,2022,0,Appartement,55,5,Premium,300,320.29,64.06,2022-01-08,2023-01-07,,
MRH_2022_00016,2022,1,Appartement,55,5,Premium,300,329.9,65.98,2023-01-08,2024-01-07,,
MRH_2022_00016,2022,2,Appartement,55,5,Premium,300,339.8,67.96,2024-01-08,2025-01-07,,
MRH_2022_00017,2022,0,Appartement,55,4,Confort,300,209.87,41.97,2022-11-16,2023-11-15,,
MRH_2022_00017,2022,1,Appartement,55,4,Confort,300,216.17,43.23,2023-11-16,2024-11-15,,
MRH_2022_00017,2022,2,Appartement,55,4,Confort,300,222.65,44.53,2024-11-16,2025-11-15,,
MRH_2022_00018,2022,0,Appartement,65,3,Premium,300,256.75,51.35,2022-12-10,2023-12-09,,
MRH_2022_00018,2022,1,Appartement,65,3,Premium,300,264.45,52.89,2023-12-10,2024-12-09,,
MRH_2022_00018,2022,2,Appartement,65,3,Premium,300,272.39,54.48,2024-12-10,2025-12-09,,
MRH_2022_00019,2022,0,Appartement,87,2,Essentielle,150,204.74,40.95,2022-10-18,2023-10-17,,
MRH_2022_00019,2022,1,Appartement,87,2,Essentielle,150,210.88,42.18,2023-10-18,2024-10-17,,
MRH_2022_00019,2022,2,Appartement,87,2,Essentielle,150,217.21,43.44,2024-10-18,2025-10-17,,
MRH_2022_00020,2022,0,Appartement,48,3,Essentielle,150,160.82,32.16,2022-06-03,2023-06-02,,
MRH_2022_00020,2022,1,Appartement,48,3,Essentielle,150,165.64,33.13,2023-06-03,2024-06-02,,
MRH_2022_00020,2022,2,Appartement,48,3,Essentielle,150,170.61,34.12,2024-06-03,2025-06-02,,
MRH_2022_00021,2022,0,Appartement,26,4,Confort,300,159.85,31.97,2022-08-26,2023-08-25,,
MRH_2022_00021,2022,1,Appartement,26,4,Confort,300,164.65,32.93,2023-08-26,2024-08-25,,
MRH_2022_00021,2022,2,Appartement,26,4,Confort,300,169.58,33.92,2024-08-26,2025-08-25,,
MRH_2022_00022,2022,0,Maison,104,2,Confort,150,309.32,61.86,2022-11-21,2023-11-20,,
MRH_2022_00022,2022,1,Maison,104,2,Confort,150,318.6,63.72,2023-11-21,2024-11-20,,
MRH_2022_00022,2022,2,Maison,104,2,Confort,150,328.16,65.63,2024-11-21,2025-11-20,,
MRH_2022_00023,2022,0,Appartement,38,2,Essentielle,500,116.64,23.33,2022-03-14,2023-03-13,,
MRH_2022_00023,2022,1,Appartement,38,2,Essentielle,500,120.14,24.03,2023-03-14,2024-03-13,,
MRH_2022_00023,2022,2,Appartement,38,2,Essentielle,500,123.74,24.75,2024-03-14,2025-03-13,,
MRH_2022_00024,2022,0,Maison,187,1,Premium,150,511.12,102.22,2022-01-21,2023-01-20,,
MRH_2022_00024,2022,1,Maison,187,1,Premium,150,526.45,105.29,2023-01-21,2024-01-20,,
MRH_2022_00024,2022,2,Maison,187,1,Premium,150,542.25,108.45,2024-01-21,2025-01-20,,
MRH_2022_00025,2022,0,Maison,189,2,Confort,300,402.32,80.46,2022-07-02,2023-07-01,,
MRH_2022_00025,2022,1,Maison,189,2,Confort,300,414.39,82.88,2023-07-02,2024-07-01,,
MRH_2022_00025,2022,2,Maison,189,2,Confort,300,252.59,50.52,2024-07-02,2025-02-02,2025-02-02,Concurrent moins cher
MRH_2022_00026,2022,0,Maison,85,4,Essentielle,500,240.56,48.11,2022-03-07,2023-03-06,,
MRH_2022_00026,2022,1,Maison,85,4,Essentielle,500,247.78,49.56,2023-03-07,2024-03-06,,
MRH_2022_00026,2022,2,Maison,85,4,Essentielle,500,255.21,51.04,2024-03-07,2025-03-06,,
MRH_2022_00027,2022,0,Appartement,24,1,Confort,300,115.6,23.12,2022-01-17,2023-01-16,,
MRH_2022_00027,2022,1,Appartement,24,1,Confort,300,29.68,5.94,2023-01-17,2023-04-17,2023-04-17,Déménagement
MRH_2022_00028,2022,0,Appartement,54,3,Essentielle,150,169.24,33.85,2022-10-08,2023-10-07,,
MRH_2022_00028,2022,1,Appartement,54,3,Essentielle,150,174.32,34.86,2023-10-08,2024-10-07,,
MRH_2022_00028,2022,2,Appartement,54,3,Essentielle,150,30.5,6.1,2024-10-08,2024-12-08,2024-12-08,Insatisfaction service
MRH_2022_00029,2022,0,Maison,88,2,Confort,300,258.4,51.68,2022-04-09,2023-04-08,,
MRH_2022_00029,2022,1,Maison,88,2,Confort,300,266.15,53.23,2023-04-09,2024-04-08,,
MRH_2022_00029,2022,2,Maison,88,2,Confort,300,274.14,54.83,2024-04-09,2025-04-08,,
MRH_2022_00030,2022,0,Appartement,56,2,Confort,150,192.28,38.46,2022-01-15,2023-01-14,,
MRH_2022_00030,2022,1,Appartement,56,2,Confort,150,198.05,39.61,2023-01-15,2024-01-14,,
MRH_2022_00030,2022,2,Appartement,56,2,Confort,150,203.99,40.8,2024-01-15,2025-01-14,,
MRH_2022_00031,2022,0,Appartement,36,1,Essentielle,150,122.39,24.48,2022-04-12,2023-04-11,,
MRH_2022_00031,2022,1,Appartement,36,1,Essentielle,150,126.06,25.21,2023-04-12,2024-04-11,,
MRH_2022_00031,2022,2,Appartement,36,1,Essentielle,150,129.84,25.97,2024-04-12,2025-04-11,,
MRH_2022_00032,2022,0,Appartement,58,2,Premium,150,254.04,50.81,2022-11-27,2023-11-26,,
MRH_2022_00032,2022,1,Appartement,58,2,Premium,150,261.66,52.33,2023-11-27,2024-11-26,,
MRH_2022_00032,2022,2,Appartement,58,2,Premium,150,269.51,53.9,2024-11-27,2025-11-26,,
MRH_2022_00033,2022,0,Appartement,79,4,Confort,300,251.27,50.25,2022-05-10,2023-05-09,,
MRH_2022_00033,2022,1,Appartement,79,4,Confort,300,258.81,51.76,2023-05-10,2024-05-09,,
MRH_2022_00033,2022,2,Appartement,79,4,Confort,300,266.57,53.31,2024-05-10,2025-05-09,,
MRH_2022_00034,2022,0,Appartement,51,3,Essentielle,500,138.02,27.6,2022-05-28,2023-05-27,,
MRH_2022_00034,2022,1,Appartement,51,3,Essentielle,500,131.25,26.25,2023-05-28,2024-04-28,2024-04-28,Insatisfaction service
MRH_2022_00035,2022,0,Maison,154,1,Premium,300,409.95,81.99,2022-12-15,2023-12-14,,
MRH_2022_00035,2022,1,Maison,154,1,Premium,300,422.25,84.45,2023-12-15,2024-12-14,,
MRH_2022_00035,2022,2,Maison,154,1,Premium,300,434.92,86.98,2024-12-15,2025-12-14,,
MRH_2022_00036,2022,0,Appartement,71,1,Premium,300,228.18,45.64,2022-09-02,2023-09-01,,
MRH_2022_00036,2022,1,Appartement,71,1,Premium,300,235.03,47.01,2023-09-02,2024-09-01,,
MRH_2022_00036,2022,2,Appartement,71,1,Premium,300,242.08,48.42,2024-09-02,2025-09-01,,
MRH_2022_00037,2022,0,Appartement,79,4,Confort,150,276.4,55.28,2022-06-07,2023-06-06,,
MRH_2022_00037,2022,1,Appartement,79,4,Confort,150,284.69,56.94,2023-06-07,2024-06-06,,
MRH_2022_00037,2022,2,Appartement,79,4,Confort,150,293.23,58.65,2024-06-07,2025-06-06,,
MRH_2022_00038,2022,0,Appartement,80,3,Premium,300,286.0,57.2,2022-04-28,2023-04-27,,
MRH_2022_00038,2022,1,Appartement,80,3,Premium,300,294.58,58.92,2023-04-28,2024-04-27,,
MRH_2022_00038,2022,2,Appartement,80,3,Premium,300,303.42,60.68,2024-04-28,2025-04-27,,
MRH_2022_00039,2022,0,Appartement,51,5,Confort,500,219.21,43.84,2022-11-28,2023-11-27,,
MRH_2022_00039,2022,1,Appartement,51,5,Confort,500,225.79,45.16,2023-11-28,2024-11-27,,
MRH_2022_00039,2022,2,Appartement,51,5,Confort,500,232.56,46.51,2024-11-28,2025-11-27,,
MRH_2022_00040,2022,0,Appartement,73,3,Confort,150,230.45,46.09,2022-08-08,2023-08-07,,
MRH_2022_00040,2022,1,Appartement,73,3,Confort,150,237.36,47.47,2023-08-08,2024-08-07,,
MRH_2022_00040,2022,2,Appartement,73,3,Confort,150,244.48,48.9,2024-08-08,2025-08-07,,
MRH_2022_00041,2022,0,Appartement,86,2,Confort,500,200.15,40.03,2022-06-09,2023-06-08,,
MRH_2022_00041,2022,1,Appartement,86,2,Confort,500,206.15,41.23,2023-06-09,2024-06-08,,
MRH_2022_00041,2022,2,Appartement,86,2,Confort,500,212.34,42.47,2024-06-09,2025-06-08,,
MRH_2022_00042,2022,0,Appartement,20,3,Confort,300,130.0,26.0,2022-01-04,2023-01-03,,
MRH_2022_00042,2022,1,Appartement,20,3,Confort,300,133.9,26.78,2023-01-04,2024-01-03,,
MRH_2022_00042,2022,2,Appartement,20,3,Confort,300,137.92,27.58,2024-01-04,2025-01-03,,
MRH_2022_00043,2022,0,Appartement,71,3,Essentielle,300,175.53,35.11,2022-07-20,2023-07-19,,
MRH_2022_00043,2022,1,Appartement,71,3,Essentielle,300,180.8,36.16,2023-07-20,2024-07-19,,
MRH_2022_00043,2022,2,Appartement,71,3,Essentielle,300,186.22,37.24,2024-07-20,2025-07-19,,
MRH_2022_00044,2022,0,Maison,118,2,Essentielle,500,235.5,47.1,2022-01-17,2023-01-16,,
MRH_2022_00044,2022,1,Maison,118,2,Essentielle,500,242.56,48.51,2023-01-17,2024-01-16,,
MRH_2022_00044,2022,2,Maison,118,2,Essentielle,500,249.84,49.97,2024-01-17,2025-01-16,,
MRH_2022_00045,2022,0,Maison,116,2,Essentielle,300,253.56,50.71,2022-10-11,2023-10-10,,
MRH_2022_00045,2022,1,Maison,116,2,Essentielle,300,261.17,52.23,2023-10-11,2024-10-10,,
MRH_2022_00045,2022,2,Maison,116,2,Essentielle,300,269.0,53.8,2024-10-11,2025-10-10,,
MRH_2022_00046,2022,0,Maison,60,3,Confort,300,230.0,46.0,2022-07-23,2023-07-22,,
MRH_2022_00046,2022,1,Maison,60,3,Confort,300,236.9,47.38,2023-07-23,2024-07-22,,
MRH_2022_00046,2022,2,Maison,60,3,Confort,300,244.01,48.8,2024-07-23,2025-07-22,,
MRH_2022_00047,2022,0,Appartement,99,5,Confort,300,335.48,67.1,2022-07-18,2023-07-17,,
MRH_2022_00047,2022,1,Appartement,99,5,Confort,300,345.54,69.11,2023-07-18,2024-07-17,,
MRH_2022_00047,2022,2,Appartement,99,5,Confort,300,355.91,71.18,2024-07-18,2025-07-17,,
MRH_2022_00048,2022,0,Appartement,51,4,Confort,300,202.97,40.59,2022-08-15,2023-08-14,,
MRH_2022_00048,2022,1,Appartement,51,4,Confort,300,209.06,41.81,2023-08-15,2024-08-14,,
MRH_2022_00048,2022,2,Appartement,51,4,Confort,300,215.33,43.07,2024-08-15,2025-08-14,,
MRH_2022_00049,2022,0,Appartement,101,2,Essentielle,300,203.09,40.62,2022-02-27,2023-02-26,,
MRH_2022_00049,2022,1,Appartement,101,2,Essentielle,300,209.18,41.84,2023-02-27,2024-02-26,,
MRH_2022_00049,2022,2,Appartement,101,2,Essentielle,300,215.46,43.09,2024-02-27,2025-02-26,,
MRH_2022_00050,2022,0,Appartement,39,4,Essentielle,150,170.43,34.09,2022-04-16,2023-04-15,,
MRH_2022_00050,2022,1,Appartement,39,4,Essentielle,150,175.54,35.11,2023-04-16,2024-04-15,,
MRH_2022_00050,2022,2,Appartement,39,4,Essentielle,150,180.81,36.16,2024-04-16,2025-04-15,,
MRH_2022_00051,2022,0,Appartement,89,3,Confort,500,214.82,42.96,2022-04-05,2023-04-04,,
MRH_2022_00051,2022,1,Appartement,89,3,Confort,500,221.26,44.25,2023-04-05,2024-04-04,,
MRH_2022_00051,2022,2,Appartement,89,3,Confort,500,38.71,7.74,2024-04-05,2024-06-05,2024-06-05,Insatisfaction service
MRH_2022_00052,2022,0,Appartement,43,4,Confort,500,174.04,34.81,2022-01-18,2023-01-17,,
MRH_2022_00052,2022,1,Appartement,43,4,Confort,500,179.26,35.85,2023-01-18,2024-01-17,,
MRH_2022_00052,2022,2,Appartement,43,4,Confort,500,184.64,36.93,2024-01-18,2025-01-17,,
MRH_2022_00053,2022,0,Appartement,76,5,Confort,500,265.79,53.16,2022-10-27,2023-10-26,,
MRH_2022_00053,2022,1,Appartement,76,5,Confort,500,273.76,54.75,2023-10-27,2024-10-26,,
MRH_2022_00053,2022,2,Appartement,76,5,Confort,500,281.98,56.4,2024-10-27,2025-10-26,,
MRH_2022_00054,2022,0,Maison,63,3,Premium,500,280.46,56.09,2022-08-09,2023-08-08,,
MRH_2022_00054,2022,1,Maison,63,3,Premium,500,288.87,57.77,2023-08-09,2024-08-08,,
MRH_2022_00054,2022,2,Maison,63,3,Premium,500,297.54,59.51,2024-08-09,2025-08-08,,
MRH_2022_00055,2022,0,Appartement,69,2,Confort,300,193.32,38.66,2022-04-09,2023-04-08,,
MRH_2022_00055,2022,1,Appartement,69,2,Confort,300,199.12,39.82,2023-04-09,2024-04-08,,
MRH_2022_00055,2022,2,Appartement,69,2,Confort,300,205.09,41.02,2024-04-09,2025-04-08,,
MRH_2022_00056,2022,0,Appartement,36,2,Confort,300,146.3,29.26,2022-12-07,2023-12-06,,
MRH_2022_00056,2022,1,Appartement,36,2,Confort,300,88.35,17.67,2023-12-07,2024-07-07,2024-07-07,Concurrent moins cher
MRH_2022_00057,2022,0,Appartement,50,3,Premium,150,250.25,50.05,2022-10-13,2023-10-12,,
MRH_2022_00057,2022,1,Appartement,50,3,Premium,150,257.76,51.55,2023-10-13,2024-10-12,,
MRH_2022_00057,2022,2,Appartement,50,3,Premium,150,265.49,53.1,2024-10-13,2025-10-12,,
MRH_2022_00058,2022,0,Appartement,73,2,Premium,500,238.03,47.61,2022-09-24,2023-09-23,,
MRH_2022_00058,2022,1,Appartement,73,2,Premium,500,245.17,49.03,2023-09-24,2024-09-23,,
MRH_2022_00058,2022,2,Appartement,73,2,Premium,500,252.53,50.51,2024-09-24,2025-09-23,,
MRH_2022_00059,2022,0,Maison,88,3,Confort,500,250.24,50.05,2022-12-06,2023-12-05,,
MRH_2022_00059,2022,1,Maison,88,3,Confort,500,257.75,51.55,2023-12-06,2024-12-05,,
MRH_2022_00059,2022,2,Maison,88,3,Confort,500,265.48,53.1,2024-12-06,2025-12-05,,
MRH_2022_00060,2022,0,Maison,122,3,Premium,150,461.89,92.38,2022-02-21,2023-02-20,,
MRH_2022_00060,2022,1,Maison,122,3,Premium,150,475.75,95.15,2023-02-21,2024-02-20,,
MRH_2022_00060,2022,2,Maison,122,3,Premium,150,490.02,98.0,2024-02-21,2025-02-20,,
MRH_2022_00061,2022,0,Appartement,63,3,Essentielle,500,152.1,30.42,2022-05-25,2023-05-24,,
MRH_2022_00061,2022,1,Appartement,63,3,Essentielle,500,156.66,31.33,2023-05-25,2024-05-24,,
MRH_2022_00061,2022,2,Appartement,63,3,Essentielle,500,161.36,32.27,2024-05-25,2025-05-24,,
MRH_2022_00062,2022,0,Maison,155,3,Confort,150,409.75,81.95,2022-06-08,2023-06-07,,
MRH_2022_00062,2022,1,Maison,155,3,Confort,150,422.04,84.41,2023-06-08,2024-06-07,,
MRH_2022_00062,2022,2,Maison,155,3,Confort,150,434.7,86.94,2024-06-08,2025-06-07,,
MRH_2022_00063,2022,0,Maison,122,2,Essentielle,300,260.82,52.16,2022-04-05,2023-04-04,,
MRH_2022_00063,2022,1,Maison,122,2,Essentielle,300,268.64,53.73,2023-04-05,2024-04-04,,
MRH_2022_00063,2022,2,Maison,122,2,Essentielle,300,276.7,55.34,2024-04-05,2025-04-04,,
MRH_2022_00064,2022,0,Maison,50,3,Essentielle,300,182.75,36.55,2022-03-20,2023-03-19,,
MRH_2022_00064,2022,1,Maison,50,3,Essentielle,300,188.23,37.65,2023-03-20,2024-03-19,,
MRH_2022_00064,2022,2,Maison,50,3,Essentielle,300,193.88,38.78,2024-03-20,2025-03-19,,
MRH_2022_00065,2022,0,Appartement,92,1,Essentielle,300,171.95,34.39,2022-10-22,2023-10-21,,
MRH_2022_00065,2022,1,Appartement,92,1,Essentielle,300,177.11,35.42,2023-10-22,2024-10-21,,
MRH_2022_00065,2022,2,Appartement,92,1,Essentielle,300,182.42,36.48,2024-10-22,2025-10-21,,
MRH_2022_00066,2022,0,Maison,50,2,Confort,300,204.25,40.85,2022-02-23,2023-02-22,,
MRH_2022_00066,2022,1,Maison,50,2,Confort,300,210.38,42.08,2023-02-23,2024-02-22,,
MRH_2022_00066,2022,2,Maison,50,2,Confort,300,216.69,43.34,2024-02-23,2025-02-22,,
MRH_2022_00067,2022,0,Maison,203,4,Essentielle,500,399.74,79.95,2022-11-12,2023-11-11,,
MRH_2022_00067,2022,1,Maison,203,4,Essentielle,500,379.02,75.8,2023-11-12,2024-10-12,2024-10-12,Concurrent moins cher
MRH_2022_00068,2022,0,Appartement,114,3,Confort,500,249.32,49.86,2022-06-21,2023-06-20,,
MRH_2022_00068,2022,1,Appartement,114,3,Confort,500,256.8,51.36,2023-06-21,2024-06-20,,
MRH_2022_00068,2022,2,Appartement,114,3,Confort,500,264.5,52.9,2024-06-21,2025-06-20,,
MRH_2022_00069,2022,0,Appartement,78,3,Confort,500,199.64,39.93,2022-08-14,2023-08-13,,
MRH_2022_00069,2022,1,Appartement,78,3,Confort,500,205.63,41.13,2023-08-14,2024-08-13,,
MRH_2022_00069,2022,2,Appartement,78,3,Confort,500,211.8,42.36,2024-08-14,2025-08-13,,
MRH_2022_00070,2022,0,Appartement,92,2,Premium,300,293.93,58.79,2022-08-08,2023-08-07,,
MRH_2022_00070,2022,1,Appartement,92,2,Premium,300,302.75,60.55,2023-08-08,2024-08-07,,
MRH_2022_00070,2022,2,Appartement,92,2,Premium,300,311.83,62.37,2024-08-08,2025-08-07,,
MRH_2022_00071,2022,0,Maison,95,2,Confort,300,268.38,53.68,2022-05-11,2023-05-10,,
MRH_2022_00071,2022,1,Maison,95,2,Confort,300,276.43,55.29,2023-05-11,2024-05-10,,
MRH_2022_00071,2022,2,Maison,95,2,Confort,300,284.72,56.94,2024-05-11,2025-05-10,,
MRH_2022_00072,2022,0,Maison,159,3,Confort,300,378.5,75.7,2022-02-08,2023-02-07,,
MRH_2022_00072,2022,1,Maison,159,3,Confort,300,389.86,77.97,2023-02-08,2024-02-07,,
MRH_2022_00072,2022,2,Maison,159,3,Confort,300,401.55,80.31,2024-02-08,2025-02-07,,
MRH_2022_00073,2022,0,Maison,98,3,Confort,150,315.7,63.14,2022-05-08,2023-05-07,,
MRH_2022_00073,2022,1,Maison,98,3,Confort,150,325.17,65.03,2023-05-08,2024-05-07,,
MRH_2022_00073,2022,2,Maison,98,3,Confort,150,334.93,66.99,2024-05-08,2025-05-07,,
MRH_2022_00074,2022,0,Maison,66,2,Confort,300,227.05,45.41,2022-07-24,2023-07-23,,
MRH_2022_00074,2022,1,Maison,66,2,Confort,300,233.86,46.77,2023-07-24,2024-07-23,,
MRH_2022_00074,2022,2,Maison,66,2,Confort,300,240.88,48.18,2024-07-24,2025-07-23,,
MRH_2022_00075,2022,0,Appartement,58,3,Essentielle,300,158.95,31.79,2022-04-07,2023-04-06,,
MRH_2022_00075,2022,1,Appartement,58,3,Essentielle,300,163.72,32.74,2023-04-07,2024-04-06,,
MRH_2022_00075,2022,2,Appartement,58,3,Essentielle,300,168.63,33.73,2024-04-07,2025-04-06,,
MRH_2022_00076,2022,0,Appartement,81,4,Confort,150,280.2,56.04,2022-04-10,2023-04-09,,
MRH_2022_00076,2022,1,Appartement,81,4,Confort,150,288.61,57.72,2023-04-10,2024-04-09,,
MRH_2022_00076,2022,2,Appartement,81,4,Confort,150,297.26,59.45,2024-04-10,2025-04-09,,
MRH_2022_00077,2022,0,Appartement,45,5,Confort,300,226.13,45.23,2022-11-28,2023-11-27,,
MRH_2022_00077,2022,1,Appartement,45,5,Confort,300,232.91,46.58,2023-11-28,2024-11-27,,
MRH_2022_00077,2022,2,Appartement,45,5,Confort,300,239.9,47.98,2024-11-28,2025-11-27,,
MRH_2022_00078,2022,0,Appartement,60,2,Confort,300,180.5,36.1,2022-03-02,2023-03-01,,
MRH_2022_00078,2022,1,Appartement,60,2,Confort,300,185.91,37.18,2023-03-02,2024-03-01,,
MRH_2022_00078,2022,2,Appartement,60,2,Confort,300,191.49,38.3,2024-03-02,2025-03-01,,
MRH_2022_00079,2022,0,Appartement,91,3,Confort,300,236.5,47.3,2022-03-26,2023-03-25,,
MRH_2022_00079,2022,1,Appartement,91,3,Confort,300,243.59,48.72,2023-03-26,2024-03-25,,
MRH_2022_00079,2022,2,Appartement,91,3,Confort,300,250.9,50.18,2024-03-26,2025-03-25,,
MRH_2022_00080,2022,0,Maison,138,1,Confort,300,294.95,58.99,2022-09-13,2023-09-12,,
MRH_2022_00080,2022,1,Maison,138,1,Confort,300,303.8,60.76,2023-09-13,2024-09-12,,
MRH_2022_00080,2022,2,Maison,138,1,Confort,300,312.91,62.58,2024-09-13,2025-09-12,,
MRH_2022_00081,2022,0,Maison,154,3,Confort,150,408.1,81.62,2022-04-21,2023-04-20,,
MRH_2022_00081,2022,1,Maison,154,3,Confort,150,420.34,84.07,2023-04-21,2024-04-20,,
MRH_2022_00081,2022,2,Maison,154,3,Confort,150,432.95,86.59,2024-04-21,2025-04-20,,
MRH_2022_00082,2022,0,Appartement,63,2,Essentielle,150,172.76,34.55,2022-07-15,2023-07-14,,
MRH_2022_00082,2022,1,Appartement,63,2,Essentielle,150,177.94,35.59,2023-07-15,2024-07-14,,
MRH_2022_00082,2022,2,Appartement,63,2,Essentielle,150,183.28,36.66,2024-07-15,2025-07-14,,
MRH_2022_00083,2022,0,Appartement,60,4,Essentielle,300,185.72,37.14,2022-05-26,2023-05-25,,
MRH_2022_00083,2022,1,Appartement,60,4,Essentielle,300,191.29,38.26,2023-05-26,2024-05-25,,
MRH_2022_00083,2022,2,Appartement,60,4,Essentielle,300,197.03,39.41,2024-05-26,2025-05-25,,
MRH_2022_00084,2022,0,Maison,151,2,Essentielle,300,295.95,59.19,2022-11-05,2023-11-04,,
MRH_2022_00084,2022,1,Maison,151,2,Essentielle,300,304.83,60.97,2023-11-05,2024-11-04,,
MRH_2022_00084,2022,2,Maison,151,2,Essentielle,300,313.97,62.79,2024-11-05,2025-11-04,,
MRH_2022_00085,2022,0,Appartement,75,3,Confort,300,212.5,42.5,2022-08-04,2023-08-03,,
MRH_2022_00085,2022,1,Appartement,75,3,Confort,300,218.88,43.78,2023-08-04,2024-08-03,,
MRH_2022_00085,2022,2,Appartement,75,3,Confort,300,225.44,45.09,2024-08-04,2025-08-03,,
MRH_2022_00086,2022,0,Appartement,83,2,Confort,500,196.21,39.24,2022-02-20,2023-02-19,,
MRH_2022_00086,2022,1,Appartement,83,2,Confort,500,117.94,23.59,2023-02-20,2023-09-20,2023-09-20,Concurrent moins cher
MRH_2022_00087,2022,0,Maison,148,3,Premium,150,517.66,103.53,2022-11-27,2023-11-26,,
MRH_2022_00087,2022,1,Maison,148,3,Premium,150,533.19,106.64,2023-11-27,2024-11-26,,
MRH_2022_00087,2022,2,Maison,148,3,Premium,150,139.93,27.99,2024-11-27,2025-02-27,2025-02-27,Insatisfaction service
MRH_2022_00088,2022,0,Appartement,67,3,Essentielle,500,156.79,31.36,2022-11-27,2023-11-26,,
MRH_2022_00088,2022,1,Appartement,67,3,Essentielle,500,161.49,32.3,2023-11-27,2024-11-26,,
MRH_2022_00088,2022,2,Appartement,67,3,Essentielle,500,166.34,33.27,2024-11-27,2025-11-26,,
MRH_2022_00089,2022,0,Appartement,46,4,Essentielle,500,151.98,30.4,2022-05-22,2023-05-21,,
MRH_2022_00089,2022,1,Appartement,46,4,Essentielle,500,156.54,31.31,2023-05-22,2024-05-21,,
MRH_2022_00089,2022,2,Appartement,46,4,Essentielle,500,161.24,32.25,2024-05-22,2025-05-21,,
MRH_2022_00090,2022,0,Appartement,97,3,Essentielle,300,208.67,41.73,2022-02-25,2023-02-24,,
MRH_2022_00090,2022,1,Appartement,97,3,Essentielle,300,214.93,42.99,2023-02-25,2024-02-24,,
MRH_2022_00090,2022,2,Appartement,97,3,Essentielle,300,221.38,44.28,2024-02-25,2025-02-24,,
MRH_2022_00091,2022,0,Maison,92,3,Essentielle,300,236.3,47.26,2022-10-25,2023-10-24,,
MRH_2022_00091,2022,1,Maison,92,3,Essentielle,300,243.39,48.68,2023-10-25,2024-10-24,,
MRH_2022_00091,2022,2,Maison,92,3,Essentielle,300,250.69,50.14,2024-10-25,2025-10-24,,
MRH_2022_00092,2022,0,Appartement,38,2,Essentielle,300,126.78,25.36,2022-08-23,2023-08-22,,
MRH_2022_00092,2022,1,Appartement,38,2,Essentielle,300,130.58,26.12,2023-08-23,2024-08-22,,
MRH_2022_00092,2022,2,Appartement,38,2,Essentielle,300,123.45,24.69,2024-08-23,2025-07-23,2025-07-23,Vente du bien
MRH_2022_00093,2022,0,Maison,111,1,Confort,300,260.52,52.1,2022-02-15,2023-02-14,,
MRH_2022_00093,2022,1,Maison,111,1,Confort,300,268.34,53.67,2023-02-15,2024-02-14,,
MRH_2022_00093,2022,2,Maison,111,1,Confort,300,276.39,55.28,2024-02-15,2025-02-14,,
MRH_2022_00094,2022,0,Appartement,44,5,Essentielle,300,190.49,38.1,2022-07-27,2023-07-26,,
MRH_2022_00094,2022,1,Appartement,44,5,Essentielle,300,196.2,39.24,2023-07-27,2024-07-26,,
MRH_2022_00094,2022,2,Appartement,44,5,Essentielle,300,202.09,40.42,2024-07-27,2025-07-26,,
MRH_2022_00095,2022,0,Appartement,74,3,Confort,300,211.0,42.2,2022-02-09,2023-02-08,,
MRH_2022_00095,2022,1,Appartement,74,3,Confort,300,217.33,43.47,2023-02-09,2024-02-08,,
MRH_2022_00095,2022,2,Appartement,74,3,Confort,300,223.85,44.77,2024-02-09,2025-02-08,,
MRH_2022_00096,2022,0,Appartement,77,4,Essentielle,150,231.72,46.34,2022-05-24,2023-05-23,,
MRH_2022_00096,2022,1,Appartement,77,4,Essentielle,150,238.67,47.73,2023-05-24,2024-05-23,,
MRH_2022_00096,2022,2,Appartement,77,4,Essentielle,150,245.83,49.17,2024-05-24,2025-05-23,,
MRH_2022_00097,2022,0,Maison,97,3,Essentielle,500,223.26,44.65,2022-08-11,2023-08-10,,
MRH_2022_00097,2022,1,Maison,97,3,Essentielle,500,229.96,45.99,2023-08-11,2024-08-10,,
MRH_2022_00097,2022,2,Maison,97,3,Essentielle,500,236.86,47.37,2024-08-11,2025-08-10,,
MRH_2022_00098,2022,0,Appartement,65,2,Premium,500,224.4,44.88,2022-01-11,2023-01-10,,
MRH_2022_00098,2022,1,Appartement,65,2,Premium,500,231.13,46.23,2023-01-11,2024-01-10,,
MRH_2022_00098,2022,2,Appartement,65,2,Premium,500,238.07,47.61,2024-01-11,2025-01-10,,
MRH_2022_00099,2022,0,Maison,75,4,Premium,500,347.29,69.46,2022-01-05,2023-01-04,,
MRH_2022_00099,2022,1,Maison,75,4,Premium,500,357.71,71.54,2023-01-05,2024-01-04,,
MRH_2022_00099,2022,2,Maison,75,4,Premium,500,368.44,73.69,2024-01-05,2025-01-04,,
MRH_2022_00100,2022,0,Maison,158,4,Confort,500,398.87,79.77,2022-01-24,2023-01-23,,
MRH_2022_00100,2022,1,Maison,158,4,Confort,500,377.07,75.41,2023-01-24,2023-12-24,2023-12-24,Prix trop élevé
MRH_2022_00101,2022,0,Appartement,68,3,Confort,150,222.2,44.44,2022-06-28,2023-06-27,,
MRH_2022_00101,2022,1,Appartement,68,3,Confort,150,228.87,45.77,2023-06-28,2024-06-27,,
MRH_2022_00101,2022,2,Appartement,68,3,Confort,150,235.73,47.15,2024-06-28,2025-06-27,,
MRH_2022_00102,2022,0,Maison,89,3,Premium,500,327.11,65.42,2022-09-02,2023-09-01,,
MRH_2022_00102,2022,1,Maison,89,3,Premium,500,336.92,67.38,2023-09-02,2024-09-01,,
MRH_2022_00102,2022,2,Maison,89,3,Premium,500,347.03,69.41,2024-09-02,2025-09-01,,
MRH_2022_00103,2022,0,Maison,113,1,Premium,150,376.2,75.24,2022-08-06,2023-08-05,,
MRH_2022_00103,2022,1,Maison,113,1,Premium,150,387.49,77.5,2023-08-06,2024-08-05,,
MRH_2022_00103,2022,2,Maison,113,1,Premium,150,399.11,79.82,2024-08-06,2025-08-05,,
MRH_2022_00104,2022,0,Appartement,82,4,Essentielle,300,217.98,43.6,2022-07-05,2023-07-04,,
MRH_2022_00104,2022,1,Appartement,82,4,Essentielle,300,224.52,44.9,2023-07-05,2024-07-04,,
MRH_2022_00104,2022,2,Appartement,82,4,Essentielle,300,231.25,46.25,2024-07-05,2025-07-04,,
MRH_2022_00105,2022,0,Maison,130,3,Confort,300,335.0,67.0,2022-08-19,2023-08-18,,
MRH_2022_00105,2022,1,Maison,130,3,Confort,300,345.05,69.01,2023-08-19,2024-08-18,,
MRH_2022_00105,2022,2,Maison,130,3,Confort,300,355.4,71.08,2024-08-19,2025-08-18,,
MRH_2022_00106,2022,0,Appartement,79,2,Essentielle,500,162.32,32.46,2022-05-22,2023-05-21,,
MRH_2022_00106,2022,1,Appartement,79,2,Essentielle,500,167.19,33.44,2023-05-22,2024-05-21,,
MRH_2022_00106,2022,2,Appartement,79,2,Essentielle,500,172.21,34.44,2024-05-22,2025-05-21,,
MRH_2022_00107,2022,0,Maison,153,5,Confort,500,458.92,91.78,2022-05-07,2023-05-06,,
MRH_2022_00107,2022,1,Maison,153,5,Confort,500,472.69,94.54,2023-05-07,2024-05-06,,
MRH_2022_00107,2022,2,Maison,153,5,Confort,500,486.87,97.37,2024-05-07,2025-05-06,,
MRH_2022_00108,2022,0,Appartement,63,2,Confort,300,184.77,36.95,2022-12-10,2023-12-09,,
MRH_2022_00108,2022,1,Appartement,63,2,Confort,300,175.72,35.14,2023-12-10,2024-11-10,2024-11-10,Insatisfaction service
MRH_2022_00109,2022,0,Appartement,30,3,Essentielle,500,113.39,22.68,2022-05-25,2023-05-24,,
MRH_2022_00109,2022,1,Appartement,30,3,Essentielle,500,116.79,23.36,2023-05-25,2024-05-24,,
MRH_2022_00109,2022,2,Appartement,30,3,Essentielle,500,120.3,24.06,2024-05-25,2025-05-24,,
MRH_2022_00110,2022,0,Appartement,49,3,Confort,300,173.5,34.7,2022-11-04,2023-11-03,,
MRH_2022_00110,2022,1,Appartement,49,3,Confort,300,178.71,35.74,2023-11-04,2024-11-03,,
MRH_2022_00110,2022,2,Appartement,49,3,Confort,300,184.07,36.81,2024-11-04,2025-11-03,,
MRH_2022_00111,2022,0,Appartement,34,3,Essentielle,300,128.35,25.67,2022-06-24,2023-06-23,,
MRH_2022_00111,2022,1,Appartement,34,3,Essentielle,300,132.2,26.44,2023-06-24,2024-06-23,,
MRH_2022_00111,2022,2,Appartement,34,3,Essentielle,300,136.17,27.23,2024-06-24,2025-06-23,,
MRH_2022_00112,2022,0,Maison,139,4,Confort,300,400.77,80.15,2022-03-09,2023-03-08,,
MRH_2022_00112,2022,1,Maison,139,4,Confort,300,412.79,82.56,2023-03-09,2024-03-08,,
MRH_2022_00112,2022,2,Maison,139,4,Confort,300,425.18,85.04,2024-03-09,2025-03-08,,
MRH_2022_00113,2022,0,Maison,97,4,Confort,150,361.16,72.23,2022-03-25,2023-03-24,,
MRH_2022_00113,2022,1,Maison,97,4,Confort,150,371.99,74.4,2023-03-25,2024-03-24,,
MRH_2022_00113,2022,2,Maison,97,4,Confort,150,383.15,76.63,2024-03-25,2025-03-24,,
MRH_2022_00114,2022,0,Maison,197,5,Premium,300,764.3,152.86,2022-02-26,2023-02-25,,
MRH_2022_00114,2022,1,Maison,197,5,Premium,300,787.23,157.45,2023-02-26,2024-02-25,,
MRH_2022_00114,2022,2,Maison,197,5,Premium,300,810.85,162.17,2024-02-26,2025-02-25,,
MRH_2022_00115,2022,0,Appartement,36,2,Confort,300,146.3,29.26,2022-02-22,2023-02-21,,
MRH_2022_00115,2022,1,Appartement,36,2,Confort,300,150.69,30.14,2023-02-22,2024-02-21,,
MRH_2022_00115,2022,2,Appartement,36,2,Confort,300,116.94,23.39,2024-02-22,2024-11-22,2024-11-22,Concurrent moins cher
MRH_2022_00116,2022,0,Maison,168,2,Essentielle,500,291.22,58.24,2022-12-10,2023-12-09,,
MRH_2022_00116,2022,1,Maison,168,2,Essentielle,500,299.96,59.99,2023-12-10,2024-12-09,,
MRH_2022_00116,2022,2,Maison,168,2,Essentielle,500,308.96,61.79,2024-12-10,2025-12-09,,
MRH_2022_00117,2022,0,Appartement,145,1,Essentielle,300,229.39,45.88,2022-07-15,2023-07-14,,
MRH_2022_00117,2022,1,Appartement,145,1,Essentielle,300,236.27,47.25,2023-07-15,2024-07-14,,
MRH_2022_00117,2022,2,Appartement,145,1,Essentielle,300,243.36,48.67,2024-07-15,2025-07-14,,
MRH_2022_00118,2022,0,Maison,150,3,Confort,300,365.0,73.0,2022-07-21,2023-07-20,,
MRH_2022_00118,2022,1,Maison,150,3,Confort,300,252.35,50.47,2023-07-21,2024-03-21,2024-03-21,Vente du bien
MRH_2022_00119,2022,0,Appartement,71,2,Confort,300,196.17,39.23,2022-06-04,2023-06-03,,
MRH_2022_00119,2022,1,Appartement,71,2,Confort,300,202.06,40.41,2023-06-04,2024-06-03,,
MRH_2022_00119,2022,2,Appartement,71,2,Confort,300,208.12,41.62,2024-06-04,2025-06-03,,
MRH_2022_00120,2022,0,Maison,116,3,Essentielle,300,266.9,53.38,2022-04-04,2023-04-03,,
MRH_2022_00120,2022,1,Maison,116,3,Essentielle,300,274.91,54.98,2023-04-04,2024-04-03,,
MRH_2022_00120,2022,2,Maison,116,3,Essentielle,300,283.15,56.63,2024-04-04,2025-04-03,,
MRH_2022_00121,2022,0,Appartement,73,5,Essentielle,300,240.4,48.08,2022-04-05,2023-04-04,,
MRH_2022_00121,2022,1,Appartement,73,5,Essentielle,300,247.61,49.52,2023-04-05,2024-04-04,,
MRH_2022_00121,2022,2,Appartement,73,5,Essentielle,300,255.04,51.01,2024-04-05,2025-04-04,,
MRH_2022_00122,2022,0,Maison,175,3,Confort,300,402.5,80.5,2022-06-25,2023-06-24,,
MRH_2022_00122,2022,1,Maison,175,3,Confort,300,414.57,82.91,2023-06-25,2024-06-24,,
MRH_2022_00122,2022,2,Maison,175,3,Confort,300,427.01,85.4,2024-06-25,2025-06-24,,
MRH_2022_00123,2022,0,Appartement,73,1,Essentielle,300,151.36,30.27,2022-02-22,2023-02-21,,
MRH_2022_00123,2022,1,Appartement,73,1,Essentielle,300,155.9,31.18,2023-02-22,2024-02-21,,
MRH_2022_00123,2022,2,Appartement,73,1,Essentielle,300,160.58,32.12,2024-02-22,2025-02-21,,
MRH_2022_00124,2022,0,Appartement,54,4,Confort,150,228.97,45.79,2022-03-09,2023-03-08,,
MRH_2022_00124,2022,1,Appartement,54,4,Confort,150,138.92,27.78,2023-03-09,2023-10-09,2023-10-09,Vente du bien
MRH_2022_00125,2022,0,Appartement,90,2,Confort,500,205.39,41.08,2022-09-08,2023-09-07,,
MRH_2022_00125,2022,1,Appartement,90,2,Confort,500,211.55,42.31,2023-09-08,2024-09-07,,
MRH_2022_00125,2022,2,Appartement,90,2,Confort,500,199.99,40.0,2024-09-08,2025-08-08,2025-08-08,Vente du bien
MRH_2022_00126,2022,0,Appartement,75,3,Essentielle,500,166.18,33.24,2022-07-14,2023-07-13,,
MRH_2022_00126,2022,1,Appartement,75,3,Essentielle,500,171.17,34.23,2023-07-14,2024-07-13,,
MRH_2022_00126,2022,2,Appartement,75,3,Essentielle,500,176.3,35.26,2024-07-14,2025-07-13,,
MRH_2022_00127,2022,0,Maison,134,3,Essentielle,300,289.85,57.97,2022-10-21,2023-10-20,,
MRH_2022_00127,2022,1,Maison,134,3,Essentielle,300,298.55,59.71,2023-10-21,2024-10-20,,
MRH_2022_00127,2022,2,Maison,134,3,Essentielle,300,307.5,61.5,2024-10-21,2025-10-20,,
MRH_2022_00128,2022,0,Appartement,69,3,Essentielle,500,159.14,31.83,2022-02-26,2023-02-25,,
MRH_2022_00128,2022,1,Appartement,69,3,Essentielle,500,163.91,32.78,2023-02-26,2024-02-25,,
MRH_2022_00128,2022,2,Appartement,69,3,Essentielle,500,168.83,33.77,2024-02-26,2025-02-25,,
MRH_2022_00129,2022,0,Maison,127,2,Confort,300,313.97,62.79,2022-07-11,2023-07-10,,
MRH_2022_00129,2022,1,Maison,127,2,Confort,300,323.39,64.68,2023-07-11,2024-07-10,,
MRH_2022_00129,2022,2,Maison,127,2,Confort,300,333.09,66.62,2024-07-11,2025-07-10,,
MRH_2022_00130,2022,0,Maison,56,2,Essentielle,300,180.88,36.18,2022-06-05,2023-06-04,,
MRH_2022_00130,2022,1,Maison,56,2,Essentielle,300,186.31,37.26,2023-06-05,2024-06-04,,
MRH_2022_00130,2022,2,Maison,56,2,Essentielle,300,191.9,38.38,2024-06-05,2025-06-04,,
MRH_2022_00131,2022,0,Appartement,87,3,Confort,300,230.5,46.1,2022-09-02,2023-09-01,,
MRH_2022_00131,2022,1,Appartement,87,3,Confort,300,237.41,47.48,2023-09-02,2024-09-01,,
MRH_2022_00131,2022,2,Appartement,87,3,Confort,300,244.54,48.91,2024-09-02,2025-09-01,,
MRH_2022_00132,2022,0,Appartement,78,1,Confort,500,169.69,33.94,2022-12-02,2023-12-01,,
MRH_2022_00132,2022,1,Appartement,78,1,Confort,500,174.78,34.96,2023-12-02,2024-12-01,,
MRH_2022_00132,2022,2,Appartement,78,1,Confort,500,180.02,36.0,2024-12-02,2025-12-01,,
MRH_2022_00133,2022,0,Appartement,49,3,Essentielle,150,162.22,32.44,2022-06-28,2023-06-27,,
MRH_2022_00133,2022,1,Appartement,49,3,Essentielle,150,167.09,33.42,2023-06-28,2024-06-27,,
MRH_2022_00133,2022,2,Appartement,49,3,Essentielle,150,172.1,34.42,2024-06-28,2025-06-27,,
MRH_2022_00134,2022,0,Appartement,56,2,Confort,150,192.28,38.46,2022-10-22,2023-10-21,,
MRH_2022_00134,2022,1,Appartement,56,2,Confort,150,198.05,39.61,2023-10-22,2024-10-21,,
MRH_2022_00134,2022,2,Appartement,56,2,Confort,150,203.99,40.8,2024-10-22,2025-10-21,,
MRH_2022_00135,2022,0,Appartement,58,2,Essentielle,300,151.0,30.2,2022-10-22,2023-10-21,,
MRH_2022_00135,2022,1,Appartement,58,2,Essentielle,300,155.53,31.11,2023-10-22,2024-10-21,,
MRH_2022_00135,2022,2,Appartement,58,2,Essentielle,300,160.2,32.04,2024-10-22,2025-10-21,,
MRH_2022_00136,2022,0,Maison,87,1,Confort,300,229.92,45.98,2022-07-14,2023-07-13,,
MRH_2022_00136,2022,1,Maison,87,1,Confort,300,236.82,47.36,2023-07-14,2024-07-13,,
MRH_2022_00136,2022,2,Maison,87,1,Confort,300,243.92,48.78,2024-07-14,2025-07-13,,
MRH_2022_00137,2022,0,Appartement,38,3,Premium,300,204.1,40.82,2022-03-25,2023-03-24,,
MRH_2022_00137,2022,1,Appartement,38,3,Premium,300,210.22,42.04,2023-03-25,2024-03-24,,
MRH_2022_00137,2022,2,Appartement,38,3,Premium,300,216.53,43.31,2024-03-25,2025-03-24,,
MRH_2022_00138,2022,0,Appartement,118,3,Confort,500,254.84,50.97,2022-07-09,2023-07-08,,
MRH_2022_00138,2022,1,Appartement,118,3,Confort,500,262.49,52.5,2023-07-09,2024-07-08,,
MRH_2022_00138,2022,2,Appartement,118,3,Confort,500,270.36,54.07,2024-07-09,2025-07-08,,
MRH_2022_00139,2022,0,Appartement,93,3,Confort,300,239.5,47.9,2022-01-08,2023-01-07,,
MRH_2022_00139,2022,1,Appartement,93,3,Confort,300,246.69,49.34,2023-01-08,2024-01-07,,
MRH_2022_00139,2022,2,Appartement,93,3,Confort,300,254.09,50.82,2024-01-08,2025-01-07,,
MRH_2022_00140,2022,0,Appartement,89,2,Essentielle,300,188.55,37.71,2022-05-10,2023-05-09,,
MRH_2022_00140,2022,1,Appartement,89,2,Essentielle,300,194.21,38.84,2023-05-10,2024-05-09,,
MRH_2022_00140,2022,2,Appartement,89,2,Essentielle,300,117.82,23.56,2024-05-10,2024-12-10,2024-12-10,Prix trop élevé
MRH_2022_00141,2022,0,Appartement,47,3,Confort,300,170.5,34.1,2022-02-13,2023-02-12,,
MRH_2022_00141,2022,1,Appartement,47,3,Confort,300,175.62,35.12,2023-02-13,2024-02-12,,
MRH_2022_00141,2022,2,Appartement,47,3,Confort,300,14.86,2.97,2024-02-13,2024-03-13,2024-03-13,Insatisfaction service
MRH_2022_00142,2022,0,Maison,114,4,Confort,500,329.04,65.81,2022-12-21,2023-12-20,,
MRH_2022_00142,2022,1,Maison,114,4,Confort,500,338.91,67.78,2023-12-21,2024-12-20,,
MRH_2022_00142,2022,2,Maison,114,4,Confort,500,349.08,69.82,2024-12-21,2025-12-20,,
MRH_2022_00143,2022,0,Appartement,44,3,Premium,300,215.8,43.16,2022-02-14,2023-02-13,,
MRH_2022_00143,2022,1,Appartement,44,3,Premium,300,222.27,44.45,2023-02-14,2024-02-13,,
MRH_2022_00143,2022,2,Appartement,44,3,Premium,300,228.94,45.79,2024-02-14,2025-02-13,,
MRH_2022_00144,2022,0,Appartement,105,3,Confort,300,257.5,51.5,2022-12-11,2023-12-10,,
MRH_2022_00144,2022,1,Appartement,105,3,Confort,300,265.23,53.05,2023-12-11,2024-12-10,,
MRH_2022_00144,2022,2,Appartement,105,3,Confort,300,273.18,54.64,2024-12-11,2025-12-10,,
MRH_2022_00145,2022,0,Appartement,44,2,Confort,300,157.7,31.54,2022-12-27,2023-12-26,,
MRH_2022_00145,2022,1,Appartement,44,2,Confort,300,162.43,32.49,2023-12-27,2024-12-26,,
MRH_2022_00145,2022,2,Appartement,44,2,Confort,300,167.3,33.46,2024-12-27,2025-12-26,,
MRH_2022_00146,2022,0,Appartement,42,2,Essentielle,300,131.62,26.32,2022-11-03,2023-11-02,,
MRH_2022_00146,2022,1,Appartement,42,2,Essentielle,300,135.57,27.11,2023-11-03,2024-11-02,,
MRH_2022_00146,2022,2,Appartement,42,2,Essentielle,300,139.64,27.93,2024-11-03,2025-11-02,,
MRH_2022_00147,2022,0,Appartement,66,3,Premium,300,258.7,51.74,2022-11-11,2023-11-10,,
MRH_2022_00147,2022,1,Appartement,66,3,Premium,300,266.46,53.29,2023-11-11,2024-11-10,,
MRH_2022_00147,2022,2,Appartement,66,3,Premium,300,182.72,36.54,2024-11-11,2025-07-11,2025-07-11,Concurrent moins cher
MRH_2022_00148,2022,0,Maison,52,3,Confort,150,239.8,47.96,2022-05-15,2023-05-14,,
MRH_2022_00148,2022,1,Maison,52,3,Confort,150,246.99,49.4,2023-05-15,2024-05-14,,
MRH_2022_00148,2022,2,Maison,52,3,Confort,150,107.34,21.47,2024-05-15,2024-10-15,2024-10-15,Déménagement
MRH_2022_00149,2022,0,Maison,137,3,Confort,150,380.05,76.01,2022-08-26,2023-08-25,,
MRH_2022_00149,2022,1,Maison,137,3,Confort,150,391.45,78.29,2023-08-26,2024-08-25,,
MRH_2022_00149,2022,2,Maison,137,3,Confort,150,403.2,80.64,2024-08-26,2025-08-25,,
MRH_2022_00150,2022,0,Maison,117,3,Premium,500,377.34,75.47,2022-02-26,2023-02-25,,
MRH_2022_00150,2022,1,Maison,117,3,Premium,500,388.66,77.73,2023-02-26,2024-02-25,,
MRH_2022_00150,2022,2,Maison,117,3,Premium,500,400.32,80.06,2024-02-26,2025-02-25,,
MRH_2022_00151,2022,0,Maison,95,2,Confort,500,246.91,49.38,2022-09-17,2023-09-16,,
MRH_2022_00151,2022,1,Maison,95,2,Confort,500,254.32,50.86,2023-09-17,2024-09-16,,
MRH_2022_00151,2022,2,Maison,95,2,Confort,500,261.95,52.39,2024-09-17,2025-09-16,,
MRH_2022_00152,2022,0,Maison,119,2,Confort,150,332.83,66.57,2022-11-21,2023-11-20,,
MRH_2022_00152,2022,1,Maison,119,2,Confort,150,342.81,68.56,2023-11-21,2024-11-20,,
MRH_2022_00152,2022,2,Maison,119,2,Confort,150,353.1,70.62,2024-11-21,2025-11-20,,
MRH_2022_00153,2022,0,Appartement,50,4,Premium,300,261.62,52.32,2022-06-03,2023-06-02,,
MRH_2022_00153,2022,1,Appartement,50,4,Premium,300,269.47,53.89,2023-06-03,2024-06-02,,
MRH_2022_00153,2022,2,Appartement,50,4,Premium,300,277.55,55.51,2024-06-03,2025-06-02,,
MRH_2022_00154,2022,0,Appartement,77,5,Confort,500,267.65,53.53,2022-03-20,2023-03-19,,
MRH_2022_00154,2022,1,Appartement,77,5,Confort,500,275.68,55.14,2023-03-20,2024-03-19,,
MRH_2022_00154,2022,2,Appartement,77,5,Confort,500,214.72,42.94,2024-03-20,2024-12-20,2024-12-20,Insatisfaction service
MRH_2022_00155,2022,0,Maison,110,3,Premium,150,436.15,87.23,2022-11-22,2023-11-21,,
MRH_2022_00155,2022,1,Maison,110,3,Premium,150,449.23,89.85,2023-11-22,2024-11-21,,
MRH_2022_00155,2022,2,Maison,110,3,Premium,150,462.71,92.54,2024-11-22,2025-11-21,,
MRH_2022_00156,2022,0,Appartement,76,2,Essentielle,500,158.98,31.8,2022-04-08,2023-04-07,,
MRH_2022_00156,2022,1,Appartement,76,2,Essentielle,500,163.75,32.75,2023-04-08,2024-04-07,,
MRH_2022_00156,2022,2,Appartement,76,2,Essentielle,500,168.66,33.73,2024-04-08,2025-04-07,,
MRH_2022_00157,2022,0,Appartement,72,3,Confort,150,228.8,45.76,2022-11-11,2023-11-10,,
MRH_2022_00157,2022,1,Appartement,72,3,Confort,150,235.66,47.13,2023-11-11,2024-11-10,,
MRH_2022_00157,2022,2,Appartement,72,3,Confort,150,242.73,48.55,2024-11-11,2025-11-10,,
MRH_2022_00158,2022,0,Appartement,36,2,Essentielle,300,124.35,24.87,2022-12-15,2023-12-14,,
MRH_2022_00158,2022,1,Appartement,36,2,Essentielle,300,64.57,12.91,2023-12-15,2024-06-15,2024-06-15,Prix trop élevé
MRH_2022_00159,2022,0,Maison,68,4,Essentielle,300,236.55,47.31,2022-05-26,2023-05-25,,
MRH_2022_00159,2022,1,Maison,68,4,Essentielle,300,243.65,48.73,2023-05-26,2024-05-25,,
MRH_2022_00159,2022,2,Maison,68,4,Essentielle,300,250.96,50.19,2024-05-26,2025-05-25,,
MRH_2022_00160,2022,0,Appartement,38,3,Confort,500,144.44,28.89,2022-08-25,2023-08-24,,
MRH_2022_00160,2022,1,Appartement,38,3,Confort,500,148.77,29.75,2023-08-25,2024-08-24,,
MRH_2022_00160,2022,2,Appartement,38,3,Confort,500,153.24,30.65,2024-08-25,2025-08-24,,
MRH_2022_00161,2022,0,Appartement,110,4,Essentielle,300,259.04,51.81,2022-01-21,2023-01-20,,
MRH_2022_00161,2022,1,Appartement,110,4,Essentielle,300,266.81,53.36,2023-01-21,2024-01-20,,
MRH_2022_00161,2022,2,Appartement,110,4,Essentielle,300,274.82,54.96,2024-01-21,2025-01-20,,
MRH_2022_00162,2022,0,Maison,104,3,Confort,150,325.6,65.12,2022-05-03,2023-05-02,,
MRH_2022_00162,2022,1,Maison,104,3,Confort,150,335.37,67.07,2023-05-03,2024-05-02,,
MRH_2022_00162,2022,2,Maison,104,3,Confort,150,345.43,69.09,2024-05-03,2025-05-02,,
MRH_2022_00163,2022,0,Maison,145,5,Essentielle,500,377.41,75.48,2022-06-01,2023-05-31,,
MRH_2022_00163,2022,1,Maison,145,5,Essentielle,500,388.73,77.75,2023-06-01,2024-05-31,,
MRH_2022_00163,2022,2,Maison,145,5,Essentielle,500,400.39,80.08,2024-06-01,2025-05-31,,
MRH_2022_00164,2022,0,Appartement,86,2,Essentielle,300,184.92,36.98,2022-01-11,2023-01-10,,
MRH_2022_00164,2022,1,Appartement,86,2,Essentielle,300,190.47,38.09,2023-01-11,2024-01-10,,
MRH_2022_00164,2022,2,Appartement,86,2,Essentielle,300,196.18,39.24,2024-01-11,2025-01-10,,
MRH_2022_00165,2022,0,Maison,125,2,Premium,300,404.46,80.89,2022-12-16,2023-12-15,,
MRH_2022_00165,2022,1,Maison,125,2,Premium,300,416.59,83.32,2023-12-16,2024-12-15,,
MRH_2022_00165,2022,2,Maison,125,2,Premium,300,74.06,14.81,2024-12-16,2025-02-16,2025-02-16,Déménagement
MRH_2022_00166,2022,0,Appartement,51,4,Confort,500,186.74,37.35,2022-02-25,2023-02-24,,
MRH_2022_00166,2022,1,Appartement,51,4,Confort,500,192.34,38.47,2023-02-25,2024-02-24,,
MRH_2022_00166,2022,2,Appartement,51,4,Confort,500,198.11,39.62,2024-02-25,2025-02-24,,
MRH_2022_00167,2022,0,Appartement,26,3,Essentielle,500,108.7,21.74,2022-10-18,2023-10-17,,
MRH_2022_00167,2022,1,Appartement,26,3,Essentielle,500,84.36,16.87,2023-10-18,2024-07-18,2024-07-18,Vente du bien
MRH_2022_00168,2022,0,Appartement,86,1,Confort,300,194.65,38.93,2022-04-19,2023-04-18,,
MRH_2022_00168,2022,1,Appartement,86,1,Confort,300,200.49,40.1,2023-04-19,2024-04-18,,
MRH_2022_00168,2022,2,Appartement,86,1,Confort,300,206.5,41.3,2024-04-19,2025-04-18,,
MRH_2022_00169,2022,0,Appartement,74,3,Confort,150,232.1,46.42,2022-07-28,2023-07-27,,
MRH_2022_00169,2022,1,Appartement,74,3,Confort,150,239.06,47.81,2023-07-28,2024-07-27,,
MRH_2022_00169,2022,2,Appartement,74,3,Confort,150,246.23,49.25,2024-07-28,2025-07-27,,
MRH_2022_00170,2022,0,Maison,117,2,Essentielle,150,280.24,56.05,2022-06-08,2023-06-07,,
MRH_2022_00170,2022,1,Maison,117,2,Essentielle,150,288.65,57.73,2023-06-08,2024-06-07,,
MRH_2022_00170,2022,2,Maison,117,2,Essentielle,150,297.31,59.46,2024-06-08,2025-06-07,,
MRH_2022_00171,2022,0,Maison,116,1,Confort,300,266.9,53.38,2022-11-15,2023-11-14,,
MRH_2022_00171,2022,1,Maison,116,1,Confort,300,274.91,54.98,2023-11-15,2024-11-14,,
MRH_2022_00171,2022,2,Maison,116,1,Confort,300,283.15,56.63,2024-11-15,2025-11-14,,
MRH_2022_00172,2022,0,Appartement,42,1,Confort,500,127.47,25.49,2022-01-10,2023-01-09,,
MRH_2022_00172,2022,1,Appartement,42,1,Confort,500,131.29,26.26,2023-01-10,2024-01-09,,
MRH_2022_00172,2022,2,Appartement,42,1,Confort,500,135.23,27.05,2024-01-10,2025-01-09,,
MRH_2022_00173,2022,0,Maison,106,2,Premium,500,339.72,67.94,2022-05-02,2023-05-01,,
MRH_2022_00173,2022,1,Maison,106,2,Premium,500,349.91,69.98,2023-05-02,2024-05-01,,
MRH_2022_00173,2022,2,Maison,106,2,Premium,500,360.41,72.08,2024-05-02,2025-05-01,,
MRH_2022_00174,2022,0,Appartement,84,4,Premium,300,337.87,67.57,2022-05-04,2023-05-03,,
MRH_2022_00174,2022,1,Appartement,84,4,Premium,300,348.01,69.6,2023-05-04,2024-05-03,,
MRH_2022_00174,2022,2,Appartement,84,4,Premium,300,358.45,71.69,2024-05-04,2025-05-03,,
MRH_2022_00175,2022,0,Appartement,20,2,Essentielle,500,96.58,19.32,2022-06-26,2023-06-25,,
MRH_2022_00175,2022,1,Appartement,20,2,Essentielle,500,99.48,19.9,2023-06-26,2024-06-25,,
MRH_2022_00175,2022,2,Appartement,20,2,Essentielle,500,102.46,20.49,2024-06-26,2025-06-25,,
MRH_2022_00176,2022,0,Maison,157,1,Confort,300,319.18,63.84,2022-09-10,2023-09-09,,
MRH_2022_00176,2022,1,Maison,157,1,Confort,300,328.76,65.75,2023-09-10,2024-09-09,,
MRH_2022_00176,2022,2,Maison,157,1,Confort,300,338.62,67.72,2024-09-10,2025-09-09,,
MRH_2022_00177,2022,0,Maison,101,3,Confort,300,291.5,58.3,2022-08-02,2023-08-01,,
MRH_2022_00177,2022,1,Maison,101,3,Confort,300,300.25,60.05,2023-08-02,2024-08-01,,
MRH_2022_00177,2022,2,Maison,101,3,Confort,300,309.25,61.85,2024-08-02,2025-08-01,,
MRH_2022_00178,2022,0,Maison,170,3,Confort,150,434.5,86.9,2022-02-22,2023-02-21,,
MRH_2022_00178,2022,1,Maison,170,3,Confort,150,447.54,89.51,2023-02-22,2024-02-21,,
MRH_2022_00178,2022,2,Maison,170,3,Confort,150,460.96,92.19,2024-02-22,2025-02-21,,
MRH_2022_00179,2022,0,Maison,77,1,Confort,500,199.8,39.96,2022-01-05,2023-01-04,,
MRH_2022_00179,2022,1,Maison,77,1,Confort,500,188.88,37.78,2023-01-05,2023-12-05,2023-12-05,Concurrent moins cher
MRH_2022_00180,2022,0,Appartement,20,5,Essentielle,300,149.17,29.83,2022-11-15,2023-11-14,,
MRH_2022_00180,2022,1,Appartement,20,5,Essentielle,300,153.65,30.73,2023-11-15,2024-11-14,,
MRH_2022_00180,2022,2,Appartement,20,5,Essentielle,300,158.25,31.65,2024-11-15,2025-11-14,,
MRH_2022_00181,2022,0,Maison,76,2,Confort,300,241.3,48.26,2022-02-01,2023-01-31,,
MRH_2022_00181,2022,1,Maison,76,2,Confort,300,248.54,49.71,2023-02-01,2024-01-31,,
MRH_2022_00181,2022,2,Maison,76,2,Confort,300,256.0,51.2,2024-02-01,2025-01-31,,
MRH_2022_00182,2022,0,Appartement,51,3,Essentielle,300,150.03,30.01,2022-12-15,2023-12-14,,
MRH_2022_00182,2022,1,Appartement,51,3,Essentielle,300,154.53,30.91,2023-12-15,2024-12-14,,
MRH_2022_00182,2022,2,Appartement,51,3,Essentielle,300,159.17,31.83,2024-12-15,2025-12-14,,
MRH_2022_00183,2022,0,Maison,146,1,Essentielle,300,259.38,51.88,2022-12-15,2023-12-14,,
MRH_2022_00183,2022,1,Maison,146,1,Essentielle,300,267.16,53.43,2023-12-15,2024-12-14,,
MRH_2022_00183,2022,2,Maison,146,1,Essentielle,300,275.18,55.04,2024-12-15,2025-12-14,,
MRH_2022_00184,2022,0,Maison,119,5,Confort,150,472.97,94.59,2022-09-18,2023-09-17,,
MRH_2022_00184,2022,1,Maison,119,5,Confort,150,487.16,97.43,2023-09-18,2024-09-17,,
MRH_2022_00184,2022,2,Maison,119,5,Confort,150,501.77,100.35,2024-09-18,2025-09-17,,
MRH_2022_00185,2022,0,Appartement,55,2,Confort,300,173.38,34.68,2022-02-07,2023-02-06,,
MRH_2022_00185,2022,1,Appartement,55,2,Confort,300,178.58,35.72,2023-02-07,2024-02-06,,
MRH_2022_00185,2022,2,Appartement,55,2,Confort,300,183.94,36.79,2024-02-07,2025-02-06,,
MRH_2022_00186,2022,0,Appartement,27,2,Confort,500,122.8,24.56,2022-09-05,2023-09-04,,
MRH_2022_00186,2022,1,Appartement,27,2,Confort,500,126.48,25.3,2023-09-05,2024-09-04,,
MRH_2022_00186,2022,2,Appartement,27,2,Confort,500,130.28,26.06,2024-09-05,2025-09-04,,
MRH_2022_00187,2022,0,Appartement,104,3,Confort,150,281.6,56.32,2022-03-11,2023-03-10,,
MRH_2022_00187,2022,1,Appartement,104,3,Confort,150,290.05,58.01,2023-03-11,2024-03-10,,
MRH_2022_00187,2022,2,Appartement,104,3,Confort,150,298.75,59.75,2024-03-11,2025-03-10,,
MRH_2022_00188,2022,0,Maison,119,2,Premium,300,393.35,78.67,2022-03-14,2023-03-13,,
MRH_2022_00188,2022,1,Maison,119,2,Premium,300,405.15,81.03,2023-03-14,2024-03-13,,
MRH_2022_00188,2022,2,Maison,119,2,Premium,300,417.31,83.46,2024-03-14,2025-03-13,,
MRH_2022_00189,2022,0,Maison,86,2,Premium,300,332.21,66.44,2022-06-17,2023-06-16,,
MRH_2022_00189,2022,1,Maison,86,2,Premium,300,342.18,68.44,2023-06-17,2024-06-16,,
MRH_2022_00189,2022,2,Maison,86,2,Premium,300,352.44,70.49,2024-06-17,2025-06-16,,
MRH_2022_00190,2022,0,Appartement,62,3,Confort,300,193.0,38.6,2022-11-10,2023-11-09,,
MRH_2022_00190,2022,1,Appartement,62,3,Confort,300,198.79,39.76,2023-11-10,2024-11-09,,
MRH_2022_00190,2022,2,Appartement,62,3,Confort,300,204.75,40.95,2024-11-10,2025-11-09,,
MRH_2022_00191,2022,0,Maison,75,2,Confort,300,239.88,47.98,2022-10-02,2023-10-01,,
MRH_2022_00191,2022,1,Maison,75,2,Confort,300,247.08,49.42,2023-10-02,2024-10-01,,
MRH_2022_00191,2022,2,Maison,75,2,Confort,300,22.31,4.46,2024-10-02,2024-11-02,2024-11-02,Vente du bien
MRH_2022_00192,2022,0,Appartement,47,2,Confort,150,178.17,35.63,2022-08-21,2023-08-20,,
MRH_2022_00192,2022,1,Appartement,47,2,Confort,150,183.52,36.7,2023-08-21,2024-08-20,,
MRH_2022_00192,2022,2,Appartement,47,2,Confort,150,189.02,37.8,2024-08-21,2025-08-20,,
MRH_2022_00193,2022,0,Appartement,66,3,Confort,150,218.9,43.78,2022-03-15,2023-03-14,,
MRH_2022_00193,2022,1,Appartement,66,3,Confort,150,225.47,45.09,2023-03-15,2024-03-14,,
MRH_2022_00193,2022,2,Appartement,66,3,Confort,150,232.23,46.45,2024-03-15,2025-03-14,,
MRH_2022_00194,2022,0,Appartement,110,1,Premium,300,292.82,58.56,2022-12-28,2023-12-27,,
MRH_2022_00194,2022,1,Appartement,110,1,Premium,300,301.6,60.32,2023-12-28,2024-12-27,,
MRH_2022_00194,2022,2,Appartement,110,1,Premium,300,310.65,62.13,2024-12-28,2025-12-27,,
MRH_2022_00195,2022,0,Maison,101,2,Essentielle,500,216.56,43.31,2022-04-05,2023-04-04,,
MRH_2022_00195,2022,1,Maison,101,2,Essentielle,500,94.11,18.82,2023-04-05,2023-09-05,2023-09-05,Insatisfaction service
MRH_2022_00196,2022,0,Maison,118,3,Premium,300,412.1,82.42,2022-06-19,2023-06-18,,
MRH_2022_00196,2022,1,Maison,118,3,Premium,300,424.46,84.89,2023-06-19,2024-06-18,,
MRH_2022_00196,2022,2,Maison,118,3,Premium,300,437.2,87.44,2024-06-19,2025-06-18,,
MRH_2022_00197,2022,0,Appartement,93,4,Confort,150,302.97,60.59,2022-07-17,2023-07-16,,
MRH_2022_00197,2022,1,Appartement,93,4,Confort,150,312.06,62.41,2023-07-17,2024-07-16,,
MRH_2022_00197,2022,2,Appartement,93,4,Confort,150,321.42,64.28,2024-07-17,2025-07-16,,
MRH_2022_00198,2022,0,Appartement,64,1,Essentielle,500,130.28,26.06,2022-05-18,2023-05-17,,
MRH_2022_00198,2022,1,Appartement,64,1,Essentielle,500,22.79,4.56,2023-05-18,2023-07-18,2023-07-18,Insatisfaction service
MRH_2022_00199,2022,0,Appartement,62,3,Essentielle,150,180.45,36.09,2022-10-18,2023-10-17,,
MRH_2022_00199,2022,1,Appartement,62,3,Essentielle,150,185.86,37.17,2023-10-18,2024-10-17,,
MRH_2022_00199,2022,2,Appartement,62,3,Essentielle,150,191.44,38.29,2024-10-18,2025-10-17,,
MRH_2022_00200,2022,0,Appartement,88,3,Confort,300,232.0,46.4,2022-10-22,2023-10-21,,
MRH_2022_00200,2022,1,Appartement,88,3,Confort,300,238.96,47.79,2023-10-22,2024-10-21,,
MRH_2022_00200,2022,2,Appartement,88,3,Confort,300,246.13,49.23,2024-10-22,2025-10-21,,
MRH_2022_00201,2022,0,Appartement,20,3,Confort,300,130.0,26.0,2022-04-20,2023-04-19,,
MRH_2022_00201,2022,1,Appartement,20,3,Confort,300,133.9,26.78,2023-04-20,2024-04-19,,
MRH_2022_00201,2022,2,Appartement,20,3,Confort,300,137.92,27.58,2024-04-20,2025-04-19,,
MRH_2022_00202,2022,0,Appartement,117,1,Essentielle,500,183.12,36.62,2022-09-15,2023-09-14,,
MRH_2022_00202,2022,1,Appartement,117,1,Essentielle,500,188.61,37.72,2023-09-15,2024-09-14,,
MRH_2022_00202,2022,2,Appartement,117,1,Essentielle,500,194.27,38.85,2024-09-15,2025-09-14,,
MRH_2022_00203,2022,0,Appartement,84,2,Confort,300,214.7,42.94,2022-10-11,2023-10-10,,
MRH_2022_00203,2022,1,Appartement,84,2,Confort,300,221.14,44.23,2023-10-11,2024-10-10,,
MRH_2022_00203,2022,2,Appartement,84,2,Confort,300,227.78,45.56,2024-10-11,2025-10-10,,
MRH_2022_00204,2022,0,Appartement,55,3,Confort,150,200.75,40.15,2022-06-11,2023-06-10,,
MRH_2022_00204,2022,1,Appartement,55,3,Confort,150,206.77,41.35,2023-06-11,2024-06-10,,
MRH_2022_00204,2022,2,Appartement,55,3,Confort,150,212.98,42.6,2024-06-11,2025-06-10,,
MRH_2022_00205,2022,0,Appartement,76,3,Essentielle,500,167.35,33.47,2022-05-21,2023-05-20,,
MRH_2022_00205,2022,1,Appartement,76,3,Essentielle,500,172.37,34.47,2023-05-21,2024-05-20,,
MRH_2022_00205,2022,2,Appartement,76,3,Essentielle,500,177.54,35.51,2024-05-21,2025-05-20,,
MRH_2022_00206,2022,0,Appartement,26,3,Confort,300,139.0,27.8,2022-09-21,2023-09-20,,
MRH_2022_00206,2022,1,Appartement,26,3,Confort,300,143.17,28.63,2023-09-21,2024-09-20,,
MRH_2022_00206,2022,2,Appartement,26,3,Confort,300,147.47,29.49,2024-09-21,2025-09-20,,
MRH_2022_00207,2022,0,Appartement,73,3,Confort,300,209.5,41.9,2022-01-15,2023-01-14,,
MRH_2022_00207,2022,1,Appartement,73,3,Confort,300,215.78,43.16,2023-01-15,2024-01-14,,
MRH_2022_00207,2022,2,Appartement,73,3,Confort,300,222.26,44.45,2024-01-15,2025-01-14,,
MRH_2022_00208,2022,0,Maison,93,3,Confort,500,257.14,51.43,2022-12-24,2023-12-23,,
MRH_2022_00208,2022,1,Maison,93,3,Confort,500,66.75,13.35,2023-12-24,2024-03-24,2024-03-24,Vente du bien
MRH_2022_00209,2022,0,Appartement,48,3,Essentielle,300,146.2,29.24,2022-08-18,2023-08-17,,
MRH_2022_00209,2022,1,Appartement,48,3,Essentielle,300,150.59,30.12,2023-08-18,2024-08-17,,
MRH_2022_00209,2022,2,Appartement,48,3,Essentielle,300,155.1,31.02,2024-08-18,2025-08-17,,
MRH_2022_00210,2022,0,Maison,172,3,Confort,300,398.0,79.6,2022-10-16,2023-10-15,,
MRH_2022_00210,2022,1,Maison,172,3,Confort,300,409.94,81.99,2023-10-16,2024-10-15,,
MRH_2022_00210,2022,2,Maison,172,3,Confort,300,422.24,84.45,2024-10-16,2025-10-15,,
MRH_2022_00211,2022,0,Appartement,75,2,Essentielle,300,171.59,34.32,2022-12-23,2023-12-22,,
MRH_2022_00211,2022,1,Appartement,75,2,Essentielle,300,176.74,35.35,2023-12-23,2024-12-22,,
MRH_2022_00211,2022,2,Appartement,75,2,Essentielle,300,182.04,36.41,2024-12-23,2025-12-22,,
MRH_2022_00212,2022,0,Appartement,131,5,Confort,300,400.28,80.06,2022-02-19,2023-02-18,,
MRH_2022_00212,2022,1,Appartement,131,5,Confort,300,412.29,82.46,2023-02-19,2024-02-18,,
MRH_2022_00212,2022,2,Appartement,131,5,Confort,300,424.66,84.93,2024-02-19,2025-02-18,,
MRH_2022_00213,2022,0,Maison,161,4,Essentielle,300,372.92,74.58,2022-12-03,2023-12-02,,
MRH_2022_00213,2022,1,Maison,161,4,Essentielle,300,384.11,76.82,2023-12-03,2024-12-02,,
MRH_2022_00213,2022,2,Maison,161,4,Essentielle,300,395.63,79.13,2024-12-03,2025-12-02,,
MRH_2022_00214,2022,0,Appartement,20,3,Essentielle,300,110.5,22.1,2022-09-23,2023-09-22,,
MRH_2022_00214,2022,1,Appartement,20,3,Essentielle,300,113.81,22.76,2023-09-23,2024-09-22,,
MRH_2022_00214,2022,2,Appartement,20,3,Essentielle,300,117.23,23.45,2024-09-23,2025-09-22,,
MRH_2022_00215,2022,0,Maison,120,5,Essentielle,300,367.2,73.44,2022-01-04,2023-01-03,,
MRH_2022_00215,2022,1,Maison,120,5,Essentielle,300,378.22,75.64,2023-01-04,2024-01-03,,
MRH_2022_00215,2022,2,Maison,120,5,Essentielle,300,389.56,77.91,2024-01-04,2025-01-03,,
MRH_2022_00216,2022,0,Appartement,73,4,Essentielle,300,204.79,40.96,2022-07-21,2023-07-20,,
MRH_2022_00216,2022,1,Appartement,73,4,Essentielle,300,210.93,42.19,2023-07-21,2024-07-20,,
MRH_2022_00216,2022,2,Appartement,73,4,Essentielle,300,217.26,43.45,2024-07-21,2025-07-20,,
MRH_2022_00217,2022,0,Appartement,85,2,Confort,150,237.74,47.55,2022-11-19,2023-11-18,,
MRH_2022_00217,2022,1,Appartement,85,2,Confort,150,244.87,48.97,2023-11-19,2024-11-18,,
MRH_2022_00217,2022,2,Appartement,85,2,Confort,150,252.22,50.44,2024-11-19,2025-11-18,,
MRH_2022_00218,2022,0,Maison,217,1,Premium,500,473.23,94.65,2022-03-02,2023-03-01,,
MRH_2022_00218,2022,1,Maison,217,1,Premium,500,487.43,97.49,2023-03-02,2024-03-01,,
MRH_2022_00218,2022,2,Maison,217,1,Premium,500,502.05,100.41,2024-03-02,2025-03-01,,
MRH_2022_00219,2022,0,Appartement,123,5,Premium,150,549.23,109.85,2022-05-19,2023-05-18,,
MRH_2022_00219,2022,1,Appartement,123,5,Premium,150,565.71,113.14,2023-05-19,2024-05-18,,
MRH_2022_00219,2022,2,Appartement,123,5,Premium,150,582.68,116.54,2024-05-19,2025-05-18,,
MRH_2022_00220,2022,0,Appartement,40,3,Confort,500,147.2,29.44,2022-03-28,2023-03-27,,
MRH_2022_00220,2022,1,Appartement,40,3,Confort,500,151.62,30.32,2023-03-28,2024-03-27,,
MRH_2022_00220,2022,2,Appartement,40,3,Confort,500,156.16,31.23,2024-03-28,2025-03-27,,
MRH_2022_00221,2022,0,Maison,88,3,Confort,150,299.2,59.84,2022-12-11,2023-12-10,,
MRH_2022_00221,2022,1,Maison,88,3,Confort,150,308.18,61.64,2023-12-11,2024-12-10,,
MRH_2022_00221,2022,2,Maison,88,3,Confort,150,317.42,63.48,2024-12-11,2025-12-10,,
MRH_2022_00222,2022,0,Maison,176,2,Premium,500,459.02,91.8,2022-07-17,2023-07-16,,
MRH_2022_00222,2022,1,Maison,176,2,Premium,500,472.79,94.56,2023-07-17,2024-07-16,,
MRH_2022_00222,2022,2,Maison,176,2,Premium,500,486.97,97.39,2024-07-17,2025-07-16,,
MRH_2022_00223,2022,0,Appartement,93,5,Essentielle,500,252.84,50.57,2022-04-15,2023-04-14,,
MRH_2022_00223,2022,1,Appartement,93,5,Essentielle,500,260.43,52.09,2023-04-15,2024-04-14,,
MRH_2022_00223,2022,2,Appartement,93,5,Essentielle,500,268.24,53.65,2024-04-15,2025-04-14,,
MRH_2022_00224,2022,0,Appartement,61,3,Essentielle,300,162.78,32.56,2022-12-08,2023-12-07,,
MRH_2022_00224,2022,1,Appartement,61,3,Essentielle,300,28.94,5.79,2023-12-08,2024-02-08,2024-02-08,Insatisfaction service
MRH_2022_00225,2022,0,Appartement,40,4,Confort,300,184.0,36.8,2022-12-04,2023-12-03,,
MRH_2022_00225,2022,1,Appartement,40,4,Confort,300,189.52,37.9,2023-12-04,2024-12-03,,
MRH_2022_00225,2022,2,Appartement,40,4,Confort,300,195.21,39.04,2024-12-04,2025-12-03,,
MRH_2022_00226,2022,0,Appartement,81,2,Premium,500,251.67,50.33,2022-03-15,2023-03-14,,
MRH_2022_00226,2022,1,Appartement,81,2,Premium,500,259.22,51.84,2023-03-15,2024-03-14,,
MRH_2022_00226,2022,2,Appartement,81,2,Premium,500,267.0,53.4,2024-03-15,2025-03-14,,
MRH_2022_00227,2022,0,Appartement,38,3,Confort,300,157.0,31.4,2022-04-22,2023-04-21,,
MRH_2022_00227,2022,1,Appartement,38,3,Confort,300,161.71,32.34,2023-04-22,2024-04-21,,
MRH_2022_00227,2022,2,Appartement,38,3,Confort,300,166.56,33.31,2024-04-22,2025-04-21,,
MRH_2022_00228,2022,0,Appartement,56,3,Confort,150,202.4,40.48,2022-10-04,2023-10-03,,
MRH_2022_00228,2022,1,Appartement,56,3,Confort,150,157.06,31.41,2023-10-04,2024-07-04,2024-07-04,Vente du bien
MRH_2022_00229,2022,0,Appartement,50,4,Confort,300,201.25,40.25,2022-12-19,2023-12-18,,
MRH_2022_00229,2022,1,Appartement,50,4,Confort,300,207.29,41.46,2023-12-19,2024-12-18,,
MRH_2022_00229,2022,2,Appartement,50,4,Confort,300,213.51,42.7,2024-12-19,2025-12-18,,
MRH_2022_00230,2022,0,Appartement,61,1,Essentielle,500,127.29,25.46,2022-08-19,2023-08-18,,
MRH_2022_00230,2022,1,Appartement,61,1,Essentielle,500,88.0,17.6,2023-08-19,2024-04-19,2024-04-19,Concurrent moins cher
MRH_2022_00231,2022,0,Maison,61,3,Confort,150,254.65,50.93,2022-07-12,2023-07-11,,
MRH_2022_00231,2022,1,Maison,61,3,Confort,150,262.29,52.46,2023-07-12,2024-07-11,,
MRH_2022_00231,2022,2,Maison,61,3,Confort,150,270.16,54.03,2024-07-12,2025-07-11,,
MRH_2022_00232,2022,0,Appartement,92,4,Premium,500,327.35,65.47,2022-01-10,2023-01-09,,
MRH_2022_00232,2022,1,Appartement,92,4,Premium,500,337.17,67.43,2023-01-10,2024-01-09,,
MRH_2022_00232,2022,2,Appartement,92,4,Premium,500,347.29,69.46,2024-01-10,2025-01-09,,
MRH_2022_00233,2022,0,Maison,177,3,Premium,500,484.98,97.0,2022-08-28,2023-08-27,,
MRH_2022_00233,2022,1,Maison,177,3,Premium,500,499.53,99.91,2023-08-28,2024-08-27,,
MRH_2022_00233,2022,2,Maison,177,3,Premium,500,514.52,102.9,2024-08-28,2025-08-27,,
MRH_2022_00234,2022,0,Appartement,60,5,Premium,300,333.45,66.69,2022-11-28,2023-11-27,,
MRH_2022_00234,2022,1,Appartement,60,5,Premium,300,343.45,68.69,2023-11-28,2024-11-27,,
MRH_2022_00234,2022,2,Appartement,60,5,Premium,300,353.76,70.75,2024-11-28,2025-11-27,,
MRH_2022_00235,2022,0,Appartement,25,2,Essentielle,150,122.13,24.43,2022-05-15,2023-05-14,,
MRH_2022_00235,2022,1,Appartement,25,2,Essentielle,150,125.79,25.16,2023-05-15,2024-05-14,,
MRH_2022_00235,2022,2,Appartement,25,2,Essentielle,150,129.57,25.91,2024-05-15,2025-05-14,,
MRH_2022_00236,2022,0,Appartement,57,4,Essentielle,300,181.33,36.27,2022-03-09,2023-03-08,,
MRH_2022_00236,2022,1,Appartement,57,4,Essentielle,300,186.77,37.35,2023-03-09,2024-03-08,,
MRH_2022_00236,2022,2,Appartement,57,4,Essentielle,300,192.37,38.47,2024-03-09,2025-03-08,,
MRH_2022_00237,2022,0,Maison,177,3,Premium,150,579.87,115.97,2022-04-07,2023-04-06,,
MRH_2022_00237,2022,1,Maison,177,3,Premium,150,502.36,100.47,2023-04-07,2024-02-07,2024-02-07,Déménagement
MRH_2022_00238,2022,0,Appartement,72,3,Premium,300,270.4,54.08,2022-12-02,2023-12-01,,
MRH_2022_00238,2022,1,Appartement,72,3,Premium,300,278.51,55.7,2023-12-02,2024-12-01,,
MRH_2022_00238,2022,2,Appartement,72,3,Premium,300,286.87,57.37,2024-12-02,2025-12-01,,
MRH_2022_00239,2022,0,Appartement,70,3,Essentielle,300,174.25,34.85,2022-10-20,2023-10-19,,
MRH_2022_00239,2022,1,Appartement,70,3,Essentielle,300,179.48,35.9,2023-10-20,2024-10-19,,
MRH_2022_00239,2022,2,Appartement,70,3,Essentielle,300,184.86,36.97,2024-10-20,2025-10-19,,
MRH_2022_00240,2022,0,Appartement,58,4,Premium,300,279.56,55.91,2022-07-10,2023-07-09,,
MRH_2022_00240,2022,1,Appartement,58,4,Premium,300,287.95,57.59,2023-07-10,2024-07-09,,
MRH_2022_00240,2022,2,Appartement,58,4,Premium,300,296.59,59.32,2024-07-10,2025-07-09,,
MRH_2022_00241,2022,0,Appartement,63,3,Confort,150,213.95,42.79,2022-06-21,2023-06-20,,
MRH_2022_00241,2022,1,Appartement,63,3,Confort,150,220.37,44.07,2023-06-21,2024-06-20,,
MRH_2022_00241,2022,2,Appartement,63,3,Confort,150,226.98,45.4,2024-06-21,2025-06-20,,
MRH_2022_00242,2022,0,Appartement,49,3,Essentielle,500,135.68,27.14,2022-03-25,2023-03-24,,
MRH_2022_00242,2022,1,Appartement,49,3,Essentielle,500,139.75,27.95,2023-03-25,2024-03-24,,
MRH_2022_00242,2022,2,Appartement,49,3,Essentielle,500,143.94,28.79,2024-03-25,2025-03-24,,
MRH_2022_00243,2022,0,Appartement,73,3,Essentielle,500,163.83,32.77,2022-07-18,2023-07-17,,
MRH_2022_00243,2022,1,Appartement,73,3,Essentielle,500,168.74,33.75,2023-07-18,2024-07-17,,
MRH_2022_00243,2022,2,Appartement,73,3,Essentielle,500,173.81,34.76,2024-07-18,2025-07-17,,
MRH_2022_00244,2022,0,Appartement,54,2,Essentielle,500,134.46,26.89,2022-06-03,2023-06-02,,
MRH_2022_00244,2022,1,Appartement,54,2,Essentielle,500,138.49,27.7,2023-06-03,2024-06-02,,
MRH_2022_00244,2022,2,Appartement,54,2,Essentielle,500,142.65,28.53,2024-06-03,2025-06-02,,
MRH_2022_00245,2022,0,Appartement,40,1,Essentielle,300,115.6,23.12,2022-08-07,2023-08-06,,
MRH_2022_00245,2022,1,Appartement,40,1,Essentielle,300,119.07,23.81,2023-08-07,2024-08-06,,
MRH_2022_00245,2022,2,Appartement,40,1,Essentielle,300,122.64,24.53,2024-08-07,2025-08-06,,
MRH_2022_00246,2022,0,Maison,158,1,Premium,150,458.24,91.65,2022-12-25,2023-12-24,,
MRH_2022_00246,2022,1,Maison,158,1,Premium,150,471.99,94.4,2023-12-25,2024-12-24,,
MRH_2022_00246,2022,2,Maison,158,1,Premium,150,486.15,97.23,2024-12-25,2025-12-24,,
MRH_2022_00247,2022,0,Maison,145,3,Confort,500,328.9,65.78,2022-08-18,2023-08-17,,
MRH_2022_00247,2022,1,Maison,145,3,Confort,500,338.77,67.75,2023-08-18,2024-08-17,,
MRH_2022_00247,2022,2,Maison,145,3,Confort,500,348.93,69.79,2024-08-18,2025-08-17,,
MRH_2022_00248,2022,0,Appartement,118,4,Confort,500,293.07,58.61,2022-06-07,2023-06-06,,
MRH_2022_00248,2022,1,Appartement,118,4,Confort,500,301.86,60.37,2023-06-07,2024-06-06,,
MRH_2022_00248,2022,2,Appartement,118,4,Confort,500,310.92,62.18,2024-06-07,2025-06-06,,
MRH_2022_00249,2022,0,Appartement,67,2,Premium,500,227.81,45.56,2022-05-05,2023-05-04,,
MRH_2022_00249,2022,1,Appartement,67,2,Premium,500,234.64,46.93,2023-05-05,2024-05-04,,
MRH_2022_00249,2022,2,Appartement,67,2,Premium,500,241.68,48.34,2024-05-05,2025-05-04,,
MRH_2022_00250,2022,0,Appartement,78,2,Confort,300,206.15,41.23,2022-05-25,2023-05-24,,
MRH_2022_00250,2022,1,Appartement,78,2,Confort,300,212.33,42.47,2023-05-25,2024-05-24,,
MRH_2022_00250,2022,2,Appartement,78,2,Confort,300,218.7,43.74,2024-05-25,2025-05-24,,
MRH_2022_00251,2022,0,Maison,95,4,Essentielle,500,254.05,50.81,2022-03-18,2023-03-17,,
MRH_2022_00251,2022,1,Maison,95,4,Essentielle,500,261.67,52.33,2023-03-18,2024-03-17,,
MRH_2022_00251,2022,2,Maison,95,4,Essentielle,500,269.52,53.9,2024-03-18,2025-03-17,,
MRH_2022_00252,2022,0,Appartement,65,4,Essentielle,150,212.36,42.47,2022-01-14,2023-01-13,,
MRH_2022_00252,2022,1,Appartement,65,4,Essentielle,150,200.76,40.15,2023-01-14,2023-12-14,2023-12-14,Prix trop élevé
MRH_2022_00253,2022,0,Appartement,75,3,Essentielle,500,166.18,33.24,2022-11-16,2023-11-15,,
MRH_2022_00253,2022,1,Appartement,75,3,Essentielle,500,128.96,25.79,2023-11-16,2024-08-16,2024-08-16,Vente du bien
MRH_2022_00254,2022,0,Appartement,79,1,Confort,300,185.72,37.14,2022-01-17,2023-01-16,,
MRH_2022_00254,2022,1,Appartement,79,1,Confort,300,191.29,38.26,2023-01-17,2024-01-16,,
MRH_2022_00254,2022,2,Appartement,79,1,Confort,300,197.03,39.41,2024-01-17,2025-01-16,,
MRH_2022_00255,2022,0,Maison,136,1,Essentielle,300,248.54,49.71,2022-10-17,2023-10-16,,
MRH_2022_00255,2022,1,Maison,136,1,Essentielle,300,256.0,51.2,2023-10-17,2024-10-16,,
MRH_2022_00255,2022,2,Maison,136,1,Essentielle,300,263.68,52.74,2024-10-17,2025-10-16,,
MRH_2022_00256,2022,0,Maison,109,1,Premium,500,308.54,61.71,2022-10-08,2023-10-07,,
MRH_2022_00256,2022,1,Maison,109,1,Premium,500,317.8,63.56,2023-10-08,2024-10-07,,
MRH_2022_00256,2022,2,Maison,109,1,Premium,500,327.33,65.47,2024-10-08,2025-10-07,,
MRH_2022_00257,2022,0,Maison,153,4,Confort,150,467.42,93.48,2022-07-13,2023-07-12,,
MRH_2022_00257,2022,1,Maison,153,4,Confort,150,481.44,96.29,2023-07-13,2024-07-12,,
MRH_2022_00257,2022,2,Maison,153,4,Confort,150,495.89,99.18,2024-07-13,2025-07-12,,
MRH_2022_00258,2022,0,Maison,72,3,Essentielle,500,193.94,38.79,2022-11-26,2023-11-25,,
MRH_2022_00258,2022,1,Maison,72,3,Essentielle,500,199.76,39.95,2023-11-26,2024-11-25,,
MRH_2022_00258,2022,2,Maison,72,3,Essentielle,500,205.75,41.15,2024-11-26,2025-11-25,,
MRH_2022_00259,2022,0,Maison,190,2,Premium,500,482.89,96.58,2022-05-02,2023-05-01,,
MRH_2022_00259,2022,1,Maison,190,2,Premium,500,497.38,99.48,2023-05-02,2024-05-01,,
MRH_2022_00259,2022,2,Maison,190,2,Premium,500,512.3,102.46,2024-05-02,2025-05-01,,
MRH_2022_00260,2022,0,Appartement,30,3,Confort,300,145.0,29.0,2022-06-01,2023-05-31,,
MRH_2022_00260,2022,1,Appartement,30,3,Confort,300,149.35,29.87,2023-06-01,2024-05-31,,
MRH_2022_00260,2022,2,Appartement,30,3,Confort,300,153.83,30.77,2024-06-01,2025-05-31,,
MRH_2022_00261,2022,0,Maison,110,1,Essentielle,300,220.36,44.07,2022-10-27,2023-10-26,,
MRH_2022_00261,2022,1,Maison,110,1,Essentielle,300,226.97,45.39,2023-10-27,2024-10-26,,
MRH_2022_00261,2022,2,Maison,110,1,Essentielle,300,233.78,46.76,2024-10-27,2025-10-26,,
MRH_2022_00262,2022,0,Appartement,40,2,Confort,150,167.2,33.44,2022-09-24,2023-09-23,,
MRH_2022_00262,2022,1,Appartement,40,2,Confort,150,172.22,34.44,2023-09-24,2024-09-23,,
MRH_2022_00262,2022,2,Appartement,40,2,Confort,150,103.51,20.7,2024-09-24,2025-04-24,2025-04-24,Prix trop élevé
MRH_2022_00263,2022,0,Maison,83,5,Confort,300,357.08,71.42,2022-01-21,2023-01-20,,
MRH_2022_00263,2022,1,Maison,83,5,Confort,300,367.79,73.56,2023-01-21,2024-01-20,,
MRH_2022_00263,2022,2,Maison,83,5,Confort,300,378.83,75.77,2024-01-21,2025-01-20,,
MRH_2022_00264,2022,0,Appartement,101,2,Premium,500,285.75,57.15,2022-03-22,2023-03-21,,
MRH_2022_00264,2022,1,Appartement,101,2,Premium,500,294.32,58.86,2023-03-22,2024-03-21,,
MRH_2022_00264,2022,2,Appartement,101,2,Premium,500,303.15,60.63,2024-03-22,2025-03-21,,
MRH_2022_00265,2022,0,Maison,111,1,Essentielle,500,203.73,40.75,2022-12-26,2023-12-25,,
MRH_2022_00265,2022,1,Maison,111,1,Essentielle,500,209.84,41.97,2023-12-26,2024-12-25,,
MRH_2022_00265,2022,2,Maison,111,1,Essentielle,500,216.14,43.23,2024-12-26,2025-12-25,,
MRH_2022_00266,2022,0,Appartement,83,1,Essentielle,300,162.2,32.44,2022-08-12,2023-08-11,,
MRH_2022_00266,2022,1,Appartement,83,1,Essentielle,300,167.07,33.41,2023-08-12,2024-08-11,,
MRH_2022_00266,2022,2,Appartement,83,1,Essentielle,300,172.08,34.42,2024-08-12,2025-08-11,,
MRH_2022_00267,2022,0,Appartement,36,3,Essentielle,150,143.99,28.8,2022-06-18,2023-06-17,,
MRH_2022_00267,2022,1,Appartement,36,3,Essentielle,150,124.33,24.87,2023-06-18,2024-04-18,2024-04-18,Concurrent moins cher
MRH_2022_00268,2022,0,Maison,141,1,Confort,150,328.65,65.73,2022-12-18,2023-12-17,,
MRH_2022_00268,2022,1,Maison,141,1,Confort,150,338.51,67.7,2023-12-18,2024-12-17,,
MRH_2022_00268,2022,2,Maison,141,1,Confort,150,348.66,69.73,2024-12-18,2025-12-17,,
MRH_2022_00269,2022,0,Appartement,76,1,Essentielle,500,142.25,28.45,2022-03-03,2023-03-02,,
MRH_2022_00269,2022,1,Appartement,76,1,Essentielle,500,146.52,29.3,2023-03-03,2024-03-02,,
MRH_2022_00269,2022,2,Appartement,76,1,Essentielle,500,150.91,30.18,2024-03-03,2025-03-02,,
MRH_2022_00270,2022,0,Appartement,86,4,Confort,300,263.35,52.67,2022-12-21,2023-12-20,,
MRH_2022_00270,2022,1,Appartement,86,4,Confort,300,271.25,54.25,2023-12-21,2024-12-20,,
MRH_2022_00270,2022,2,Appartement,86,4,Confort,300,279.39,55.88,2024-12-21,2025-12-20,,
MRH_2022_00271,2022,0,Appartement,66,2,Premium,500,226.1,45.22,2022-06-15,2023-06-14,,
MRH_2022_00271,2022,1,Appartement,66,2,Premium,500,232.88,46.58,2023-06-15,2024-06-14,,
MRH_2022_00271,2022,2,Appartement,66,2,Premium,500,239.87,47.97,2024-06-15,2025-06-14,,
MRH_2022_00272,2022,0,Maison,123,5,Essentielle,300,372.36,74.47,2022-10-23,2023-10-22,,
MRH_2022_00272,2022,1,Maison,123,5,Essentielle,300,383.53,76.71,2023-10-23,2024-10-22,,
MRH_2022_00272,2022,2,Maison,123,5,Essentielle,300,395.04,79.01,2024-10-23,2025-10-22,,
MRH_2022_00273,2022,0,Maison,152,3,Confort,300,368.0,73.6,2022-06-13,2023-06-12,,
MRH_2022_00273,2022,1,Maison,152,3,Confort,300,379.04,75.81,2023-06-13,2024-06-12,,
MRH_2022_00273,2022,2,Maison,152,3,Confort,300,390.41,78.08,2024-06-13,2025-06-12,,
MRH_2022_00274,2022,0,Appartement,60,5,Essentielle,300,218.03,43.61,2022-11-25,2023-11-24,,
MRH_2022_00274,2022,1,Appartement,60,5,Essentielle,300,224.57,44.91,2023-11-25,2024-11-24,,
MRH_2022_00274,2022,2,Appartement,60,5,Essentielle,300,231.31,46.26,2024-11-25,2025-11-24,,
MRH_2022_00275,2022,0,Appartement,58,2,Confort,500,163.44,32.69,2022-11-16,2023-11-15,,
MRH_2022_00275,2022,1,Appartement,58,2,Confort,500,168.34,33.67,2023-11-16,2024-11-15,,
MRH_2022_00275,2022,2,Appartement,58,2,Confort,500,173.39,34.68,2024-11-16,2025-11-15,,
MRH_2022_00276,2022,0,Appartement,39,2,Confort,500,138.53,27.71,2022-02-15,2023-02-14,,
MRH_2022_00276,2022,1,Appartement,39,2,Confort,500,142.69,28.54,2023-02-15,2024-02-14,,
MRH_2022_00276,2022,2,Appartement,39,2,Confort,500,146.97,29.39,2024-02-15,2025-02-14,,
MRH_2022_00277,2022,0,Appartement,20,3,Confort,300,130.0,26.0,2022-12-26,2023-12-25,,
MRH_2022_00277,2022,1,Appartement,20,3,Confort,300,133.9,26.78,2023-12-26,2024-12-25,,
MRH_2022_00277,2022,2,Appartement,20,3,Confort,300,137.92,27.58,2024-12-26,2025-12-25,,
MRH_2022_00278,2022,0,Appartement,62,4,Confort,300,221.95,44.39,2022-03-21,2023-03-20,,
MRH_2022_00278,2022,1,Appartement,62,4,Confort,300,228.61,45.72,2023-03-21,2024-03-20,,
MRH_2022_00278,2022,2,Appartement,62,4,Confort,300,235.47,47.09,2024-03-21,2025-03-20,,
MRH_2022_00279,2022,0,Maison,56,2,Confort,150,234.08,46.82,2022-01-04,2023-01-03,,
MRH_2022_00279,2022,1,Maison,56,2,Confort,150,241.1,48.22,2023-01-04,2024-01-03,,
MRH_2022_00279,2022,2,Maison,56,2,Confort,150,248.34,49.67,2024-01-04,2025-01-03,,
MRH_2022_00280,2022,0,Appartement,20,3,Confort,500,119.6,23.92,2022-06-13,2023-06-12,,
MRH_2022_00280,2022,1,Appartement,20,3,Confort,500,123.19,24.64,2023-06-13,2024-06-12,,
MRH_2022_00280,2022,2,Appartement,20,3,Confort,500,126.88,25.38,2024-06-13,2025-06-12,,
MRH_2022_00281,2022,0,Maison,201,3,Essentielle,150,412.8,82.56,2022-02-27,2023-02-26,,
MRH_2022_00281,2022,1,Maison,201,3,Essentielle,150,425.18,85.04,2023-02-27,2024-02-26,,
MRH_2022_00281,2022,2,Maison,201,3,Essentielle,150,437.94,87.59,2024-02-27,2025-02-26,,
MRH_2022_00282,2022,0,Appartement,135,3,Essentielle,500,236.56,47.31,2022-06-16,2023-06-15,,
MRH_2022_00282,2022,1,Appartement,135,3,Essentielle,500,164.21,32.84,2023-06-16,2024-02-16,2024-02-16,Concurrent moins cher
MRH_2022_00283,2022,0,Appartement,102,1,Essentielle,150,201.07,40.21,2022-11-26,2023-11-25,,
MRH_2022_00283,2022,1,Appartement,102,1,Essentielle,150,207.1,41.42,2023-11-26,2024-11-25,,
MRH_2022_00283,2022,2,Appartement,102,1,Essentielle,150,213.32,42.66,2024-11-26,2025-11-25,,
MRH_2022_00284,2022,0,Appartement,75,2,Essentielle,500,157.87,31.57,2022-08-08,2023-08-07,,
MRH_2022_00284,2022,1,Appartement,75,2,Essentielle,500,162.61,32.52,2023-08-08,2024-08-07,,
MRH_2022_00284,2022,2,Appartement,75,2,Essentielle,500,167.48,33.5,2024-08-08,2025-08-07,,
MRH_2022_00285,2022,0,Appartement,51,3,Premium,500,211.09,42.22,2022-10-14,2023-10-13,,
MRH_2022_00285,2022,1,Appartement,51,3,Premium,500,217.42,43.48,2023-10-14,2024-10-13,,
MRH_2022_00285,2022,2,Appartement,51,3,Premium,500,223.95,44.79,2024-10-14,2025-10-13,,
MRH_2022_00286,2022,0,Appartement,44,4,Premium,150,272.99,54.6,2022-10-04,2023-10-03,,
MRH_2022_00286,2022,1,Appartement,44,4,Premium,150,281.18,56.24,2023-10-04,2024-10-03,,
MRH_2022_00286,2022,2,Appartement,44,4,Premium,150,289.62,57.92,2024-10-04,2025-10-03,,
MRH_2022_00287,2022,0,Appartement,69,3,Confort,300,203.5,40.7,2022-10-13,2023-10-12,,
MRH_2022_00287,2022,1,Appartement,69,3,Confort,300,209.61,41.92,2023-10-13,2024-10-12,,
MRH_2022_00287,2022,2,Appartement,69,3,Confort,300,215.89,43.18,2024-10-13,2025-10-12,,
MRH_2022_00288,2022,0,Appartement,76,4,Confort,300,246.1,49.22,2022-10-19,2023-10-18,,
MRH_2022_00288,2022,1,Appartement,76,4,Confort,300,64.58,12.92,2023-10-19,2024-01-19,2024-01-19,Concurrent moins cher
MRH_2022_00289,2022,0,Appartement,59,3,Confort,500,173.42,34.68,2022-10-05,2023-10-04,,
MRH_2022_00289,2022,1,Appartement,59,3,Confort,500,178.62,35.72,2023-10-05,2024-10-04,,
MRH_2022_00289,2022,2,Appartement,59,3,Confort,500,183.98,36.8,2024-10-05,2025-10-04,,
MRH_2022_00290,2022,0,Appartement,79,3,Premium,300,284.05,56.81,2022-09-06,2023-09-05,,
MRH_2022_00290,2022,1,Appartement,79,3,Premium,300,292.57,58.51,2023-09-06,2024-09-05,,
MRH_2022_00290,2022,2,Appartement,79,3,Premium,300,301.35,60.27,2024-09-06,2025-09-05,,
MRH_2022_00291,2022,0,Appartement,57,2,Essentielle,300,149.79,29.96,2022-04-27,2023-04-26,,
MRH_2022_00291,2022,1,Appartement,57,2,Essentielle,300,154.28,30.86,2023-04-27,2024-04-26,,
MRH_2022_00291,2022,2,Appartement,57,2,Essentielle,300,158.91,31.78,2024-04-27,2025-04-26,,
MRH_2022_00292,2022,0,Maison,124,3,Confort,500,299.92,59.98,2022-08-06,2023-08-05,,
MRH_2022_00292,2022,1,Maison,124,3,Confort,500,27.08,5.42,2023-08-06,2023-09-06,2023-09-06,Prix trop élevé
MRH_2022_00293,2022,0,Appartement,60,2,Confort,500,166.06,33.21,2022-09-17,2023-09-16,,
MRH_2022_00293,2022,1,Appartement,60,2,Confort,500,171.04,34.21,2023-09-17,2024-09-16,,
MRH_2022_00293,2022,2,Appartement,60,2,Confort,500,176.17,35.23,2024-09-17,2025-09-16,,
MRH_2022_00294,2022,0,Maison,169,4,Confort,150,497.78,99.56,2022-12-15,2023-12-14,,
MRH_2022_00294,2022,1,Maison,169,4,Confort,150,512.71,102.54,2023-12-15,2024-12-14,,
MRH_2022_00294,2022,2,Maison,169,4,Confort,150,528.09,105.62,2024-12-15,2025-12-14,,
MRH_2022_00295,2022,0,Appartement,85,2,Premium,500,258.49,51.7,2022-05-12,2023-05-11,,
MRH_2022_00295,2022,1,Appartement,85,2,Premium,500,266.24,53.25,2023-05-12,2024-05-11,,
MRH_2022_00295,2022,2,Appartement,85,2,Premium,500,274.23,54.85,2024-05-12,2025-05-11,,
MRH_2022_00296,2022,0,Maison,61,1,Premium,300,255.81,51.16,2022-12-19,2023-12-18,,
MRH_2022_00296,2022,1,Maison,61,1,Premium,300,263.48,52.7,2023-12-19,2024-12-18,,
MRH_2022_00296,2022,2,Maison,61,1,Premium,300,271.39,54.28,2024-12-19,2025-12-18,,
MRH_2022_00297,2022,0,Maison,70,4,Premium,150,402.9,80.58,2022-10-12,2023-10-11,,
MRH_2022_00297,2022,1,Maison,70,4,Premium,150,414.99,83.0,2023-10-12,2024-10-11,,
MRH_2022_00297,2022,2,Maison,70,4,Premium,150,427.44,85.49,2024-10-12,2025-10-11,,
MRH_2022_00298,2022,0,Appartement,80,5,Essentielle,300,252.45,50.49,2022-09-22,2023-09-21,,
MRH_2022_00298,2022,1,Appartement,80,5,Essentielle,300,260.02,52.0,2023-09-22,2024-09-21,,
MRH_2022_00298,2022,2,Appartement,80,5,Essentielle,300,267.82,53.56,2024-09-22,2025-09-21,,
MRH_2022_00299,2022,0,Maison,108,2,Confort,300,286.9,57.38,2022-04-05,2023-04-04,,
MRH_2022_00299,2022,1,Maison,108,2,Confort,300,295.51,59.1,2023-04-05,2024-04-04,,
MRH_2022_00299,2022,2,Maison,108,2,Confort,300,304.37,60.87,2024-04-05,2025-04-04,,
MRH_2022_00300,2022,0,Maison,127,3,Confort,300,330.5,66.1,2022-11-14,2023-11-13,,
MRH_2022_00300,2022,1,Maison,127,3,Confort,300,340.42,68.08,2023-11-14,2024-11-13,,
MRH_2022_00300,2022,2,Maison,127,3,Confort,300,350.63,70.13,2024-11-14,2025-11-13,,
MRH_2022_00301,2022,0,Maison,124,3,Confort,300,326.0,65.2,2022-08-16,2023-08-15,,
MRH_2022_00301,2022,1,Maison,124,3,Confort,300,335.78,67.16,2023-08-16,2024-08-15,,
MRH_2022_00301,2022,2,Maison,124,3,Confort,300,58.75,11.75,2024-08-16,2024-10-16,2024-10-16,Insatisfaction service
MRH_2022_00302,2022,0,Maison,79,3,Premium,500,309.17,61.83,2022-04-14,2023-04-13,,
MRH_2022_00302,2022,1,Maison,79,3,Premium,500,318.45,63.69,2023-04-14,2024-04-13,,
MRH_2022_00302,2022,2,Maison,79,3,Premium,500,328.0,65.6,2024-04-14,2025-04-13,,
MRH_2022_00303,2022,0,Appartement,58,1,Premium,300,206.63,41.33,2022-11-25,2023-11-24,,
MRH_2022_00303,2022,1,Appartement,58,1,Premium,300,36.15,7.23,2023-11-25,2024-01-25,2024-01-25,Insatisfaction service
MRH_2022_00304,2022,0,Appartement,95,5,Essentielle,500,256.01,51.2,2022-01-14,2023-01-13,,
MRH_2022_00304,2022,1,Appartement,95,5,Essentielle,500,263.69,52.74,2023-01-14,2024-01-13,,
MRH_2022_00304,2022,2,Appartement,95,5,Essentielle,500,271.6,54.32,2024-01-14,2025-01-13,,
MRH_2022_00305,2022,0,Appartement,56,5,Essentielle,300,211.14,42.23,2022-05-03,2023-05-02,,
MRH_2022_00305,2022,1,Appartement,56,5,Essentielle,300,217.47,43.49,2023-05-03,2024-05-02,,
MRH_2022_00305,2022,2,Appartement,56,5,Essentielle,300,224.0,44.8,2024-05-03,2025-05-02,,
MRH_2022_00306,2022,0,Appartement,53,2,Essentielle,300,144.95,28.99,2022-07-21,2023-07-20,,
MRH_2022_00306,2022,1,Appartement,53,2,Essentielle,300,25.77,5.15,2023-07-21,2023-09-21,2023-09-21,Déménagement
MRH_2022_00307,2022,0,Appartement,94,3,Confort,150,265.1,53.02,2022-12-11,2023-12-10,,
MRH_2022_00307,2022,1,Appartement,94,3,Confort,150,273.05,54.61,2023-12-11,2024-12-10,,
MRH_2022_00307,2022,2,Appartement,94,3,Confort,150,281.24,56.25,2024-12-11,2025-12-10,,
MRH_2022_00308,2022,0,Appartement,80,1,Essentielle,500,146.23,29.25,2022-02-24,2023-02-23,,
MRH_2022_00308,2022,1,Appartement,80,1,Essentielle,500,150.62,30.12,2023-02-24,2024-02-23,,
MRH_2022_00308,2022,2,Appartement,80,1,Essentielle,500,155.14,31.03,2024-02-24,2025-02-23,,
MRH_2022_00309,2022,0,Appartement,57,4,Premium,300,277.32,55.46,2022-02-17,2023-02-16,,
MRH_2022_00309,2022,1,Appartement,57,4,Premium,300,285.64,57.13,2023-02-17,2024-02-16,,
MRH_2022_00309,2022,2,Appartement,57,4,Premium,300,294.21,58.84,2024-02-17,2025-02-16,,
MRH_2022_00310,2022,0,Appartement,88,2,Essentielle,300,187.34,37.47,2022-07-20,2023-07-19,,
MRH_2022_00310,2022,1,Appartement,88,2,Essentielle,300,192.96,38.59,2023-07-20,2024-07-19,,
MRH_2022_00310,2022,2,Appartement,88,2,Essentielle,300,198.75,39.75,2024-07-20,2025-07-19,,
MRH_2022_00311,2022,0,Appartement,98,3,Confort,500,227.24,45.45,2022-06-26,2023-06-25,,
MRH_2022_00311,2022,1,Appartement,98,3,Confort,500,234.06,46.81,2023-06-26,2024-06-25,,
MRH_2022_00311,2022,2,Appartement,98,3,Confort,500,241.08,48.22,2024-06-26,2025-06-25,,
MRH_2022_00312,2022,0,Appartement,89,3,Confort,300,233.5,46.7,2022-12-01,2023-11-30,,
MRH_2022_00312,2022,1,Appartement,89,3,Confort,300,240.5,48.1,2023-12-01,2024-11-30,,
MRH_2022_00312,2022,2,Appartement,89,3,Confort,300,247.72,49.54,2024-12-01,2025-11-30,,
MRH_2022_00313,2022,0,Appartement,35,3,Essentielle,150,142.59,28.52,2022-04-16,2023-04-15,,
MRH_2022_00313,2022,1,Appartement,35,3,Essentielle,150,146.87,29.37,2023-04-16,2024-04-15,,
MRH_2022_00313,2022,2,Appartement,35,3,Essentielle,150,151.27,30.25,2024-04-16,2025-04-15,,
MRH_2022_00314,2022,0,Maison,114,1,Premium,150,378.02,75.6,2022-06-11,2023-06-10,,
MRH_2022_00314,2022,1,Maison,114,1,Premium,150,389.36,77.87,2023-06-11,2024-06-10,,
MRH_2022_00314,2022,2,Maison,114,1,Premium,150,401.04,80.21,2024-06-11,2025-06-10,,
MRH_2022_00315,2022,0,Appartement,39,4,Premium,150,260.65,52.13,2022-01-19,2023-01-18,,
MRH_2022_00315,2022,1,Appartement,39,4,Premium,150,111.8,22.36,2023-01-19,2023-06-19,2023-06-19,Prix trop élevé
MRH_2022_00316,2022,0,Appartement,93,1,Confort,300,203.57,40.71,2022-11-23,2023-11-22,,
MRH_2022_00316,2022,1,Appartement,93,1,Confort,300,209.68,41.94,2023-11-23,2024-11-22,,
MRH_2022_00316,2022,2,Appartement,93,1,Confort,300,215.97,43.19,2024-11-23,2025-11-22,,
MRH_2022_00317,2022,0,Maison,163,3,Essentielle,300,326.82,65.36,2022-02-17,2023-02-16,,
MRH_2022_00317,2022,1,Maison,163,3,Essentielle,300,336.62,67.32,2023-02-17,2024-02-16,,
MRH_2022_00317,2022,2,Maison,163,3,Essentielle,300,346.72,69.34,2024-02-17,2025-02-16,,
MRH_2022_00318,2022,0,Appartement,80,2,Confort,150,229.9,45.98,2022-05-23,2023-05-22,,
MRH_2022_00318,2022,1,Appartement,80,2,Confort,150,236.8,47.36,2023-05-23,2024-05-22,,
MRH_2022_00318,2022,2,Appartement,80,2,Confort,150,243.9,48.78,2024-05-23,2025-05-22,,
MRH_2022_00319,2022,0,Appartement,66,1,Confort,150,186.07,37.21,2022-05-22,2023-05-21,,
MRH_2022_00319,2022,1,Appartement,66,1,Confort,150,191.65,38.33,2023-05-22,2024-05-21,,
MRH_2022_00319,2022,2,Appartement,66,1,Confort,150,197.4,39.48,2024-05-22,2025-05-21,,
MRH_2022_00320,2022,0,Appartement,121,3,Confort,300,281.5,56.3,2022-08-12,2023-08-11,,
MRH_2022_00320,2022,1,Appartement,121,3,Confort,300,289.94,57.99,2023-08-12,2024-08-11,,
MRH_2022_00320,2022,2,Appartement,121,3,Confort,300,298.64,59.73,2024-08-12,2025-08-11,,
MRH_2022_00321,2022,0,Maison,130,4,Essentielle,150,360.21,72.04,2022-01-11,2023-01-10,,
MRH_2022_00321,2022,1,Maison,130,4,Essentielle,150,371.02,74.2,2023-01-11,2024-01-10,,
MRH_2022_00321,2022,2,Maison,130,4,Essentielle,150,382.15,76.43,2024-01-11,2025-01-10,,
MRH_2022_00322,2022,0,Appartement,76,3,Confort,150,235.4,47.08,2022-08-15,2023-08-14,,
MRH_2022_00322,2022,1,Appartement,76,3,Confort,150,242.46,48.49,2023-08-15,2024-08-14,,
MRH_2022_00322,2022,2,Appartement,76,3,Confort,150,208.68,41.74,2024-08-15,2025-06-15,2025-06-15,Prix trop élevé
MRH_2022_00323,2022,0,Appartement,64,3,Confort,300,196.0,39.2,2022-12-17,2023-12-16,,
MRH_2022_00323,2022,1,Appartement,64,3,Confort,300,17.7,3.54,2023-12-17,2024-01-17,2024-01-17,Prix trop élevé
MRH_2022_00324,2022,0,Appartement,76,2,Premium,300,264.29,52.86,2022-01-18,2023-01-17,,
MRH_2022_00324,2022,1,Appartement,76,2,Premium,300,272.22,54.44,2023-01-18,2024-01-17,,
MRH_2022_00324,2022,2,Appartement,76,2,Premium,300,280.39,56.08,2024-01-18,2025-01-17,,
MRH_2022_00325,2022,0,Maison,124,5,Essentielle,150,411.49,82.3,2022-10-12,2023-10-11,,
MRH_2022_00325,2022,1,Maison,124,5,Essentielle,150,391.32,78.26,2023-10-12,2024-09-12,2024-09-12,Déménagement
MRH_2022_00326,2022,0,Appartement,83,4,Premium,500,308.78,61.76,2022-02-15,2023-02-14,,
MRH_2022_00326,2022,1,Appartement,83,4,Premium,500,318.04,63.61,2023-02-15,2024-02-14,,
MRH_2022_00326,2022,2,Appartement,83,4,Premium,500,327.58,65.52,2024-02-15,2025-02-14,,
MRH_2022_00327,2022,0,Appartement,88,2,Essentielle,300,187.34,37.47,2022-12-20,2023-12-19,,
MRH_2022_00327,2022,1,Appartement,88,2,Essentielle,300,192.96,38.59,2023-12-20,2024-12-19,,
MRH_2022_00327,2022,2,Appartement,88,2,Essentielle,300,198.75,39.75,2024-12-20,2025-12-19,,
MRH_2022_00328,2022,0,Maison,142,5,Confort,300,476.55,95.31,2022-03-01,2023-02-28,,
MRH_2022_00328,2022,1,Maison,142,5,Confort,300,490.85,98.17,2023-03-01,2024-02-29,,
MRH_2022_00328,2022,2,Maison,142,5,Confort,300,382.3,76.46,2024-03-01,2024-12-01,2024-12-01,Concurrent moins cher
MRH_2022_00329,2022,0,Maison,118,2,Confort,500,277.06,55.41,2022-12-24,2023-12-23,,
MRH_2022_00329,2022,1,Maison,118,2,Confort,500,285.37,57.07,2023-12-24,2024-12-23,,
MRH_2022_00329,2022,2,Maison,118,2,Confort,500,293.93,58.79,2024-12-24,2025-12-23,,
MRH_2022_00330,2022,0,Maison,114,3,Premium,300,404.3,80.86,2022-12-09,2023-12-08,,
MRH_2022_00330,2022,1,Maison,114,3,Premium,300,140.33,28.07,2023-12-09,2024-04-09,2024-04-09,Vente du bien
MRH_2022_00331,2022,0,Appartement,86,3,Confort,300,229.0,45.8,2022-11-27,2023-11-26,,
MRH_2022_00331,2022,1,Appartement,86,3,Confort,300,235.87,47.17,2023-11-27,2024-11-26,,
MRH_2022_00331,2022,2,Appartement,86,3,Confort,300,242.95,48.59,2024-11-27,2025-11-26,,
MRH_2022_00332,2022,0,Appartement,48,3,Essentielle,300,146.2,29.24,2022-05-28,2023-05-27,,
MRH_2022_00332,2022,1,Appartement,48,3,Essentielle,300,150.59,30.12,2023-05-28,2024-05-27,,
MRH_2022_00332,2022,2,Appartement,48,3,Essentielle,300,155.1,31.02,2024-05-28,2025-05-27,,
MRH_2022_00333,2022,0,Maison,116,2,Essentielle,300,253.56,50.71,2022-03-25,2023-03-24,,
MRH_2022_00333,2022,1,Maison,116,2,Essentielle,300,261.17,52.23,2023-03-25,2024-03-24,,
MRH_2022_00333,2022,2,Maison,116,2,Essentielle,300,269.0,53.8,2024-03-25,2025-03-24,,
MRH_2022_00334,2022,0,Appartement,43,3,Essentielle,150,153.81,30.76,2022-09-12,2023-09-11,,
MRH_2022_00334,2022,1,Appartement,43,3,Essentielle,150,158.42,31.68,2023-09-12,2024-09-11,,
MRH_2022_00334,2022,2,Appartement,43,3,Essentielle,150,163.18,32.64,2024-09-12,2025-09-11,,
MRH_2022_00335,2022,0,Appartement,63,2,Confort,150,203.25,40.65,2022-04-27,2023-04-26,,
MRH_2022_00335,2022,1,Appartement,63,2,Confort,150,209.35,41.87,2023-04-27,2024-04-26,,
MRH_2022_00335,2022,2,Appartement,63,2,Confort,150,215.63,43.13,2024-04-27,2025-04-26,,
MRH_2022_00336,2022,0,Maison,140,5,Confort,150,519.75,103.95,2022-11-10,2023-11-09,,
MRH_2022_00336,2022,1,Maison,140,5,Confort,150,535.34,107.07,2023-11-10,2024-11-09,,
MRH_2022_00336,2022,2,Maison,140,5,Confort,150,551.4,110.28,2024-11-10,2025-11-09,,
MRH_2022_00337,2022,0,Appartement,42,3,Essentielle,500,127.47,25.49,2022-02-26,2023-02-25,,
MRH_2022_00337,2022,1,Appartement,42,3,Essentielle,500,131.29,26.26,2023-02-26,2024-02-25,,
MRH_2022_00337,2022,2,Appartement,42,3,Essentielle,500,135.23,27.05,2024-02-26,2025-02-25,,
MRH_2022_00338,2022,0,Appartement,80,4,Essentielle,300,215.05,43.01,2022-07-12,2023-07-11,,
MRH_2022_00338,2022,1,Appartement,80,4,Essentielle,300,221.5,44.3,2023-07-12,2024-07-11,,
MRH_2022_00338,2022,2,Appartement,80,4,Essentielle,300,228.15,45.63,2024-07-12,2025-07-11,,
MRH_2022_00339,2022,0,Appartement,20,1,Premium,300,143.65,28.73,2022-11-15,2023-11-14,,
MRH_2022_00339,2022,1,Appartement,20,1,Premium,300,147.96,29.59,2023-11-15,2024-11-14,,
MRH_2022_00339,2022,2,Appartement,20,1,Premium,300,152.4,30.48,2024-11-15,2025-11-14,,
MRH_2022_00340,2022,0,Maison,73,4,Essentielle,500,224.38,44.88,2022-01-06,2023-01-05,,
MRH_2022_00340,2022,1,Maison,73,4,Essentielle,500,231.11,46.22,2023-01-06,2024-01-05,,
MRH_2022_00340,2022,2,Maison,73,4,Essentielle,500,238.04,47.61,2024-01-06,2025-01-05,,
MRH_2022_00341,2022,0,Maison,80,3,Confort,300,260.0,52.0,2022-05-09,2023-05-08,,
MRH_2022_00341,2022,1,Maison,80,3,Confort,300,267.8,53.56,2023-05-09,2024-05-08,,
MRH_2022_00341,2022,2,Maison,80,3,Confort,300,275.83,55.17,2024-05-09,2025-05-08,,
MRH_2022_00342,2022,0,Maison,120,3,Confort,500,294.4,58.88,2022-07-18,2023-07-17,,
MRH_2022_00342,2022,1,Maison,120,3,Confort,500,303.23,60.65,2023-07-18,2024-07-17,,
MRH_2022_00342,2022,2,Maison,120,3,Confort,500,312.33,62.47,2024-07-18,2025-07-17,,
MRH_2022_00343,2022,0,Appartement,33,4,Essentielle,150,160.75,32.15,2022-07-26,2023-07-25,,
MRH_2022_00343,2022,1,Appartement,33,4,Essentielle,150,165.57,33.11,2023-07-26,2024-07-25,,
MRH_2022_00343,2022,2,Appartement,33,4,Essentielle,150,170.54,34.11,2024-07-26,2025-07-25,,
MRH_2022_00344,2022,0,Maison,147,2,Confort,300,342.47,68.49,2022-07-09,2023-07-08,,
MRH_2022_00344,2022,1,Maison,147,2,Confort,300,352.74,70.55,2023-07-09,2024-07-08,,
MRH_2022_00344,2022,2,Maison,147,2,Confort,300,363.33,72.67,2024-07-09,2025-07-08,,
MRH_2022_00345,2022,0,Appartement,99,1,Premium,300,274.59,54.92,2022-10-08,2023-10-07,,
MRH_2022_00345,2022,1,Appartement,99,1,Premium,300,282.83,56.57,2023-10-08,2024-10-07,,
MRH_2022_00345,2022,2,Appartement,99,1,Premium,300,291.31,58.26,2024-10-08,2025-10-07,,
MRH_2022_00346,2022,0,Maison,77,2,Premium,150,347.1,69.42,2022-04-19,2023-04-18,,
MRH_2022_00346,2022,1,Maison,77,2,Premium,150,357.51,71.5,2023-04-19,2024-04-18,,
MRH_2022_00346,2022,2,Maison,77,2,Premium,150,368.24,73.65,2024-04-19,2025-04-18,,
MRH_2022_00347,2022,0,Appartement,90,2,Confort,300,223.25,44.65,2022-10-01,2023-09-30,,
MRH_2022_00347,2022,1,Appartement,90,2,Confort,300,229.95,45.99,2023-10-01,2024-09-30,,
MRH_2022_00347,2022,2,Appartement,90,2,Confort,300,236.85,47.37,2024-10-01,2025-09-30,,
MRH_2022_00348,2022,0,Appartement,24,1,Premium,500,138.26,27.65,2022-09-10,2023-09-09,,
MRH_2022_00348,2022,1,Appartement,24,1,Premium,500,142.41,28.48,2023-09-10,2024-09-09,,
MRH_2022_00348,2022,2,Appartement,24,1,Premium,500,12.45,2.49,2024-09-10,2024-10-10,2024-10-10,Prix trop élevé
MRH_2022_00349,2022,0,Maison,165,2,Confort,300,368.12,73.62,2022-06-23,2023-06-22,,
MRH_2022_00349,2022,1,Maison,165,2,Confort,300,379.16,75.83,2023-06-23,2024-06-22,,
MRH_2022_00349,2022,2,Maison,165,2,Confort,300,390.54,78.11,2024-06-23,2025-06-22,,
MRH_2022_00350,2022,0,Maison,125,1,Essentielle,300,236.62,47.32,2022-02-28,2023-02-27,,
MRH_2022_00350,2022,1,Maison,125,1,Essentielle,300,243.72,48.74,2023-02-28,2024-02-27,,
MRH_2022_00350,2022,2,Maison,125,1,Essentielle,300,251.03,50.21,2024-02-28,2025-02-27,,
MRH_2022_00351,2022,0,Appartement,54,3,Essentielle,300,153.85,30.77,2022-03-06,2023-03-05,,
MRH_2022_00351,2022,1,Appartement,54,3,Essentielle,300,158.47,31.69,2023-03-06,2024-03-05,,
MRH_2022_00351,2022,2,Appartement,54,3,Essentielle,300,163.22,32.64,2024-03-06,2025-03-05,,
MRH_2022_00352,2022,0,Maison,63,3,Essentielle,300,199.32,39.86,2022-04-22,2023-04-21,,
MRH_2022_00352,2022,1,Maison,63,3,Essentielle,300,205.3,41.06,2023-04-22,2024-04-21,,
MRH_2022_00352,2022,2,Maison,63,3,Essentielle,300,211.46,42.29,2024-04-22,2025-04-21,,
MRH_2022_00353,2022,0,Appartement,60,3,Premium,500,227.24,45.45,2022-10-02,2023-10-01,,
MRH_2022_00353,2022,1,Appartement,60,3,Premium,500,234.06,46.81,2023-10-02,2024-10-01,,
MRH_2022_00353,2022,2,Appartement,60,3,Premium,500,241.08,48.22,2024-10-02,2025-10-01,,
MRH_2022_00354,2022,0,Maison,100,3,Confort,150,319.0,63.8,2022-08-05,2023-08-04,,
MRH_2022_00354,2022,1,Maison,100,3,Confort,150,328.57,65.71,2023-08-05,2024-08-04,,
MRH_2022_00354,2022,2,Maison,100,3,Confort,150,338.43,67.69,2024-08-05,2025-08-04,,
MRH_2022_00355,2022,0,Appartement,49,5,Premium,300,304.49,60.9,2022-08-01,2023-07-31,,
MRH_2022_00355,2022,1,Appartement,49,5,Premium,300,313.62,62.72,2023-08-01,2024-07-31,,
MRH_2022_00355,2022,2,Appartement,49,5,Premium,300,323.03,64.61,2024-08-01,2025-07-31,,
MRH_2022_00356,2022,0,Appartement,97,2,Essentielle,150,218.07,43.61,2022-01-13,2023-01-12,,
MRH_2022_00356,2022,1,Appartement,97,2,Essentielle,150,224.61,44.92,2023-01-13,2024-01-12,,
MRH_2022_00356,2022,2,Appartement,97,2,Essentielle,150,231.35,46.27,2024-01-13,2025-01-12,,
MRH_2022_00357,2022,0,Appartement,20,2,Confort,500,113.62,22.72,2022-10-21,2023-10-20,,
MRH_2022_00357,2022,1,Appartement,20,2,Confort,500,117.03,23.41,2023-10-21,2024-10-20,,
MRH_2022_00357,2022,2,Appartement,20,2,Confort,500,120.54,24.11,2024-10-21,2025-10-20,,
MRH_2022_00358,2022,0,Appartement,91,4,Essentielle,150,254.3,50.86,2022-06-09,2023-06-08,,
MRH_2022_00358,2022,1,Appartement,91,4,Essentielle,150,261.93,52.39,2023-06-09,2024-06-08,,
MRH_2022_00358,2022,2,Appartement,91,4,Essentielle,150,68.74,13.75,2024-06-09,2024-09-09,2024-09-09,Insatisfaction service
MRH_2022_00359,2022,0,Appartement,118,5,Essentielle,500,292.43,58.49,2022-12-01,2023-11-30,,
MRH_2022_00359,2022,1,Appartement,118,5,Essentielle,500,301.2,60.24,2023-12-01,2024-11-30,,
MRH_2022_00359,2022,2,Appartement,118,5,Essentielle,500,310.24,62.05,2024-12-01,2025-11-30,,
MRH_2022_00360,2022,0,Maison,163,3,Essentielle,300,326.82,65.36,2022-04-07,2023-04-06,,
MRH_2022_00360,2022,1,Maison,163,3,Essentielle,300,336.62,67.32,2023-04-07,2024-04-06,,
MRH_2022_00360,2022,2,Maison,163,3,Essentielle,300,346.72,69.34,2024-04-07,2025-04-06,,
MRH_2022_00361,2022,0,Maison,63,2,Essentielle,500,174.21,34.84,2022-10-18,2023-10-17,,
MRH_2022_00361,2022,1,Maison,63,2,Essentielle,500,179.44,35.89,2023-10-18,2024-10-17,,
MRH_2022_00361,2022,2,Maison,63,2,Essentielle,500,184.82,36.96,2024-10-18,2025-10-17,,
MRH_2022_00362,2022,0,Appartement,55,3,Essentielle,500,142.72,28.54,2022-04-04,2023-04-03,,
MRH_2022_00362,2022,1,Appartement,55,3,Essentielle,500,37.05,7.41,2023-04-04,2023-07-04,2023-07-04,Concurrent moins cher
MRH_2022_00363,2022,0,Maison,100,4,Confort,300,333.5,66.7,2022-02-21,2023-02-20,,
MRH_2022_00363,2022,1,Maison,100,4,Confort,300,343.5,68.7,2023-02-21,2024-02-20,,
MRH_2022_00363,2022,2,Maison,100,4,Confort,300,353.81,70.76,2024-02-21,2025-02-20,,
MRH_2022_00364,2022,0,Maison,123,2,Confort,300,308.27,61.65,2022-08-15,2023-08-14,,
MRH_2022_00364,2022,1,Maison,123,2,Confort,300,317.52,63.5,2023-08-15,2024-08-14,,
MRH_2022_00364,2022,2,Maison,123,2,Confort,300,327.04,65.41,2024-08-15,2025-08-14,,
MRH_2022_00365,2022,0,Appartement,87,1,Confort,500,180.25,36.05,2022-10-08,2023-10-07,,
MRH_2022_00365,2022,1,Appartement,87,1,Confort,500,185.66,37.13,2023-10-08,2024-10-07,,
MRH_2022_00365,2022,2,Appartement,87,1,Confort,500,191.23,38.25,2024-10-08,2025-10-07,,
MRH_2022_00366,2022,0,Maison,170,3,Confort,500,363.4,72.68,2022-10-08,2023-10-07,,
MRH_2022_00366,2022,1,Maison,170,3,Confort,500,374.3,74.86,2023-10-08,2024-10-07,,
MRH_2022_00366,2022,2,Maison,170,3,Confort,500,385.53,77.11,2024-10-08,2025-10-07,,
MRH_2022_00367,2022,0,Maison,109,5,Premium,300,532.64,106.53,2022-02-25,2023-02-24,,
MRH_2022_00367,2022,1,Maison,109,5,Premium,300,548.62,109.72,2023-02-25,2024-02-24,,
MRH_2022_00367,2022,2,Maison,109,5,Premium,300,565.08,113.02,2024-02-25,2025-02-24,,
MRH_2022_00368,2022,0,Appartement,36,2,Essentielle,150,136.79,27.36,2022-07-03,2023-07-02,,
MRH_2022_00368,2022,1,Appartement,36,2,Essentielle,150,140.89,28.18,2023-07-03,2024-07-02,,
MRH_2022_00368,2022,2,Appartement,36,2,Essentielle,150,145.12,29.02,2024-07-03,2025-07-02,,
MRH_2022_00369,2022,0,Maison,67,2,Premium,150,326.72,65.34,2022-02-13,2023-02-12,,
MRH_2022_00369,2022,1,Maison,67,2,Premium,150,336.52,67.3,2023-02-13,2024-02-12,,
MRH_2022_00369,2022,2,Maison,67,2,Premium,150,346.62,69.32,2024-02-13,2025-02-12,,
MRH_2022_00370,2022,0,Maison,65,3,Premium,150,339.62,67.92,2022-12-20,2023-12-19,,
MRH_2022_00370,2022,1,Maison,65,3,Premium,150,349.81,69.96,2023-12-20,2024-12-19,,
MRH_2022_00370,2022,2,Maison,65,3,Premium,150,360.3,72.06,2024-12-20,2025-12-19,,
MRH_2022_00371,2022,0,Appartement,84,3,Premium,150,323.18,64.64,2022-02-19,2023-02-18,,
MRH_2022_00371,2022,1,Appartement,84,3,Premium,150,332.88,66.58,2023-02-19,2024-02-18,,
MRH_2022_00371,2022,2,Appartement,84,3,Premium,150,342.86,68.57,2024-02-19,2025-02-18,,
MRH_2022_00372,2022,0,Maison,161,4,Premium,300,570.34,114.07,2022-07-21,2023-07-20,,
MRH_2022_00372,2022,1,Maison,161,4,Premium,300,587.45,117.49,2023-07-21,2024-07-20,,
MRH_2022_00372,2022,2,Maison,161,4,Premium,300,605.07,121.01,2024-07-21,2025-07-20,,
MRH_2022_00373,2022,0,Appartement,62,3,Confort,150,212.3,42.46,2022-07-11,2023-07-10,,
MRH_2022_00373,2022,1,Appartement,62,3,Confort,150,218.67,43.73,2023-07-11,2024-07-10,,
MRH_2022_00373,2022,2,Appartement,62,3,Confort,150,150.56,30.11,2024-07-11,2025-03-11,2025-03-11,Concurrent moins cher
MRH_2022_00374,2022,0,Maison,142,1,Premium,300,390.07,78.01,2022-05-09,2023-05-08,,
MRH_2022_00374,2022,1,Maison,142,1,Premium,300,401.77,80.35,2023-05-09,2024-05-08,,
MRH_2022_00374,2022,2,Maison,142,1,Premium,300,413.83,82.77,2024-05-09,2025-05-08,,
MRH_2022_00375,2022,0,Maison,148,2,Confort,300,343.9,68.78,2022-05-24,2023-05-23,,
MRH_2022_00375,2022,1,Maison,148,2,Confort,300,354.22,70.84,2023-05-24,2024-05-23,,
MRH_2022_00375,2022,2,Maison,148,2,Confort,300,364.84,72.97,2024-05-24,2025-05-23,,
MRH_2022_00376,2022,0,Appartement,61,2,Premium,500,217.58,43.52,2022-09-28,2023-09-27,,
MRH_2022_00376,2022,1,Appartement,61,2,Premium,500,224.11,44.82,2023-09-28,2024-09-27,,
MRH_2022_00376,2022,2,Appartement,61,2,Premium,500,58.18,11.64,2024-09-28,2024-12-28,2024-12-28,Déménagement
MRH_2022_00377,2022,0,Appartement,51,4,Premium,150,290.25,58.05,2022-03-07,2023-03-06,,
MRH_2022_00377,2022,1,Appartement,51,4,Premium,150,298.96,59.79,2023-03-07,2024-03-06,,
MRH_2022_00377,2022,2,Appartement,51,4,Premium,150,307.93,61.59,2024-03-07,2025-03-06,,
MRH_2022_00378,2022,0,Appartement,64,1,Essentielle,300,141.61,28.32,2022-12-07,2023-12-06,,
MRH_2022_00378,2022,1,Appartement,64,1,Essentielle,300,145.86,29.17,2023-12-07,2024-12-06,,
MRH_2022_00378,2022,2,Appartement,64,1,Essentielle,300,150.23,30.05,2024-12-07,2025-12-06,,
MRH_2022_00379,2022,0,Appartement,56,1,Confort,500,143.89,28.78,2022-03-28,2023-03-27,,
MRH_2022_00379,2022,1,Appartement,56,1,Confort,500,148.21,29.64,2023-03-28,2024-03-27,,
MRH_2022_00379,2022,2,Appartement,56,1,Confort,500,152.65,30.53,2024-03-28,2025-03-27,,
MRH_2022_00380,2022,0,Appartement,55,4,Essentielle,150,196.23,39.25,2022-05-01,2023-04-30,,
MRH_2022_00380,2022,1,Appartement,55,4,Essentielle,150,202.12,40.42,2023-05-01,2024-04-30,,
MRH_2022_00380,2022,2,Appartement,55,4,Essentielle,150,208.18,41.64,2024-05-01,2025-04-30,,
MRH_2022_00381,2022,0,Appartement,113,3,Confort,300,269.5,53.9,2022-11-14,2023-11-13,,
MRH_2022_00381,2022,1,Appartement,113,3,Confort,300,277.58,55.52,2023-11-14,2024-11-13,,
MRH_2022_00381,2022,2,Appartement,113,3,Confort,300,285.91,57.18,2024-11-14,2025-11-13,,
MRH_2022_00382,2022,0,Maison,102,3,Confort,300,293.0,58.6,2022-11-06,2023-11-05,,
MRH_2022_00382,2022,1,Maison,102,3,Confort,300,301.79,60.36,2023-11-06,2024-11-05,,
MRH_2022_00382,2022,2,Maison,102,3,Confort,300,129.45,25.89,2024-11-06,2025-04-06,2025-04-06,Vente du bien
MRH_2022_00383,2022,0,Maison,84,3,Confort,500,244.72,48.94,2022-06-15,2023-06-14,,
MRH_2022_00383,2022,1,Maison,84,3,Confort,500,252.06,50.41,2023-06-15,2024-06-14,,
MRH_2022_00383,2022,2,Maison,84,3,Confort,500,259.62,51.92,2024-06-15,2025-06-14,,
MRH_2022_00384,2022,0,Maison,218,4,Confort,150,590.75,118.15,2022-01-17,2023-01-16,,
MRH_2022_00384,2022,1,Maison,218,4,Confort,150,608.47,121.69,2023-01-17,2024-01-16,,
MRH_2022_00384,2022,2,Maison,218,4,Confort,150,626.73,125.35,2024-01-17,2025-01-16,,
MRH_2022_00385,2022,0,Maison,70,2,Confort,500,214.13,42.83,2022-02-11,2023-02-10,,
MRH_2022_00385,2022,1,Maison,70,2,Confort,500,220.55,44.11,2023-02-11,2024-02-10,,
MRH_2022_00385,2022,2,Maison,70,2,Confort,500,227.17,45.43,2024-02-11,2025-02-10,,
MRH_2022_00386,2022,0,Maison,99,2,Confort,300,274.07,54.81,2022-04-05,2023-04-04,,
MRH_2022_00386,2022,1,Maison,99,2,Confort,300,282.29,56.46,2023-04-05,2024-04-04,,
MRH_2022_00386,2022,2,Maison,99,2,Confort,300,290.76,58.15,2024-04-05,2025-04-04,,
MRH_2022_00387,2022,0,Appartement,93,3,Essentielle,300,203.57,40.71,2022-12-01,2023-11-30,,
MRH_2022_00387,2022,1,Appartement,93,3,Essentielle,300,209.68,41.94,2023-12-01,2024-11-30,,
MRH_2022_00387,2022,2,Appartement,93,3,Essentielle,300,215.97,43.19,2024-12-01,2025-11-30,,
MRH_2022_00388,2022,0,Appartement,29,3,Confort,150,157.85,31.57,2022-10-23,2023-10-22,,
MRH_2022_00388,2022,1,Appartement,29,3,Confort,150,162.59,32.52,2023-10-23,2024-10-22,,
MRH_2022_00388,2022,2,Appartement,29,3,Confort,150,167.46,33.49,2024-10-23,2025-10-22,,
MRH_2022_00389,2022,0,Appartement,56,3,Confort,300,184.0,36.8,2022-09-10,2023-09-09,,
MRH_2022_00389,2022,1,Appartement,56,3,Confort,300,189.52,37.9,2023-09-10,2024-09-09,,
MRH_2022_00389,2022,2,Appartement,56,3,Confort,300,195.21,39.04,2024-09-10,2025-09-09,,
MRH_2022_00390,2022,0,Maison,60,2,Essentielle,300,185.72,37.14,2022-12-09,2023-12-08,,
MRH_2022_00390,2022,1,Maison,60,2,Essentielle,300,191.29,38.26,2023-12-09,2024-12-08,,
MRH_2022_00390,2022,2,Maison,60,2,Essentielle,300,197.03,39.41,2024-12-09,2025-12-08,,
MRH_2022_00391,2022,0,Maison,201,3,Essentielle,300,375.27,75.05,2022-12-28,2023-12-27,,
MRH_2022_00391,2022,1,Maison,201,3,Essentielle,300,386.53,77.31,2023-12-28,2024-12-27,,
MRH_2022_00391,2022,2,Maison,201,3,Essentielle,300,398.12,79.62,2024-12-28,2025-12-27,,
MRH_2022_00392,2022,0,Appartement,47,2,Essentielle,150,151.45,30.29,2022-08-02,2023-08-01,,
MRH_2022_00392,2022,1,Appartement,47,2,Essentielle,150,155.99,31.2,2023-08-02,2024-08-01,,
MRH_2022_00392,2022,2,Appartement,47,2,Essentielle,150,160.67,32.13,2024-08-02,2025-08-01,,
MRH_2022_00393,2022,0,Maison,195,3,Premium,500,517.27,103.45,2022-09-10,2023-09-09,,
MRH_2022_00393,2022,1,Maison,195,3,Premium,500,532.79,106.56,2023-09-10,2024-09-09,,
MRH_2022_00393,2022,2,Maison,195,3,Premium,500,548.77,109.75,2024-09-10,2025-09-09,,
MRH_2022_00394,2022,0,Appartement,87,5,Essentielle,500,243.34,48.67,2022-03-11,2023-03-10,,
MRH_2022_00394,2022,1,Appartement,87,5,Essentielle,500,250.64,50.13,2023-03-11,2024-03-10,,
MRH_2022_00394,2022,2,Appartement,87,5,Essentielle,500,258.16,51.63,2024-03-11,2025-03-10,,
MRH_2022_00395,2022,0,Appartement,28,2,Essentielle,500,105.49,21.1,2022-05-07,2023-05-06,,
MRH_2022_00395,2022,1,Appartement,28,2,Essentielle,500,108.65,21.73,2023-05-07,2024-05-06,,
MRH_2022_00395,2022,2,Appartement,28,2,Essentielle,500,111.91,22.38,2024-05-07,2025-05-06,,
MRH_2022_00396,2022,0,Maison,222,3,Confort,150,520.3,104.06,2022-03-20,2023-03-19,,
MRH_2022_00396,2022,1,Maison,222,3,Confort,150,535.91,107.18,2023-03-20,2024-03-19,,
MRH_2022_00396,2022,2,Maison,222,3,Confort,150,551.99,110.4,2024-03-20,2025-03-19,,
MRH_2022_00397,2022,0,Appartement,62,3,Confort,150,212.3,42.46,2022-06-25,2023-06-24,,
MRH_2022_00397,2022,1,Appartement,62,3,Confort,150,218.67,43.73,2023-06-25,2024-06-24,,
MRH_2022_00397,2022,2,Appartement,62,3,Confort,150,225.23,45.05,2024-06-25,2025-06-24,,
MRH_2022_00398,2022,0,Maison,120,3,Essentielle,300,272.0,54.4,2022-05-05,2023-05-04,,
MRH_2022_00398,2022,1,Maison,120,3,Essentielle,300,212.61,42.52,2023-05-05,2024-02-05,2024-02-05,Vente du bien
MRH_2022_00399,2022,0,Appartement,72,5,Confort,300,280.8,56.16,2022-07-22,2023-07-21,,
MRH_2022_00399,2022,1,Appartement,72,5,Confort,300,289.22,57.84,2023-07-22,2024-07-21,,
MRH_2022_00399,2022,2,Appartement,72,5,Confort,300,297.9,59.58,2024-07-22,2025-07-21,,
MRH_2022_00400,2022,0,Maison,124,2,Essentielle,500,242.19,48.44,2022-01-08,2023-01-07,,
MRH_2022_00400,2022,1,Maison,124,2,Essentielle,500,249.46,49.89,2023-01-08,2024-01-07,,
MRH_2022_00400,2022,2,Maison,124,2,Essentielle,500,256.94,51.39,2024-01-08,2025-01-07,,
MRH_2022_00401,2022,0,Appartement,94,1,Confort,150,225.34,45.07,2022-07-21,2023-07-20,,
MRH_2022_00401,2022,1,Appartement,94,1,Confort,150,232.1,46.42,2023-07-21,2024-07-20,,
MRH_2022_00401,2022,2,Appartement,94,1,Confort,150,239.06,47.81,2024-07-21,2025-07-20,,
MRH_2022_00402,2022,0,Appartement,69,5,Confort,150,302.2,60.44,2022-01-23,2023-01-22,,
MRH_2022_00402,2022,1,Appartement,69,5,Confort,150,208.08,41.62,2023-01-23,2023-09-23,2023-09-23,Insatisfaction service
MRH_2022_00403,2022,0,Appartement,64,2,Confort,150,204.82,40.96,2022-05-14,2023-05-13,,
MRH_2022_00403,2022,1,Appartement,64,2,Confort,150,210.96,42.19,2023-05-14,2024-05-13,,
MRH_2022_00403,2022,2,Appartement,64,2,Confort,150,217.29,43.46,2024-05-14,2025-05-13,,
MRH_2022_00404,2022,0,Appartement,103,3,Essentielle,150,237.96,47.59,2022-09-24,2023-09-23,,
MRH_2022_00404,2022,1,Appartement,103,3,Essentielle,150,245.1,49.02,2023-09-24,2024-09-23,,
MRH_2022_00404,2022,2,Appartement,103,3,Essentielle,150,252.45,50.49,2024-09-24,2025-09-23,,
MRH_2022_00405,2022,0,Maison,65,4,Premium,300,355.06,71.01,2022-06-23,2023-06-22,,
MRH_2022_00405,2022,1,Maison,65,4,Premium,300,365.71,73.14,2023-06-23,2024-06-22,,
MRH_2022_00405,2022,2,Maison,65,4,Premium,300,376.68,75.34,2024-06-23,2025-06-22,,
MRH_2022_00406,2022,0,Appartement,65,5,Confort,500,245.3,49.06,2022-06-08,2023-06-07,,
MRH_2022_00406,2022,1,Appartement,65,5,Confort,500,232.58,46.52,2023-06-08,2024-05-08,2024-05-08,Déménagement
MRH_2022_00407,2022,0,Maison,150,1,Essentielle,150,290.08,58.02,2022-12-24,2023-12-23,,
MRH_2022_00407,2022,1,Maison,150,1,Essentielle,150,125.25,25.05,2023-12-24,2024-05-24,2024-05-24,Prix trop élevé
MRH_2022_00408,2022,0,Appartement,33,5,Essentielle,150,188.71,37.74,2022-02-27,2023-02-26,,
MRH_2022_00408,2022,1,Appartement,33,5,Essentielle,150,194.37,38.87,2023-02-27,2024-02-26,,
MRH_2022_00408,2022,2,Appartement,33,5,Essentielle,150,83.38,16.68,2024-02-27,2024-07-27,2024-07-27,Concurrent moins cher
MRH_2022_00409,2022,0,Maison,94,1,Confort,150,262.74,52.55,2022-01-28,2023-01-27,,
MRH_2022_00409,2022,1,Maison,94,1,Confort,150,270.62,54.12,2023-01-28,2024-01-27,,
MRH_2022_00409,2022,2,Maison,94,1,Confort,150,278.74,55.75,2024-01-28,2025-01-27,,
MRH_2022_00410,2022,0,Appartement,102,4,Premium,300,378.24,75.65,2022-12-03,2023-12-02,,
MRH_2022_00410,2022,1,Appartement,102,4,Premium,300,389.59,77.92,2023-12-03,2024-12-02,,
MRH_2022_00410,2022,2,Appartement,102,4,Premium,300,401.27,80.25,2024-12-03,2025-12-02,,
MRH_2022_00411,2022,0,Appartement,42,4,Confort,500,172.45,34.49,2022-07-21,2023-07-20,,
MRH_2022_00411,2022,1,Appartement,42,4,Confort,500,177.62,35.52,2023-07-21,2024-07-20,,
MRH_2022_00411,2022,2,Appartement,42,4,Confort,500,182.95,36.59,2024-07-21,2025-07-20,,
MRH_2022_00412,2022,0,Appartement,81,3,Premium,300,287.95,57.59,2022-02-14,2023-02-13,,
MRH_2022_00412,2022,1,Appartement,81,3,Premium,300,296.59,59.32,2023-02-14,2024-02-13,,
MRH_2022_00412,2022,2,Appartement,81,3,Premium,300,305.49,61.1,2024-02-14,2025-02-13,,
MRH_2022_00413,2022,0,Appartement,33,4,Confort,300,171.92,34.38,2022-08-16,2023-08-15,,
MRH_2022_00413,2022,1,Appartement,33,4,Confort,300,103.82,20.76,2023-08-16,2024-03-16,2024-03-16,Insatisfaction service
MRH_2022_00414,2022,0,Appartement,78,2,Essentielle,300,175.23,35.05,2022-11-28,2023-11-27,,
MRH_2022_00414,2022,1,Appartement,78,2,Essentielle,300,180.49,36.1,2023-11-28,2024-11-27,,
MRH_2022_00414,2022,2,Appartement,78,2,Essentielle,300,185.9,37.18,2024-11-28,2025-11-27,,
MRH_2022_00415,2022,0,Maison,168,2,Essentielle,500,291.22,58.24,2022-03-27,2023-03-26,,
MRH_2022_00415,2022,1,Maison,168,2,Essentielle,500,299.96,59.99,2023-03-27,2024-03-26,,
MRH_2022_00415,2022,2,Maison,168,2,Essentielle,500,308.96,61.79,2024-03-27,2025-03-26,,
MRH_2022_00416,2022,0,Maison,153,1,Premium,500,375.63,75.13,2022-08-28,2023-08-27,,
MRH_2022_00416,2022,1,Maison,153,1,Premium,500,386.9,77.38,2023-08-28,2024-08-27,,
MRH_2022_00416,2022,2,Maison,153,1,Premium,500,398.51,79.7,2024-08-28,2025-08-27,,
MRH_2022_00417,2022,0,Appartement,55,3,Confort,500,167.9,33.58,2022-07-27,2023-07-26,,
MRH_2022_00417,2022,1,Appartement,55,3,Confort,500,172.94,34.59,2023-07-27,2024-07-26,,
MRH_2022_00417,2022,2,Appartement,55,3,Confort,500,178.13,35.63,2024-07-27,2025-07-26,,
MRH_2022_00418,2022,0,Maison,148,3,Premium,500,432.95,86.59,2022-06-04,2023-06-03,,
MRH_2022_00418,2022,1,Maison,148,3,Premium,500,445.94,89.19,2023-06-04,2024-06-03,,
MRH_2022_00418,2022,2,Maison,148,3,Premium,500,459.32,91.86,2024-06-04,2025-06-03,,
MRH_2022_00419,2022,0,Appartement,59,3,Premium,300,245.05,49.01,2022-09-18,2023-09-17,,
MRH_2022_00419,2022,1,Appartement,59,3,Premium,300,252.4,50.48,2023-09-18,2024-09-17,,
MRH_2022_00419,2022,2,Appartement,59,3,Premium,300,259.97,51.99,2024-09-18,2025-09-17,,
MRH_2022_00420,2022,0,Maison,126,2,Essentielle,300,265.67,53.13,2022-08-11,2023-08-10,,
MRH_2022_00420,2022,1,Maison,126,2,Essentielle,300,273.64,54.73,2023-08-11,2024-08-10,,
MRH_2022_00420,2022,2,Maison,126,2,Essentielle,300,281.85,56.37,2024-08-11,2025-08-10,,
MRH_2022_00421,2022,0,Appartement,43,1,Confort,300,139.82,27.96,2022-01-11,2023-01-10,,
MRH_2022_00421,2022,1,Appartement,43,1,Confort,300,144.01,28.8,2023-01-11,2024-01-10,,
MRH_2022_00421,2022,2,Appartement,43,1,Confort,300,148.34,29.67,2024-01-11,2025-01-10,,
MRH_2022_00422,2022,0,Maison,67,3,Confort,150,264.55,52.91,2022-01-06,2023-01-05,,
MRH_2022_00422,2022,1,Maison,67,3,Confort,150,272.49,54.5,2023-01-06,2024-01-05,,
MRH_2022_00422,2022,2,Maison,67,3,Confort,150,280.66,56.13,2024-01-06,2025-01-05,,
MRH_2022_00423,2022,0,Maison,94,2,Essentielle,500,208.75,41.75,2022-04-15,2023-04-14,,
MRH_2022_00423,2022,1,Maison,94,2,Essentielle,500,215.01,43.0,2023-04-15,2024-04-14,,
MRH_2022_00423,2022,2,Maison,94,2,Essentielle,500,221.46,44.29,2024-04-15,2025-04-14,,
MRH_2022_00424,2022,0,Appartement,75,4,Essentielle,150,228.49,45.7,2022-08-15,2023-08-14,,
MRH_2022_00424,2022,1,Appartement,75,4,Essentielle,150,235.34,47.07,2023-08-15,2024-08-14,,
MRH_2022_00424,2022,2,Appartement,75,4,Essentielle,150,242.41,48.48,2024-08-15,2025-08-14,,
MRH_2022_00425,2022,0,Appartement,34,1,Premium,500,153.51,30.7,2022-09-25,2023-09-24,,
MRH_2022_00425,2022,1,Appartement,34,1,Premium,500,158.12,31.62,2023-09-25,2024-09-24,,
MRH_2022_00425,2022,2,Appartement,34,1,Premium,500,162.86,32.57,2024-09-25,2025-09-24,,
MRH_2022_00426,2022,0,Appartement,65,3,Essentielle,500,154.44,30.89,2022-11-20,2023-11-19,,
MRH_2022_00426,2022,1,Appartement,65,3,Essentielle,500,159.07,31.81,2023-11-20,2024-11-19,,
MRH_2022_00426,2022,2,Appartement,65,3,Essentielle,500,163.85,32.77,2024-11-20,2025-11-19,,
MRH_2022_00427,2022,0,Maison,72,3,Essentielle,500,193.94,38.79,2022-06-10,2023-06-09,,
MRH_2022_00427,2022,1,Maison,72,3,Essentielle,500,199.76,39.95,2023-06-10,2024-06-09,,
MRH_2022_00427,2022,2,Maison,72,3,Essentielle,500,205.75,41.15,2024-06-10,2025-06-09,,
MRH_2022_00428,2022,0,Appartement,81,3,Confort,300,221.5,44.3,2022-12-18,2023-12-17,,
MRH_2022_00428,2022,1,Appartement,81,3,Confort,300,228.15,45.63,2023-12-18,2024-12-17,,
MRH_2022_00428,2022,2,Appartement,81,3,Confort,300,234.99,47.0,2024-12-18,2025-12-17,,
MRH_2022_00429,2022,0,Maison,101,3,Essentielle,300,247.78,49.56,2022-11-05,2023-11-04,,
MRH_2022_00429,2022,1,Maison,101,3,Essentielle,300,255.21,51.04,2023-11-05,2024-11-04,,
MRH_2022_00429,2022,2,Maison,101,3,Essentielle,300,262.87,52.57,2024-11-05,2025-11-04,,
MRH_2022_00430,2022,0,Maison,100,3,Confort,300,290.0,58.0,2022-12-04,2023-12-03,,
MRH_2022_00430,2022,1,Maison,100,3,Confort,300,298.7,59.74,2023-12-04,2024-12-03,,
MRH_2022_00430,2022,2,Maison,100,3,Confort,300,307.66,61.53,2024-12-04,2025-12-03,,
MRH_2022_00431,2022,0,Appartement,101,3,Premium,300,326.95,65.39,2022-07-26,2023-07-25,,
MRH_2022_00431,2022,1,Appartement,101,3,Premium,300,58.12,11.62,2023-07-26,2023-09-26,2023-09-26,Déménagement
MRH_2022_00432,2022,0,Appartement,51,1,Essentielle,300,127.52,25.5,2022-03-10,2023-03-09,,
MRH_2022_00432,2022,1,Appartement,51,1,Essentielle,300,131.35,26.27,2023-03-10,2024-03-09,,
MRH_2022_00432,2022,2,Appartement,51,1,Essentielle,300,135.29,27.06,2024-03-10,2025-03-09,,
MRH_2022_00433,2022,0,Appartement,68,3,Confort,500,185.84,37.17,2022-02-20,2023-02-19,,
MRH_2022_00433,2022,1,Appartement,68,3,Confort,500,191.42,38.28,2023-02-20,2024-02-19,,
MRH_2022_00433,2022,2,Appartement,68,3,Confort,500,197.16,39.43,2024-02-20,2025-02-19,,
MRH_2022_00434,2022,0,Maison,93,3,Confort,300,279.5,55.9,2022-09-26,2023-09-25,,
MRH_2022_00434,2022,1,Maison,93,3,Confort,300,287.88,57.58,2023-09-26,2024-09-25,,
MRH_2022_00434,2022,2,Maison,93,3,Confort,300,296.52,59.3,2024-09-26,2025-09-25,,
MRH_2022_00435,2022,0,Maison,157,3,Confort,300,375.5,75.1,2022-09-02,2023-09-01,,
MRH_2022_00435,2022,1,Maison,157,3,Confort,300,163.18,32.64,2023-09-02,2024-02-02,2024-02-02,Prix trop élevé
MRH_2022_00436,2022,0,Maison,131,4,Premium,300,503.07,100.61,2022-11-23,2023-11-22,,
MRH_2022_00436,2022,1,Maison,131,4,Premium,300,518.16,103.63,2023-11-23,2024-11-22,,
MRH_2022_00436,2022,2,Maison,131,4,Premium,300,533.71,106.74,2024-11-23,2025-11-22,,
MRH_2022_00437,2022,0,Appartement,63,3,Essentielle,500,152.1,30.42,2022-03-22,2023-03-21,,
MRH_2022_00437,2022,1,Appartement,63,3,Essentielle,500,39.91,7.98,2023-03-22,2023-06-22,2023-06-22,Vente du bien
MRH_2022_00438,2022,0,Appartement,48,1,Essentielle,300,124.27,24.85,2022-03-06,2023-03-05,,
MRH_2022_00438,2022,1,Appartement,48,1,Essentielle,300,128.0,25.6,2023-03-06,2024-03-05,,
MRH_2022_00438,2022,2,Appartement,48,1,Essentielle,300,131.84,26.37,2024-03-06,2025-03-05,,
MRH_2022_00439,2022,0,Appartement,61,2,Essentielle,150,170.1,34.02,2022-11-20,2023-11-19,,
MRH_2022_00439,2022,1,Appartement,61,2,Essentielle,150,175.2,35.04,2023-11-20,2024-11-19,,
MRH_2022_00439,2022,2,Appartement,61,2,Essentielle,150,180.46,36.09,2024-11-20,2025-11-19,,
MRH_2022_00440,2022,0,Maison,97,3,Essentielle,300,242.67,48.53,2022-09-08,2023-09-07,,
MRH_2022_00440,2022,1,Maison,97,3,Essentielle,300,249.95,49.99,2023-09-08,2024-09-07,,
MRH_2022_00440,2022,2,Maison,97,3,Essentielle,300,257.45,51.49,2024-09-08,2025-09-07,,
MRH_2022_00441,2022,0,Maison,146,3,Essentielle,300,305.15,61.03,2022-11-11,2023-11-10,,
MRH_2022_00441,2022,1,Maison,146,3,Essentielle,300,314.3,62.86,2023-11-11,2024-11-10,,
MRH_2022_00441,2022,2,Maison,146,3,Essentielle,300,323.73,64.75,2024-11-11,2025-11-10,,
MRH_2022_00442,2022,0,Maison,162,3,Confort,150,421.3,84.26,2022-02-22,2023-02-21,,
MRH_2022_00442,2022,1,Maison,162,3,Confort,150,433.94,86.79,2023-02-22,2024-02-21,,
MRH_2022_00442,2022,2,Maison,162,3,Confort,150,446.96,89.39,2024-02-22,2025-02-21,,
MRH_2022_00443,2022,0,Maison,146,1,Premium,500,364.96,72.99,2022-02-13,2023-02-12,,
MRH_2022_00443,2022,1,Maison,146,1,Premium,500,375.91,75.18,2023-02-13,2024-02-12,,
MRH_2022_00443,2022,2,Maison,146,1,Premium,500,387.19,77.44,2024-02-13,2025-02-12,,
MRH_2022_00444,2022,0,Appartement,55,3,Confort,500,167.9,33.58,2022-08-02,2023-08-01,,
MRH_2022_00444,2022,1,Appartement,55,3,Confort,500,172.94,34.59,2023-08-02,2024-08-01,,
MRH_2022_00444,2022,2,Appartement,55,3,Confort,500,178.13,35.63,2024-08-02,2025-08-01,,
MRH_2022_00445,2022,0,Appartement,74,5,Confort,150,313.34,62.67,2022-11-03,2023-11-02,,
MRH_2022_00445,2022,1,Appartement,74,5,Confort,150,322.74,64.55,2023-11-03,2024-11-02,,
MRH_2022_00445,2022,2,Appartement,74,5,Confort,150,332.42,66.48,2024-11-03,2025-11-02,,
MRH_2022_00446,2022,0,Appartement,70,3,Premium,300,266.5,53.3,2022-09-27,2023-09-26,,
MRH_2022_00446,2022,1,Appartement,70,3,Premium,300,274.5,54.9,2023-09-27,2024-09-26,,
MRH_2022_00446,2022,2,Appartement,70,3,Premium,300,282.73,56.55,2024-09-27,2025-09-26,,
MRH_2022_00447,2022,0,Maison,62,3,Essentielle,500,182.21,36.44,2022-12-11,2023-12-10,,
MRH_2022_00447,2022,1,Maison,62,3,Essentielle,500,32.39,6.48,2023-12-11,2024-02-11,2024-02-11,Déménagement
MRH_2022_00448,2022,0,Appartement,20,2,Essentielle,300,104.97,20.99,2022-05-14,2023-05-13,,
MRH_2022_00448,2022,1,Appartement,20,2,Essentielle,300,108.12,21.62,2023-05-14,2024-05-13,,
MRH_2022_00448,2022,2,Appartement,20,2,Essentielle,300,111.36,22.27,2024-05-14,2025-05-13,,
MRH_2022_00449,2022,0,Appartement,102,3,Confort,150,278.3,55.66,2022-12-19,2023-12-18,,
MRH_2022_00449,2022,1,Appartement,102,3,Confort,150,49.48,9.9,2023-12-19,2024-02-19,2024-02-19,Concurrent moins cher
MRH_2022_00450,2022,0,Maison,126,1,Confort,300,279.65,55.93,2022-10-03,2023-10-02,,
MRH_2022_00450,2022,1,Maison,126,1,Confort,300,288.04,57.61,2023-10-03,2024-10-02,,
MRH_2022_00450,2022,2,Maison,126,1,Confort,300,296.68,59.34,2024-10-03,2025-10-02,,
MRH_2022_00451,2022,0,Appartement,67,2,Essentielle,500,148.95,29.79,2022-09-10,2023-09-09,,
MRH_2022_00451,2022,1,Appartement,67,2,Essentielle,500,153.42,30.68,2023-09-10,2024-09-09,,
MRH_2022_00451,2022,2,Appartement,67,2,Essentielle,500,158.02,31.6,2024-09-10,2025-09-09,,
MRH_2022_00452,2022,0,Maison,111,5,Confort,300,413.78,82.76,2022-01-18,2023-01-17,,
MRH_2022_00452,2022,1,Maison,111,5,Confort,300,426.19,85.24,2023-01-18,2024-01-17,,
MRH_2022_00452,2022,2,Maison,111,5,Confort,300,438.98,87.8,2024-01-18,2025-01-17,,
MRH_2022_00453,2022,0,Appartement,42,3,Essentielle,300,138.55,27.71,2022-12-24,2023-12-23,,
MRH_2022_00453,2022,1,Appartement,42,3,Essentielle,300,142.71,28.54,2023-12-24,2024-12-23,,
MRH_2022_00453,2022,2,Appartement,42,3,Essentielle,300,146.99,29.4,2024-12-24,2025-12-23,,
MRH_2022_00454,2022,0,Appartement,53,3,Confort,300,179.5,35.9,2022-03-08,2023-03-07,,
MRH_2022_00454,2022,1,Appartement,53,3,Confort,300,184.88,36.98,2023-03-08,2024-03-07,,
MRH_2022_00454,2022,2,Appartement,53,3,Confort,300,190.43,38.09,2024-03-08,2025-03-07,,
MRH_2022_00455,2022,0,Appartement,49,1,Confort,500,135.68,27.14,2022-11-18,2023-11-17,,
MRH_2022_00455,2022,1,Appartement,49,1,Confort,500,128.65,25.73,2023-11-18,2024-10-18,2024-10-18,Déménagement
MRH_2022_00456,2022,0,Appartement,36,2,Confort,300,146.3,29.26,2022-06-05,2023-06-04,,
MRH_2022_00456,2022,1,Appartement,36,2,Confort,300,150.69,30.14,2023-06-05,2024-06-04,,
MRH_2022_00456,2022,2,Appartement,36,2,Confort,300,155.21,31.04,2024-06-05,2025-06-04,,
MRH_2022_00457,2022,0,Appartement,79,3,Essentielle,300,185.72,37.14,2022-12-19,2023-12-18,,
MRH_2022_00457,2022,1,Appartement,79,3,Essentielle,300,191.29,38.26,2023-12-19,2024-12-18,,
MRH_2022_00457,2022,2,Appartement,79,3,Essentielle,300,197.03,39.41,2024-12-19,2025-12-18,,
MRH_2022_00458,2022,0,Maison,131,5,Essentielle,300,386.13,77.23,2022-04-26,2023-04-25,,
MRH_2022_00458,2022,1,Maison,131,5,Essentielle,300,397.71,79.54,2023-04-26,2024-04-25,,
MRH_2022_00458,2022,2,Maison,131,5,Essentielle,300,409.65,81.93,2024-04-26,2025-04-25,,
MRH_2022_00459,2022,0,Appartement,72,3,Premium,500,248.77,49.75,2022-08-12,2023-08-11,,
MRH_2022_00459,2022,1,Appartement,72,3,Premium,500,256.23,51.25,2023-08-12,2024-08-11,,
MRH_2022_00459,2022,2,Appartement,72,3,Premium,500,263.92,52.78,2024-08-12,2025-08-11,,
MRH_2022_00460,2022,0,Appartement,53,3,Essentielle,300,152.57,30.51,2022-03-18,2023-03-17,,
MRH_2022_00460,2022,1,Appartement,53,3,Essentielle,300,157.15,31.43,2023-03-18,2024-03-17,,
MRH_2022_00460,2022,2,Appartement,53,3,Essentielle,300,161.86,32.37,2024-03-18,2025-03-17,,
MRH_2022_00461,2022,0,Maison,108,4,Confort,500,319.52,63.9,2022-10-07,2023-10-06,,
MRH_2022_00461,2022,1,Maison,108,4,Confort,500,329.11,65.82,2023-10-07,2024-10-06,,
MRH_2022_00461,2022,2,Maison,108,4,Confort,500,338.98,67.8,2024-10-07,2025-10-06,,
MRH_2022_00462,2022,0,Appartement,20,5,Confort,300,175.5,35.1,2022-06-13,2023-06-12,,
MRH_2022_00462,2022,1,Appartement,20,5,Confort,300,180.77,36.15,2023-06-13,2024-06-12,,
MRH_2022_00462,2022,2,Appartement,20,5,Confort,300,186.19,37.24,2024-06-13,2025-06-12,,
MRH_2022_00463,2022,0,Maison,108,3,Confort,150,332.2,66.44,2022-11-08,2023-11-07,,
MRH_2022_00463,2022,1,Maison,108,3,Confort,150,342.17,68.43,2023-11-08,2024-11-07,,
MRH_2022_00463,2022,2,Maison,108,3,Confort,150,352.43,70.49,2024-11-08,2025-11-07,,
MRH_2022_00464,2022,0,Maison,163,2,Confort,500,336.05,67.21,2022-03-06,2023-03-05,,
MRH_2022_00464,2022,1,Maison,163,2,Confort,500,346.13,69.23,2023-03-06,2024-03-05,,
MRH_2022_00464,2022,2,Maison,163,2,Confort,500,356.52,71.3,2024-03-06,2025-03-05,,
MRH_2022_00465,2022,0,Maison,159,5,Essentielle,500,399.58,79.92,2022-04-03,2023-04-02,,
MRH_2022_00465,2022,1,Maison,159,5,Essentielle,500,411.57,82.31,2023-04-03,2024-04-02,,
MRH_2022_00465,2022,2,Maison,159,5,Essentielle,500,423.91,84.78,2024-04-03,2025-04-02,,
MRH_2022_00466,2022,0,Maison,171,3,Confort,500,364.78,72.96,2022-08-15,2023-08-14,,
MRH_2022_00466,2022,1,Maison,171,3,Confort,500,375.72,75.14,2023-08-15,2024-08-14,,
MRH_2022_00466,2022,2,Maison,171,3,Confort,500,355.19,71.04,2024-08-15,2025-07-15,2025-07-15,Concurrent moins cher
MRH_2022_00467,2022,0,Appartement,99,2,Confort,300,236.07,47.21,2022-07-21,2023-07-20,,
MRH_2022_00467,2022,1,Appartement,99,2,Confort,300,243.15,48.63,2023-07-21,2024-07-20,,
MRH_2022_00467,2022,2,Appartement,99,2,Confort,300,250.45,50.09,2024-07-21,2025-07-20,,
MRH_2022_00468,2022,0,Maison,108,1,Essentielle,300,218.19,43.64,2022-09-13,2023-09-12,,
MRH_2022_00468,2022,1,Maison,108,1,Essentielle,300,224.74,44.95,2023-09-13,2024-09-12,,
MRH_2022_00468,2022,2,Maison,108,1,Essentielle,300,231.48,46.3,2024-09-13,2025-09-12,,
MRH_2022_00469,2022,0,Appartement,31,3,Essentielle,300,124.52,24.9,2022-04-03,2023-04-02,,
MRH_2022_00469,2022,1,Appartement,31,3,Essentielle,300,128.26,25.65,2023-04-03,2024-04-02,,
MRH_2022_00469,2022,2,Appartement,31,3,Essentielle,300,132.1,26.42,2024-04-03,2025-04-02,,
MRH_2022_00470,2022,0,Appartement,68,2,Confort,150,211.09,42.22,2022-11-08,2023-11-07,,
MRH_2022_00470,2022,1,Appartement,68,2,Confort,150,217.42,43.48,2023-11-08,2024-11-07,,
MRH_2022_00470,2022,2,Appartement,68,2,Confort,150,223.95,44.79,2024-11-08,2025-11-07,,
MRH_2022_00471,2022,0,Appartement,52,3,Confort,500,163.76,32.75,2022-01-08,2023-01-07,,
MRH_2022_00471,2022,1,Appartement,52,3,Confort,500,140.95,28.19,2023-01-08,2023-11-08,2023-11-08,Vente du bien
MRH_2022_00472,2022,0,Appartement,39,3,Essentielle,300,134.72,26.94,2022-01-06,2023-01-05,,
MRH_2022_00472,2022,1,Appartement,39,3,Essentielle,300,138.76,27.75,2023-01-06,2024-01-05,,
MRH_2022_00472,2022,2,Appartement,39,3,Essentielle,300,142.92,28.58,2024-01-06,2025-01-05,,
MRH_2022_00473,2022,0,Maison,78,1,Confort,300,218.45,43.69,2022-02-07,2023-02-06,,
MRH_2022_00473,2022,1,Maison,78,1,Confort,300,225.0,45.0,2023-02-07,2024-02-06,,
MRH_2022_00473,2022,2,Maison,78,1,Confort,300,231.75,46.35,2024-02-07,2025-02-06,,
MRH_2022_00474,2022,0,Maison,89,2,Premium,300,337.77,67.55,2022-10-27,2023-10-26,,
MRH_2022_00474,2022,1,Maison,89,2,Premium,300,347.9,69.58,2023-10-27,2024-10-26,,
MRH_2022_00474,2022,2,Maison,89,2,Premium,300,358.34,71.67,2024-10-27,2025-10-26,,
MRH_2022_00475,2022,0,Appartement,83,5,Confort,150,333.38,66.68,2022-04-13,2023-04-12,,
MRH_2022_00475,2022,1,Appartement,83,5,Confort,150,343.38,68.68,2023-04-13,2024-04-12,,
MRH_2022_00475,2022,2,Appartement,83,5,Confort,150,353.68,70.74,2024-04-13,2025-04-12,,
MRH_2022_00476,2022,0,Appartement,98,4,Confort,500,261.33,52.27,2022-03-20,2023-03-19,,
MRH_2022_00476,2022,1,Appartement,98,4,Confort,500,181.41,36.28,2023-03-20,2023-11-20,2023-11-20,Vente du bien
MRH_2022_00477,2022,0,Appartement,87,4,Essentielle,300,225.31,45.06,2022-10-18,2023-10-17,,
MRH_2022_00477,2022,1,Appartement,87,4,Essentielle,300,232.07,46.41,2023-10-18,2024-10-17,,
MRH_2022_00477,2022,2,Appartement,87,4,Essentielle,300,239.03,47.81,2024-10-18,2025-10-17,,
MRH_2022_00478,2022,0,Maison,85,3,Confort,300,267.5,53.5,2022-01-23,2023-01-22,,
MRH_2022_00478,2022,1,Maison,85,3,Confort,300,275.53,55.11,2023-01-23,2024-01-22,,
MRH_2022_00478,2022,2,Maison,85,3,Confort,300,283.79,56.76,2024-01-23,2025-01-22,,
MRH_2022_00479,2022,0,Maison,129,3,Confort,150,366.85,73.37,2022-07-05,2023-07-04,,
MRH_2022_00479,2022,1,Maison,129,3,Confort,150,377.86,75.57,2023-07-05,2024-07-04,,
MRH_2022_00479,2022,2,Maison,129,3,Confort,150,389.19,77.84,2024-07-05,2025-07-04,,
MRH_2022_00480,2022,0,Maison,82,1,Confort,500,205.67,41.13,2022-05-07,2023-05-06,,
MRH_2022_00480,2022,1,Maison,82,1,Confort,500,18.57,3.71,2023-05-07,2023-06-07,2023-06-07,Vente du bien
MRH_2022_00481,2022,0,Appartement,40,2,Premium,500,181.79,36.36,2022-06-04,2023-06-03,,
MRH_2022_00481,2022,1,Appartement,40,2,Premium,500,187.24,37.45,2023-06-04,2024-06-03,,
MRH_2022_00481,2022,2,Appartement,40,2,Premium,500,192.86,38.57,2024-06-04,2025-06-03,,
MRH_2022_00482,2022,0,Appartement,61,4,Confort,300,220.22,44.04,2022-10-09,2023-10-08,,
MRH_2022_00482,2022,1,Appartement,61,4,Confort,300,226.83,45.37,2023-10-09,2024-10-08,,
MRH_2022_00482,2022,2,Appartement,61,4,Confort,300,233.63,46.73,2024-10-09,2025-10-08,,
MRH_2022_00483,2022,0,Appartement,34,2,Confort,500,131.97,26.39,2022-05-10,2023-05-09,,
MRH_2022_00483,2022,1,Appartement,34,2,Confort,500,135.93,27.19,2023-05-10,2024-05-09,,
MRH_2022_00483,2022,2,Appartement,34,2,Confort,500,140.01,28.0,2024-05-10,2025-05-09,,
MRH_2022_00484,2022,0,Appartement,54,1,Premium,150,220.01,44.0,2022-12-08,2023-12-07,,
MRH_2022_00484,2022,1,Appartement,54,1,Premium,150,226.61,45.32,2023-12-08,2024-12-07,,
MRH_2022_00484,2022,2,Appartement,54,1,Premium,150,233.41,46.68,2024-12-08,2025-12-07,,
MRH_2022_00485,2022,0,Appartement,70,2,Confort,150,214.23,42.85,2022-03-13,2023-03-12,,
MRH_2022_00485,2022,1,Appartement,70,2,Confort,150,220.66,44.13,2023-03-13,2024-03-12,,
MRH_2022_00485,2022,2,Appartement,70,2,Confort,150,38.61,7.72,2024-03-13,2024-05-13,2024-05-13,Prix trop élevé
MRH_2022_00486,2022,0,Appartement,89,3,Essentielle,300,198.47,39.69,2022-04-12,2023-04-11,,
MRH_2022_00486,2022,1,Appartement,89,3,Essentielle,300,17.37,3.47,2023-04-12,2023-05-12,2023-05-12,Insatisfaction service
MRH_2022_00487,2022,0,Maison,72,2,Premium,150,336.91,67.38,2022-03-21,2023-03-20,,
MRH_2022_00487,2022,1,Maison,72,2,Premium,150,347.02,69.4,2023-03-21,2024-03-20,,
MRH_2022_00487,2022,2,Maison,72,2,Premium,150,330.99,66.2,2024-03-21,2025-02-21,2025-02-21,Vente du bien
MRH_2022_00488,2022,0,Appartement,86,1,Confort,300,194.65,38.93,2022-10-06,2023-10-05,,
MRH_2022_00488,2022,1,Appartement,86,1,Confort,300,200.49,40.1,2023-10-06,2024-10-05,,
MRH_2022_00488,2022,2,Appartement,86,1,Confort,300,206.5,41.3,2024-10-06,2025-10-05,,
MRH_2022_00489,2022,0,Maison,136,2,Confort,500,300.66,60.13,2022-07-19,2023-07-18,,
MRH_2022_00489,2022,1,Maison,136,2,Confort,500,309.68,61.94,2023-07-19,2024-07-18,,
MRH_2022_00489,2022,2,Maison,136,2,Confort,500,55.05,11.01,2024-07-19,2024-09-19,2024-09-19,Déménagement
MRH_2022_00490,2022,0,Appartement,63,3,Confort,300,194.5,38.9,2022-06-27,2023-06-26,,
MRH_2022_00490,2022,1,Appartement,63,3,Confort,300,200.34,40.07,2023-06-27,2024-06-26,,
MRH_2022_00490,2022,2,Appartement,63,3,Confort,300,206.35,41.27,2024-06-27,2025-06-26,,
MRH_2022_00491,2022,0,Appartement,94,2,Confort,150,251.84,50.37,2022-09-03,2023-09-02,,
MRH_2022_00491,2022,1,Appartement,94,2,Confort,150,259.4,51.88,2023-09-03,2024-09-02,,
MRH_2022_00491,2022,2,Appartement,94,2,Confort,150,267.18,53.44,2024-09-03,2025-09-02,,
MRH_2022_00492,2022,0,Appartement,51,3,Essentielle,300,150.03,30.01,2022-12-15,2023-12-14,,
MRH_2022_00492,2022,1,Appartement,51,3,Essentielle,300,154.53,30.91,2023-12-15,2024-12-14,,
MRH_2022_00492,2022,2,Appartement,51,3,Essentielle,300,159.17,31.83,2024-12-15,2025-12-14,,
MRH_2022_00493,2022,0,Maison,124,3,Confort,150,358.6,71.72,2022-08-04,2023-08-03,,
MRH_2022_00493,2022,1,Maison,124,3,Confort,150,369.36,73.87,2023-08-04,2024-08-03,,
MRH_2022_00493,2022,2,Maison,124,3,Confort,150,380.44,76.09,2024-08-04,2025-08-03,,
MRH_2022_00494,2022,0,Maison,50,2,Confort,300,204.25,40.85,2022-07-12,2023-07-11,,
MRH_2022_00494,2022,1,Maison,50,2,Confort,300,210.38,42.08,2023-07-12,2024-07-11,,
MRH_2022_00494,2022,2,Maison,50,2,Confort,300,91.43,18.29,2024-07-12,2024-12-12,2024-12-12,Prix trop élevé
MRH_2022_00495,2022,0,Appartement,31,2,Confort,300,139.17,27.83,2022-08-11,2023-08-10,,
MRH_2022_00495,2022,1,Appartement,31,2,Confort,300,143.35,28.67,2023-08-11,2024-08-10,,
MRH_2022_00495,2022,2,Appartement,31,2,Confort,300,147.65,29.53,2024-08-11,2025-08-10,,
MRH_2022_00496,2022,0,Appartement,89,5,Confort,300,315.23,63.05,2022-08-24,2023-08-23,,
MRH_2022_00496,2022,1,Appartement,89,5,Confort,300,324.69,64.94,2023-08-24,2024-08-23,,
MRH_2022_00496,2022,2,Appartement,89,5,Confort,300,334.43,66.89,2024-08-24,2025-08-23,,
MRH_2022_00497,2022,0,Maison,127,2,Confort,300,313.97,62.79,2022-02-04,2023-02-03,,
MRH_2022_00497,2022,1,Maison,127,2,Confort,300,323.39,64.68,2023-02-04,2024-02-03,,
MRH_2022_00497,2022,2,Maison,127,2,Confort,300,333.09,66.62,2024-02-04,2025-02-03,,
MRH_2022_00498,2022,0,Maison,145,3,Confort,150,393.25,78.65,2022-08-12,2023-08-11,,
MRH_2022_00498,2022,1,Maison,145,3,Confort,150,405.05,81.01,2023-08-12,2024-08-11,,
MRH_2022_00498,2022,2,Maison,145,3,Confort,150,417.2,83.44,2024-08-12,2025-08-11,,
MRH_2022_00499,2022,0,Maison,184,3,Premium,300,540.8,108.16,2022-07-08,2023-07-07,,
MRH_2022_00499,2022,1,Maison,184,3,Premium,300,557.02,111.4,2023-07-08,2024-07-07,,
MRH_2022_00499,2022,2,Maison,184,3,Premium,300,573.73,114.75,2024-07-08,2025-07-07,,
MRH_2022_00500,2022,0,Appartement,34,3,Premium,150,215.93,43.19,2022-09-12,2023-09-11,,
MRH_2022_00500,2022,1,Appartement,34,3,Premium,150,222.41,44.48,2023-09-12,2024-09-11,,
MRH_2022_00500,2022,2,Appartement,34,3,Premium,150,229.08,45.82,2024-09-12,2025-09-11,,
MRH_2022_00501,2022,0,Appartement,103,3,Confort,150,279.95,55.99,2022-11-07,2023-11-06,,
MRH_2022_00501,2022,1,Appartement,103,3,Confort,150,288.35,57.67,2023-11-07,2024-11-06,,
MRH_2022_00501,2022,2,Appartement,103,3,Confort,150,297.0,59.4,2024-11-07,2025-11-06,,
MRH_2022_00502,2022,0,Appartement,59,4,Essentielle,300,184.26,36.85,2022-04-09,2023-04-08,,
MRH_2022_00502,2022,1,Appartement,59,4,Essentielle,300,189.79,37.96,2023-04-09,2024-04-08,,
MRH_2022_00502,2022,2,Appartement,59,4,Essentielle,300,195.48,39.1,2024-04-09,2025-04-08,,
MRH_2022_00503,2022,0,Appartement,47,3,Confort,500,156.86,31.37,2022-05-15,2023-05-14,,
MRH_2022_00503,2022,1,Appartement,47,3,Confort,500,161.57,32.31,2023-05-15,2024-05-14,,
MRH_2022_00503,2022,2,Appartement,47,3,Confort,500,166.41,33.28,2024-05-15,2025-05-14,,
MRH_2022_00504,2022,0,Appartement,65,2,Essentielle,300,159.48,31.9,2022-04-18,2023-04-17,,
MRH_2022_00504,2022,1,Appartement,65,2,Essentielle,300,164.26,32.85,2023-04-18,2024-04-17,,
MRH_2022_00504,2022,2,Appartement,65,2,Essentielle,300,169.19,33.84,2024-04-18,2025-04-17,,
MRH_2022_00505,2022,0,Appartement,78,4,Essentielle,500,195.15,39.03,2022-03-28,2023-03-27,,
MRH_2022_00505,2022,1,Appartement,78,4,Essentielle,500,201.0,40.2,2023-03-28,2024-03-27,,
MRH_2022_00505,2022,2,Appartement,78,4,Essentielle,500,207.03,41.41,2024-03-28,2025-03-27,,
MRH_2022_00506,2022,0,Appartement,61,3,Essentielle,150,179.05,35.81,2022-07-04,2023-07-03,,
MRH_2022_00506,2022,1,Appartement,61,3,Essentielle,150,184.42,36.88,2023-07-04,2024-07-03,,
MRH_2022_00506,2022,2,Appartement,61,3,Essentielle,150,80.14,16.03,2024-07-04,2024-12-04,2024-12-04,Insatisfaction service
MRH_2022_00507,2022,0,Maison,174,2,Confort,300,380.95,76.19,2022-06-01,2023-05-31,,
MRH_2022_00507,2022,1,Maison,174,2,Confort,300,392.38,78.48,2023-06-01,2024-05-31,,
MRH_2022_00507,2022,2,Maison,174,2,Confort,300,404.15,80.83,2024-06-01,2025-05-31,,
MRH_2022_00508,2022,0,Maison,157,3,Confort,300,375.5,75.1,2022-05-12,2023-05-11,,
MRH_2022_00508,2022,1,Maison,157,3,Confort,300,386.76,77.35,2023-05-12,2024-05-11,,
MRH_2022_00508,2022,2,Maison,157,3,Confort,300,398.37,79.67,2024-05-12,2025-05-11,,
MRH_2022_00509,2022,0,Maison,104,3,Confort,300,296.0,59.2,2022-03-21,2023-03-20,,
MRH_2022_00509,2022,1,Maison,104,3,Confort,300,304.88,60.98,2023-03-21,2024-03-20,,
MRH_2022_00509,2022,2,Maison,104,3,Confort,300,314.03,62.81,2024-03-21,2025-03-20,,
MRH_2022_00510,2022,0,Maison,125,3,Premium,150,468.33,93.67,2022-02-06,2023-02-05,,
MRH_2022_00510,2022,1,Maison,125,3,Premium,150,482.38,96.48,2023-02-06,2024-02-05,,
MRH_2022_00510,2022,2,Maison,125,3,Premium,150,496.85,99.37,2024-02-06,2025-02-05,,
MRH_2022_00511,2022,0,Maison,106,2,Premium,300,369.27,73.85,2022-12-19,2023-12-18,,
MRH_2022_00511,2022,1,Maison,106,2,Premium,300,380.35,76.07,2023-12-19,2024-12-18,,
MRH_2022_00511,2022,2,Maison,106,2,Premium,300,391.76,78.35,2024-12-19,2025-12-18,,
MRH_2022_00512,2022,0,Appartement,31,4,Essentielle,300,143.2,28.64,2022-11-09,2023-11-08,,
MRH_2022_00512,2022,1,Appartement,31,4,Essentielle,300,147.5,29.5,2023-11-09,2024-11-08,,
MRH_2022_00512,2022,2,Appartement,31,4,Essentielle,300,151.92,30.38,2024-11-09,2025-11-08,,
MRH_2022_00513,2022,0,Appartement,70,1,Premium,150,249.18,49.84,2022-01-25,2023-01-24,,
MRH_2022_00513,2022,1,Appartement,70,1,Premium,150,256.66,51.33,2023-01-25,2024-01-24,,
MRH_2022_00513,2022,2,Appartement,70,1,Premium,150,264.36,52.87,2024-01-25,2025-01-24,,
MRH_2022_00514,2022,0,Appartement,75,2,Essentielle,500,157.87,31.57,2022-05-08,2023-05-07,,
MRH_2022_00514,2022,1,Appartement,75,2,Essentielle,500,162.61,32.52,2023-05-08,2024-05-07,,
MRH_2022_00514,2022,2,Appartement,75,2,Essentielle,500,167.48,33.5,2024-05-08,2025-05-07,,
MRH_2022_00515,2022,0,Maison,171,1,Confort,300,337.02,67.4,2022-08-15,2023-08-14,,
MRH_2022_00515,2022,1,Maison,171,1,Confort,300,347.13,69.43,2023-08-15,2024-08-14,,
MRH_2022_00515,2022,2,Maison,171,1,Confort,300,357.54,71.51,2024-08-15,2025-08-14,,
MRH_2022_00516,2022,0,Appartement,100,3,Premium,300,325.0,65.0,2022-10-20,2023-10-19,,
MRH_2022_00516,2022,1,Appartement,100,3,Premium,300,334.75,66.95,2023-10-20,2024-10-19,,
MRH_2022_00516,2022,2,Appartement,100,3,Premium,300,344.79,68.96,2024-10-20,2025-10-19,,
MRH_2022_00517,2022,0,Maison,67,3,Premium,500,287.64,57.53,2022-09-08,2023-09-07,,
MRH_2022_00517,2022,1,Maison,67,3,Premium,500,296.27,59.25,2023-09-08,2024-09-07,,
MRH_2022_00517,2022,2,Maison,67,3,Premium,500,305.16,61.03,2024-09-08,2025-09-07,,
MRH_2022_00518,2022,0,Appartement,79,2,Essentielle,150,194.08,38.82,2022-09-27,2023-09-26,,
MRH_2022_00518,2022,1,Appartement,79,2,Essentielle,150,199.9,39.98,2023-09-27,2024-09-26,,
MRH_2022_00518,2022,2,Appartement,79,2,Essentielle,150,205.9,41.18,2024-09-27,2025-09-26,,
MRH_2022_00519,2022,0,Appartement,27,3,Confort,300,140.5,28.1,2022-01-25,2023-01-24,,
MRH_2022_00519,2022,1,Appartement,27,3,Confort,300,144.72,28.94,2023-01-25,2024-01-24,,
MRH_2022_00519,2022,2,Appartement,27,3,Confort,300,149.06,29.81,2024-01-25,2025-01-24,,
MRH_2022_00520,2022,0,Appartement,56,1,Confort,500,143.89,28.78,2022-09-14,2023-09-13,,
MRH_2022_00520,2022,1,Appartement,56,1,Confort,500,148.21,29.64,2023-09-14,2024-09-13,,
MRH_2022_00520,2022,2,Appartement,56,1,Confort,500,152.65,30.53,2024-09-14,2025-09-13,,
MRH_2022_00521,2022,0,Maison,89,2,Confort,300,259.82,51.96,2022-09-25,2023-09-24,,
MRH_2022_00521,2022,1,Maison,89,2,Confort,300,267.61,53.52,2023-09-25,2024-09-24,,
MRH_2022_00521,2022,2,Maison,89,2,Confort,300,275.64,55.13,2024-09-25,2025-09-24,,
MRH_2022_00522,2022,0,Maison,144,2,Confort,300,338.2,67.64,2022-07-07,2023-07-06,,
MRH_2022_00522,2022,1,Maison,144,2,Confort,300,348.35,69.67,2023-07-07,2024-07-06,,
MRH_2022_00522,2022,2,Maison,144,2,Confort,300,358.8,71.76,2024-07-07,2025-07-06,,
MRH_2022_00523,2022,0,Appartement,42,2,Confort,300,154.85,30.97,2022-06-01,2023-05-31,,
MRH_2022_00523,2022,1,Appartement,42,2,Confort,300,159.5,31.9,2023-06-01,2024-05-31,,
MRH_2022_00523,2022,2,Appartement,42,2,Confort,300,164.28,32.86,2024-06-01,2025-05-31,,
MRH_2022_00524,2022,0,Appartement,38,5,Essentielle,300,180.16,36.03,2022-12-15,2023-12-14,,
MRH_2022_00524,2022,1,Appartement,38,5,Essentielle,300,185.56,37.11,2023-12-15,2024-12-14,,
MRH_2022_00524,2022,2,Appartement,38,5,Essentielle,300,191.13,38.23,2024-12-15,2025-12-14,,
MRH_2022_00525,2022,0,Appartement,42,2,Confort,300,154.85,30.97,2022-08-23,2023-08-22,,
MRH_2022_00525,2022,1,Appartement,42,2,Confort,300,159.5,31.9,2023-08-23,2024-08-22,,
MRH_2022_00525,2022,2,Appartement,42,2,Confort,300,164.28,32.86,2024-08-23,2025-08-22,,
MRH_2022_00526,2022,0,Maison,121,5,Essentielle,500,339.41,67.88,2022-02-18,2023-02-17,,
MRH_2022_00526,2022,1,Maison,121,5,Essentielle,500,349.59,69.92,2023-02-18,2024-02-17,,
MRH_2022_00526,2022,2,Maison,121,5,Essentielle,500,360.08,72.02,2024-02-18,2025-02-17,,
MRH_2022_00527,2022,0,Maison,150,1,Confort,300,310.25,62.05,2022-07-25,2023-07-24,,
MRH_2022_00527,2022,1,Maison,150,1,Confort,300,319.56,63.91,2023-07-25,2024-07-24,,
MRH_2022_00527,2022,2,Maison,150,1,Confort,300,329.14,65.83,2024-07-25,2025-07-24,,
MRH_2022_00528,2022,0,Maison,51,2,Confort,150,226.24,45.25,2022-09-22,2023-09-21,,
MRH_2022_00528,2022,1,Maison,51,2,Confort,150,233.03,46.61,2023-09-22,2024-09-21,,
MRH_2022_00528,2022,2,Maison,51,2,Confort,150,240.02,48.0,2024-09-22,2025-09-21,,
MRH_2022_00529,2022,0,Maison,106,3,Essentielle,150,279.57,55.91,2022-05-16,2023-05-15,,
MRH_2022_00529,2022,1,Maison,106,3,Essentielle,150,287.96,57.59,2023-05-16,2024-05-15,,
MRH_2022_00529,2022,2,Maison,106,3,Essentielle,150,296.6,59.32,2024-05-16,2025-05-15,,
MRH_2022_00530,2022,0,Maison,152,4,Essentielle,150,395.69,79.14,2022-04-21,2023-04-20,,
MRH_2022_00530,2022,1,Maison,152,4,Essentielle,150,407.56,81.51,2023-04-21,2024-04-20,,
MRH_2022_00530,2022,2,Maison,152,4,Essentielle,150,177.12,35.42,2024-04-21,2024-09-21,2024-09-21,Vente du bien
MRH_2022_00531,2022,0,Appartement,65,1,Confort,500,154.44,30.89,2022-12-20,2023-12-19,,
MRH_2022_00531,2022,1,Appartement,65,1,Confort,500,159.07,31.81,2023-12-20,2024-12-19,,
MRH_2022_00531,2022,2,Appartement,65,1,Confort,500,163.85,32.77,2024-12-20,2025-12-19,,
MRH_2022_00532,2022,0,Appartement,61,3,Confort,300,191.5,38.3,2022-11-02,2023-11-01,,
MRH_2022_00532,2022,1,Appartement,61,3,Confort,300,181.57,36.31,2023-11-02,2024-10-02,2024-10-02,Prix trop élevé
MRH_2022_00533,2022,0,Maison,125,2,Premium,300,404.46,80.89,2022-08-24,2023-08-23,,
MRH_2022_00533,2022,1,Maison,125,2,Premium,300,416.59,83.32,2023-08-24,2024-08-23,,
MRH_2022_00533,2022,2,Maison,125,2,Premium,300,429.09,85.82,2024-08-24,2025-08-23,,
MRH_2022_00534,2022,0,Appartement,52,1,Premium,500,180.95,36.19,2022-12-15,2023-12-14,,
MRH_2022_00534,2022,1,Appartement,52,1,Premium,500,186.38,37.28,2023-12-15,2024-12-14,,
MRH_2022_00534,2022,2,Appartement,52,1,Premium,500,191.97,38.39,2024-12-15,2025-12-14,,
MRH_2022_00535,2022,0,Appartement,36,2,Confort,300,146.3,29.26,2022-02-17,2023-02-16,,
MRH_2022_00535,2022,1,Appartement,36,2,Confort,300,150.69,30.14,2023-02-17,2024-02-16,,
MRH_2022_00535,2022,2,Appartement,36,2,Confort,300,155.21,31.04,2024-02-17,2025-02-16,,
MRH_2022_00536,2022,0,Appartement,52,2,Essentielle,500,132.24,26.45,2022-12-06,2023-12-05,,
MRH_2022_00536,2022,1,Appartement,52,2,Essentielle,500,136.21,27.24,2023-12-06,2024-12-05,,
MRH_2022_00536,2022,2,Appartement,52,2,Essentielle,500,140.29,28.06,2024-12-06,2025-12-05,,
MRH_2022_00537,2022,0,Appartement,48,1,Premium,500,174.86,34.97,2022-04-17,2023-04-16,,
MRH_2022_00537,2022,1,Appartement,48,1,Premium,500,180.11,36.02,2023-04-17,2024-04-16,,
MRH_2022_00537,2022,2,Appartement,48,1,Premium,500,185.51,37.1,2024-04-17,2025-04-16,,
MRH_2022_00538,2022,0,Appartement,49,2,Confort,300,164.82,32.96,2022-02-04,2023-02-03,,
MRH_2022_00538,2022,1,Appartement,49,2,Confort,300,169.76,33.95,2023-02-04,2024-02-03,,
MRH_2022_00538,2022,2,Appartement,49,2,Confort,300,43.59,8.72,2024-02-04,2024-05-04,2024-05-04,Prix trop élevé
MRH_2022_00539,2022,0,Maison,133,1,Confort,500,265.49,53.1,2022-11-16,2023-11-15,,
MRH_2022_00539,2022,1,Maison,133,1,Confort,500,273.45,54.69,2023-11-16,2024-11-15,,
MRH_2022_00539,2022,2,Maison,133,1,Confort,500,281.66,56.33,2024-11-16,2025-11-15,,
MRH_2022_00540,2022,0,Appartement,92,2,Confort,150,248.71,49.74,2022-01-07,2023-01-06,,
MRH_2022_00540,2022,1,Appartement,92,2,Confort,150,256.17,51.23,2023-01-07,2024-01-06,,
MRH_2022_00540,2022,2,Appartement,92,2,Confort,150,263.86,52.77,2024-01-07,2025-01-06,,
MRH_2022_00541,2022,0,Maison,64,2,Confort,500,206.26,41.25,2022-06-26,2023-06-25,,
MRH_2022_00541,2022,1,Maison,64,2,Confort,500,212.45,42.49,2023-06-26,2024-06-25,,
MRH_2022_00541,2022,2,Maison,64,2,Confort,500,218.82,43.76,2024-06-26,2025-06-25,,
MRH_2022_00542,2022,0,Appartement,72,1,Essentielle,300,150.28,30.06,2022-02-07,2023-02-06,,
MRH_2022_00542,2022,1,Appartement,72,1,Essentielle,300,154.79,30.96,2023-02-07,2024-02-06,,
MRH_2022_00542,2022,2,Appartement,72,1,Essentielle,300,159.43,31.89,2024-02-07,2025-02-06,,
MRH_2022_00543,2022,0,Maison,94,3,Essentielle,300,238.85,47.77,2022-09-24,2023-09-23,,
MRH_2022_00543,2022,1,Maison,94,3,Essentielle,300,246.02,49.2,2023-09-24,2024-09-23,,
MRH_2022_00543,2022,2,Maison,94,3,Essentielle,300,253.4,50.68,2024-09-24,2025-09-23,,
MRH_2022_00544,2022,0,Maison,114,3,Confort,500,286.12,57.22,2022-02-06,2023-02-05,,
MRH_2022_00544,2022,1,Maison,114,3,Confort,500,294.7,58.94,2023-02-06,2024-02-05,,
MRH_2022_00544,2022,2,Maison,114,3,Confort,500,303.54,60.71,2024-02-06,2025-02-05,,
MRH_2022_00545,2022,0,Appartement,48,3,Premium,300,223.6,44.72,2022-09-11,2023-09-10,,
MRH_2022_00545,2022,1,Appartement,48,3,Premium,300,230.31,46.06,2023-09-11,2024-09-10,,
MRH_2022_00545,2022,2,Appartement,48,3,Premium,300,237.22,47.44,2024-09-11,2025-09-10,,
MRH_2022_00546,2022,0,Maison,78,4,Essentielle,300,251.22,50.24,2022-10-18,2023-10-17,,
MRH_2022_00546,2022,1,Maison,78,4,Essentielle,300,258.76,51.75,2023-10-18,2024-10-17,,
MRH_2022_00546,2022,2,Maison,78,4,Essentielle,300,266.52,53.3,2024-10-18,2025-10-17,,
MRH_2022_00547,2022,0,Maison,117,3,Confort,150,347.05,69.41,2022-05-20,2023-05-19,,
MRH_2022_00547,2022,1,Maison,117,3,Confort,150,91.08,18.22,2023-05-20,2023-08-20,2023-08-20,Concurrent moins cher
MRH_2022_00548,2022,0,Appartement,128,5,Essentielle,300,335.07,67.01,2022-01-25,2023-01-24,,
MRH_2022_00548,2022,1,Appartement,128,5,Essentielle,300,345.12,69.02,2023-01-25,2024-01-24,,
MRH_2022_00548,2022,2,Appartement,128,5,Essentielle,300,355.48,71.1,2024-01-25,2025-01-24,,
MRH_2022_00549,2022,0,Appartement,34,5,Essentielle,150,190.6,38.12,2022-08-12,2023-08-11,,
MRH_2022_00549,2022,1,Appartement,34,5,Essentielle,150,196.32,39.26,2023-08-12,2024-08-11,,
MRH_2022_00549,2022,2,Appartement,34,5,Essentielle,150,202.21,40.44,2024-08-12,2025-08-11,,
MRH_2022_00550,2022,0,Maison,103,2,Essentielle,300,237.81,47.56,2022-02-19,2023-02-18,,
MRH_2022_00550,2022,1,Maison,103,2,Essentielle,300,244.94,48.99,2023-02-19,2024-02-18,,
MRH_2022_00550,2022,2,Maison,103,2,Essentielle,300,252.29,50.46,2024-02-19,2025-02-18,,
MRH_2022_00551,2022,0,Maison,108,2,Premium,150,410.27,82.05,2022-10-21,2023-10-20,,
MRH_2022_00551,2022,1,Maison,108,2,Premium,150,422.58,84.52,2023-10-21,2024-10-20,,
MRH_2022_00551,2022,2,Maison,108,2,Premium,150,435.26,87.05,2024-10-21,2025-10-20,,
MRH_2022_00552,2022,0,Appartement,21,1,Essentielle,300,95.01,19.0,2022-06-27,2023-06-26,,
MRH_2022_00552,2022,1,Appartement,21,1,Essentielle,300,97.86,19.57,2023-06-27,2024-06-26,,
MRH_2022_00552,2022,2,Appartement,21,1,Essentielle,300,100.8,20.16,2024-06-27,2025-06-26,,
MRH_2022_00553,2022,0,Appartement,70,4,Premium,500,281.96,56.39,2022-01-10,2023-01-09,,
MRH_2022_00553,2022,1,Appartement,70,4,Premium,500,290.42,58.08,2023-01-10,2024-01-09,,
MRH_2022_00553,2022,2,Appartement,70,4,Premium,500,299.13,59.83,2024-01-10,2025-01-09,,
MRH_2022_00554,2022,0,Appartement,23,2,Confort,300,127.77,25.55,2022-01-22,2023-01-21,,
MRH_2022_00554,2022,1,Appartement,23,2,Confort,300,131.6,26.32,2023-01-22,2024-01-21,,
MRH_2022_00554,2022,2,Appartement,23,2,Confort,300,135.55,27.11,2024-01-22,2025-01-21,,
MRH_2022_00555,2022,0,Appartement,40,2,Essentielle,500,118.86,23.77,2022-03-05,2023-03-04,,
MRH_2022_00555,2022,1,Appartement,40,2,Essentielle,500,122.43,24.49,2023-03-05,2024-03-04,,
MRH_2022_00555,2022,2,Appartement,40,2,Essentielle,500,126.1,25.22,2024-03-05,2025-03-04,,
MRH_2022_00556,2022,0,Maison,93,3,Essentielle,500,218.57,43.71,2022-09-14,2023-09-13,,
MRH_2022_00556,2022,1,Maison,93,3,Essentielle,500,225.13,45.03,2023-09-14,2024-09-13,,
MRH_2022_00556,2022,2,Maison,93,3,Essentielle,500,231.88,46.38,2024-09-14,2025-09-13,,
MRH_2022_00557,2022,0,Appartement,38,3,Essentielle,300,133.45,26.69,2022-04-03,2023-04-02,,
MRH_2022_00557,2022,1,Appartement,38,3,Essentielle,300,137.45,27.49,2023-04-03,2024-04-02,,
MRH_2022_00557,2022,2,Appartement,38,3,Essentielle,300,141.58,28.32,2024-04-03,2025-04-02,,
MRH_2022_00558,2022,0,Maison,103,3,Essentielle,500,230.3,46.06,2022-07-12,2023-07-11,,
MRH_2022_00558,2022,1,Maison,103,3,Essentielle,500,237.21,47.44,2023-07-12,2024-07-11,,
MRH_2022_00558,2022,2,Maison,103,3,Essentielle,500,244.33,48.87,2024-07-12,2025-07-11,,
MRH_2022_00559,2022,0,Appartement,86,5,Confort,500,284.42,56.88,2022-10-05,2023-10-04,,
MRH_2022_00559,2022,1,Appartement,86,5,Confort,500,292.95,58.59,2023-10-05,2024-10-04,,
MRH_2022_00559,2022,2,Appartement,86,5,Confort,500,301.74,60.35,2024-10-05,2025-10-04,,
MRH_2022_00560,2022,0,Appartement,68,3,Essentielle,150,188.87,37.77,2022-02-24,2023-02-23,,
MRH_2022_00560,2022,1,Appartement,68,3,Essentielle,150,162.03,32.41,2023-02-24,2023-12-24,2023-12-24,Prix trop élevé
MRH_2022_00561,2022,0,Maison,122,3,Essentielle,500,252.59,50.52,2022-08-01,2023-07-31,,
MRH_2022_00561,2022,1,Maison,122,3,Essentielle,500,260.17,52.03,2023-08-01,2024-07-31,,
MRH_2022_00561,2022,2,Maison,122,3,Essentielle,500,267.97,53.59,2024-08-01,2025-07-31,,
MRH_2022_00562,2022,0,Appartement,61,3,Confort,500,176.18,35.24,2022-10-24,2023-10-23,,
MRH_2022_00562,2022,1,Appartement,61,3,Confort,500,181.47,36.29,2023-10-24,2024-10-23,,
MRH_2022_00562,2022,2,Appartement,61,3,Confort,500,186.91,37.38,2024-10-24,2025-10-23,,
MRH_2022_00563,2022,0,Maison,57,3,Essentielle,150,210.84,42.17,2022-05-07,2023-05-06,,
MRH_2022_00563,2022,1,Maison,57,3,Essentielle,150,217.17,43.43,2023-05-07,2024-05-06,,
MRH_2022_00563,2022,2,Maison,57,3,Essentielle,150,223.68,44.74,2024-05-07,2025-05-06,,
MRH_2022_00564,2022,0,Appartement,103,3,Essentielle,500,199.02,39.8,2022-11-09,2023-11-08,,
MRH_2022_00564,2022,1,Appartement,103,3,Essentielle,500,204.99,41.0,2023-11-09,2024-11-08,,
MRH_2022_00564,2022,2,Appartement,103,3,Essentielle,500,211.14,42.23,2024-11-09,2025-11-08,,
MRH_2022_00565,2022,0,Appartement,81,4,Confort,500,234.35,46.87,2022-09-23,2023-09-22,,
MRH_2022_00565,2022,1,Appartement,81,4,Confort,500,121.03,24.21,2023-09-23,2024-03-23,2024-03-23,Insatisfaction service
MRH_2022_00566,2022,0,Maison,140,3,Essentielle,500,273.7,54.74,2022-09-23,2023-09-22,,
MRH_2022_00566,2022,1,Maison,140,3,Essentielle,500,95.0,19.0,2023-09-23,2024-01-23,2024-01-23,Vente du bien
MRH_2022_00567,2022,0,Appartement,23,1,Confort,300,114.33,22.87,2022-11-10,2023-11-09,,
MRH_2022_00567,2022,1,Appartement,23,1,Confort,300,117.76,23.55,2023-11-10,2024-11-09,,
MRH_2022_00567,2022,2,Appartement,23,1,Confort,300,121.29,24.26,2024-11-10,2025-11-09,,
MRH_2022_00568,2022,0,Appartement,67,4,Confort,500,212.13,42.43,2022-01-18,2023-01-17,,
MRH_2022_00568,2022,1,Appartement,67,4,Confort,500,218.49,43.7,2023-01-18,2024-01-17,,
MRH_2022_00568,2022,2,Appartement,67,4,Confort,500,225.05,45.01,2024-01-18,2025-01-17,,
MRH_2022_00569,2022,0,Appartement,54,3,Confort,300,181.0,36.2,2022-07-08,2023-07-07,,
MRH_2022_00569,2022,1,Appartement,54,3,Confort,300,186.43,37.29,2023-07-08,2024-07-07,,
MRH_2022_00569,2022,2,Appartement,54,3,Confort,300,192.02,38.4,2024-07-08,2025-07-07,,
MRH_2022_00570,2022,0,Appartement,73,3,Confort,300,209.5,41.9,2022-04-21,2023-04-20,,
MRH_2022_00570,2022,1,Appartement,73,3,Confort,300,215.78,43.16,2023-04-21,2024-04-20,,
MRH_2022_00570,2022,2,Appartement,73,3,Confort,300,222.26,44.45,2024-04-21,2025-04-20,,
MRH_2022_00571,2022,0,Maison,142,3,Confort,300,353.0,70.6,2022-07-25,2023-07-24,,
MRH_2022_00571,2022,1,Maison,142,3,Confort,300,363.59,72.72,2023-07-25,2024-07-24,,
MRH_2022_00571,2022,2,Maison,142,3,Confort,300,374.5,74.9,2024-07-25,2025-07-24,,
MRH_2022_00572,2022,0,Maison,93,2,Confort,150,292.08,58.42,2022-03-11,2023-03-10,,
MRH_2022_00572,2022,1,Maison,93,2,Confort,150,300.84,60.17,2023-03-11,2024-03-10,,
MRH_2022_00572,2022,2,Maison,93,2,Confort,150,309.87,61.97,2024-03-11,2025-03-10,,
MRH_2022_00573,2022,0,Appartement,36,5,Essentielle,300,176.72,35.34,2022-03-25,2023-03-24,,
MRH_2022_00573,2022,1,Appartement,36,5,Essentielle,300,182.02,36.4,2023-03-25,2024-03-24,,
MRH_2022_00573,2022,2,Appartement,36,5,Essentielle,300,187.48,37.5,2024-03-25,2025-03-24,,
MRH_2022_00574,2022,0,Appartement,125,5,Confort,300,388.12,77.62,2022-10-08,2023-10-07,,
MRH_2022_00574,2022,1,Appartement,125,5,Confort,300,399.76,79.95,2023-10-08,2024-10-07,,
MRH_2022_00574,2022,2,Appartement,125,5,Confort,300,69.95,13.99,2024-10-08,2024-12-08,2024-12-08,Insatisfaction service
MRH_2022_00575,2022,0,Appartement,80,3,Essentielle,500,172.04,34.41,2022-08-16,2023-08-15,,
MRH_2022_00575,2022,1,Appartement,80,3,Essentielle,500,177.2,35.44,2023-08-16,2024-08-15,,
MRH_2022_00575,2022,2,Appartement,80,3,Essentielle,500,182.52,36.5,2024-08-16,2025-08-15,,
MRH_2022_00576,2022,0,Appartement,41,4,Essentielle,300,157.87,31.57,2022-07-08,2023-07-07,,
MRH_2022_00576,2022,1,Appartement,41,4,Essentielle,300,162.61,32.52,2023-07-08,2024-07-07,,
MRH_2022_00576,2022,2,Appartement,41,4,Essentielle,300,167.48,33.5,2024-07-08,2025-07-07,,
MRH_2022_00577,2022,0,Maison,203,5,Premium,500,717.69,143.54,2022-12-11,2023-12-10,,
MRH_2022_00577,2022,1,Maison,203,5,Premium,500,739.22,147.84,2023-12-11,2024-12-10,,
MRH_2022_00577,2022,2,Maison,203,5,Premium,500,761.4,152.28,2024-12-11,2025-12-10,,
MRH_2022_00578,2022,0,Appartement,88,4,Confort,500,245.46,49.09,2022-12-11,2023-12-10,,
MRH_2022_00578,2022,1,Appartement,88,4,Confort,500,252.82,50.56,2023-12-11,2024-12-10,,
MRH_2022_00578,2022,2,Appartement,88,4,Confort,500,260.41,52.08,2024-12-11,2025-12-10,,
MRH_2022_00579,2022,0,Appartement,30,3,Essentielle,150,135.58,27.12,2022-08-15,2023-08-14,,
MRH_2022_00579,2022,1,Appartement,30,3,Essentielle,150,139.65,27.93,2023-08-15,2024-08-14,,
MRH_2022_00579,2022,2,Appartement,30,3,Essentielle,150,48.47,9.69,2024-08-15,2024-12-15,2024-12-15,Vente du bien
MRH_2022_00580,2022,0,Appartement,56,5,Essentielle,500,194.25,38.85,2022-09-25,2023-09-24,,
MRH_2022_00580,2022,1,Appartement,56,5,Essentielle,500,200.08,40.02,2023-09-25,2024-09-24,,
MRH_2022_00580,2022,2,Appartement,56,5,Essentielle,500,86.95,17.39,2024-09-25,2025-02-25,2025-02-25,Insatisfaction service
MRH_2022_00581,2022,0,Appartement,49,3,Confort,150,190.85,38.17,2022-12-17,2023-12-16,,
MRH_2022_00581,2022,1,Appartement,49,3,Confort,150,196.58,39.32,2023-12-17,2024-12-16,,
MRH_2022_00581,2022,2,Appartement,49,3,Confort,150,202.47,40.49,2024-12-17,2025-12-16,,
MRH_2022_00582,2022,0,Maison,190,1,Confort,300,361.25,72.25,2022-10-23,2023-10-22,,
MRH_2022_00582,2022,1,Maison,190,1,Confort,300,372.09,74.42,2023-10-23,2024-10-22,,
MRH_2022_00582,2022,2,Maison,190,1,Confort,300,383.25,76.65,2024-10-23,2025-10-22,,
MRH_2022_00583,2022,0,Appartement,92,4,Premium,500,327.35,65.47,2022-02-09,2023-02-08,,
MRH_2022_00583,2022,1,Appartement,92,4,Premium,500,337.17,67.43,2023-02-09,2024-02-08,,
MRH_2022_00583,2022,2,Appartement,92,4,Premium,500,347.29,69.46,2024-02-09,2025-02-08,,
MRH_2022_00584,2022,0,Maison,126,2,Confort,150,343.81,68.76,2022-02-23,2023-02-22,,
MRH_2022_00584,2022,1,Maison,126,2,Confort,150,354.12,70.82,2023-02-23,2024-02-22,,
MRH_2022_00584,2022,2,Maison,126,2,Confort,150,364.75,72.95,2024-02-23,2025-02-22,,
MRH_2022_00585,2022,0,Appartement,31,3,Premium,500,175.21,35.04,2022-09-13,2023-09-12,,
MRH_2022_00585,2022,1,Appartement,31,3,Premium,500,45.48,9.1,2023-09-13,2023-12-13,2023-12-13,Concurrent moins cher
MRH_2022_00586,2022,0,Appartement,94,3,Essentielle,300,204.85,40.97,2022-03-25,2023-03-24,,
MRH_2022_00586,2022,1,Appartement,94,3,Essentielle,300,211.0,42.2,2023-03-25,2024-03-24,,
MRH_2022_00586,2022,2,Appartement,94,3,Essentielle,300,217.33,43.47,2024-03-25,2025-03-24,,
MRH_2022_00587,2022,0,Appartement,68,3,Essentielle,300,171.7,34.34,2022-04-01,2023-03-31,,
MRH_2022_00587,2022,1,Appartement,68,3,Essentielle,300,176.85,35.37,2023-04-01,2024-03-31,,
MRH_2022_00587,2022,2,Appartement,68,3,Essentielle,300,182.16,36.43,2024-04-01,2025-03-31,,
MRH_2022_00588,2022,0,Appartement,38,4,Confort,150,198.6,39.72,2022-10-16,2023-10-15,,
MRH_2022_00588,2022,1,Appartement,38,4,Confort,150,204.56,40.91,2023-10-16,2024-10-15,,
MRH_2022_00588,2022,2,Appartement,38,4,Confort,150,210.69,42.14,2024-10-16,2025-10-15,,
MRH_2022_00589,2022,0,Appartement,56,3,Essentielle,300,156.4,31.28,2022-10-21,2023-10-20,,
MRH_2022_00589,2022,1,Appartement,56,3,Essentielle,300,161.09,32.22,2023-10-21,2024-10-20,,
MRH_2022_00589,2022,2,Appartement,56,3,Essentielle,300,165.92,33.18,2024-10-21,2025-10-20,,
MRH_2022_00590,2022,0,Appartement,70,1,Confort,150,191.68,38.34,2022-03-28,2023-03-27,,
MRH_2022_00590,2022,1,Appartement,70,1,Confort,150,166.06,33.21,2023-03-28,2024-01-28,2024-01-28,Vente du bien
MRH_2022_00591,2022,0,Appartement,71,3,Essentielle,300,175.53,35.11,2022-10-22,2023-10-21,,
MRH_2022_00591,2022,1,Appartement,71,3,Essentielle,300,180.8,36.16,2023-10-22,2024-10-21,,
MRH_2022_00591,2022,2,Appartement,71,3,Essentielle,300,186.22,37.24,2024-10-22,2025-10-21,,
MRH_2022_00592,2022,0,Maison,113,2,Confort,300,294.02,58.8,2022-01-03,2023-01-02,,
MRH_2022_00592,2022,1,Maison,113,2,Confort,300,302.84,60.57,2023-01-03,2024-01-02,,
MRH_2022_00592,2022,2,Maison,113,2,Confort,300,311.93,62.39,2024-01-03,2025-01-02,,
MRH_2022_00593,2022,0,Maison,148,4,Essentielle,500,325.55,65.11,2022-03-04,2023-03-03,,
MRH_2022_00593,2022,1,Maison,148,4,Essentielle,500,335.32,67.06,2023-03-04,2024-03-03,,
MRH_2022_00593,2022,2,Maison,148,4,Essentielle,500,345.38,69.08,2024-03-04,2025-03-03,,
MRH_2022_00594,2022,0,Appartement,26,3,Confort,150,152.9,30.58,2022-02-19,2023-02-18,,
MRH_2022_00594,2022,1,Appartement,26,3,Confort,150,157.49,31.5,2023-02-19,2024-02-18,,
MRH_2022_00594,2022,2,Appartement,26,3,Confort,150,162.21,32.44,2024-02-19,2025-02-18,,
MRH_2022_00595,2022,0,Maison,59,5,Premium,300,401.02,80.2,2022-07-20,2023-07-19,,
MRH_2022_00595,2022,1,Maison,59,5,Premium,300,413.05,82.61,2023-07-20,2024-07-19,,
MRH_2022_00595,2022,2,Maison,59,5,Premium,300,425.44,85.09,2024-07-20,2025-07-19,,
MRH_2022_00596,2022,0,Appartement,68,3,Premium,500,241.59,48.32,2022-09-24,2023-09-23,,
MRH_2022_00596,2022,1,Appartement,68,3,Premium,500,248.84,49.77,2023-09-24,2024-09-23,,
MRH_2022_00596,2022,2,Appartement,68,3,Premium,500,256.3,51.26,2024-09-24,2025-09-23,,
MRH_2022_00597,2022,0,Appartement,34,5,Essentielle,150,190.6,38.12,2022-08-21,2023-08-20,,
MRH_2022_00597,2022,1,Appartement,34,5,Essentielle,150,196.32,39.26,2023-08-21,2024-08-20,,
MRH_2022_00597,2022,2,Appartement,34,5,Essentielle,150,202.21,40.44,2024-08-21,2025-08-20,,
MRH_2022_00598,2022,0,Appartement,40,3,Confort,150,176.0,35.2,2022-06-12,2023-06-11,,
MRH_2022_00598,2022,1,Appartement,40,3,Confort,150,181.28,36.26,2023-06-12,2024-06-11,,
MRH_2022_00598,2022,2,Appartement,40,3,Confort,150,186.72,37.34,2024-06-12,2025-06-11,,
MRH_2022_00599,2022,0,Appartement,71,4,Essentielle,300,201.85,40.37,2022-01-04,2023-01-03,,
MRH_2022_00599,2022,1,Appartement,71,4,Essentielle,300,207.91,41.58,2023-01-04,2024-01-03,,
MRH_2022_00599,2022,2,Appartement,71,4,Essentielle,300,214.14,42.83,2024-01-04,2025-01-03,,
MRH_2022_00600,2022,0,Maison,151,3,Essentielle,300,311.52,62.3,2022-04-11,2023-04-10,,
MRH_2022_00600,2022,1,Maison,151,3,Essentielle,300,320.87,64.17,2023-04-11,2024-04-10,,
MRH_2022_00600,2022,2,Maison,151,3,Essentielle,300,330.49,66.1,2024-04-11,2025-04-10,,
MRH_2022_00601,2022,0,Appartement,58,1,Essentielle,500,124.3,24.86,2022-09-11,2023-09-10,,
MRH_2022_00601,2022,1,Appartement,58,1,Essentielle,500,128.03,25.61,2023-09-11,2024-09-10,,
MRH_2022_00601,2022,2,Appartement,58,1,Essentielle,500,131.87,26.37,2024-09-11,2025-09-10,,
MRH_2022_00602,2022,0,Maison,121,1,Confort,300,273.27,54.65,2022-09-18,2023-09-17,,
MRH_2022_00602,2022,1,Maison,121,1,Confort,300,235.2,47.04,2023-09-18,2024-07-18,2024-07-18,Concurrent moins cher
MRH_2022_00603,2022,0,Maison,148,5,Essentielle,150,456.93,91.39,2022-06-13,2023-06-12,,
MRH_2022_00603,2022,1,Maison,148,5,Essentielle,150,470.64,94.13,2023-06-13,2024-06-12,,
MRH_2022_00603,2022,2,Maison,148,5,Essentielle,150,484.76,96.95,2024-06-13,2025-06-12,,
MRH_2022_00604,2022,0,Appartement,49,2,Confort,300,164.82,32.96,2022-12-28,2023-12-27,,
MRH_2022_00604,2022,1,Appartement,49,2,Confort,300,169.76,33.95,2023-12-28,2024-12-27,,
MRH_2022_00604,2022,2,Appartement,49,2,Confort,300,102.04,20.41,2024-12-28,2025-07-28,2025-07-28,Déménagement
MRH_2022_00605,2022,0,Appartement,67,5,Essentielle,300,230.07,46.01,2022-03-04,2023-03-03,,
MRH_2022_00605,2022,1,Appartement,67,5,Essentielle,300,236.97,47.39,2023-03-04,2024-03-03,,
MRH_2022_00605,2022,2,Appartement,67,5,Essentielle,300,82.25,16.45,2024-03-04,2024-07-04,2024-07-04,Déménagement
MRH_2022_00606,2022,0,Appartement,92,1,Confort,300,202.3,40.46,2022-04-11,2023-04-10,,
MRH_2022_00606,2022,1,Appartement,92,1,Confort,300,208.37,41.67,2023-04-11,2024-04-10,,
MRH_2022_00606,2022,2,Appartement,92,1,Confort,300,214.62,42.92,2024-04-11,2025-04-10,,
MRH_2022_00607,2022,0,Appartement,67,4,Premium,300,299.75,59.95,2022-04-24,2023-04-23,,
MRH_2022_00607,2022,1,Appartement,67,4,Premium,300,181.87,36.37,2023-04-24,2023-11-24,2023-11-24,Vente du bien
MRH_2022_00608,2022,0,Appartement,51,2,Essentielle,150,156.78,31.36,2022-06-15,2023-06-14,,
MRH_2022_00608,2022,1,Appartement,51,2,Essentielle,150,161.48,32.3,2023-06-15,2024-06-14,,
MRH_2022_00608,2022,2,Appartement,51,2,Essentielle,150,166.33,33.27,2024-06-15,2025-06-14,,
MRH_2022_00609,2022,0,Maison,119,4,Confort,300,366.27,73.25,2022-06-07,2023-06-06,,
MRH_2022_00609,2022,1,Maison,119,4,Confort,300,377.26,75.45,2023-06-07,2024-06-06,,
MRH_2022_00609,2022,2,Maison,119,4,Confort,300,388.58,77.72,2024-06-07,2025-06-06,,
MRH_2022_00610,2022,0,Appartement,59,3,Essentielle,300,160.22,32.04,2022-03-09,2023-03-08,,
MRH_2022_00610,2022,1,Appartement,59,3,Essentielle,300,165.03,33.01,2023-03-09,2024-03-08,,
MRH_2022_00610,2022,2,Appartement,59,3,Essentielle,300,169.98,34.0,2024-03-09,2025-03-08,,
MRH_2022_00611,2022,0,Appartement,90,3,Essentielle,300,199.75,39.95,2022-10-08,2023-10-07,,
MRH_2022_00611,2022,1,Appartement,90,3,Essentielle,300,205.74,41.15,2023-10-08,2024-10-07,,
MRH_2022_00611,2022,2,Appartement,90,3,Essentielle,300,211.91,42.38,2024-10-08,2025-10-07,,
MRH_2022_00612,2022,0,Maison,150,3,Essentielle,150,341.28,68.26,2022-08-22,2023-08-21,,
MRH_2022_00612,2022,1,Maison,150,3,Essentielle,150,206.09,41.22,2023-08-22,2024-03-22,2024-03-22,Déménagement
MRH_2022_00613,2022,0,Appartement,34,4,Confort,500,159.76,31.95,2022-10-12,2023-10-11,,
MRH_2022_00613,2022,1,Appartement,34,4,Confort,500,164.55,32.91,2023-10-12,2024-10-11,,
MRH_2022_00613,2022,2,Appartement,34,4,Confort,500,169.49,33.9,2024-10-12,2025-10-11,,
MRH_2022_00614,2022,0,Maison,159,3,Confort,500,348.22,69.64,2022-10-05,2023-10-04,,
MRH_2022_00614,2022,1,Maison,159,3,Confort,500,240.75,48.15,2023-10-05,2024-06-05,2024-06-05,Déménagement
MRH_2022_00615,2022,0,Appartement,49,3,Essentielle,300,147.47,29.49,2022-03-28,2023-03-27,,
MRH_2022_00615,2022,1,Appartement,49,3,Essentielle,300,151.89,30.38,2023-03-28,2024-03-27,,
MRH_2022_00615,2022,2,Appartement,49,3,Essentielle,300,156.45,31.29,2024-03-28,2025-03-27,,
MRH_2022_00616,2022,0,Appartement,28,2,Premium,300,175.37,35.07,2022-06-15,2023-06-14,,
MRH_2022_00616,2022,1,Appartement,28,2,Premium,300,180.63,36.13,2023-06-15,2024-06-14,,
MRH_2022_00616,2022,2,Appartement,28,2,Premium,300,31.6,6.32,2024-06-15,2024-08-15,2024-08-15,Concurrent moins cher
MRH_2022_00617,2022,0,Appartement,76,2,Confort,150,223.63,44.73,2022-07-27,2023-07-26,,
MRH_2022_00617,2022,1,Appartement,76,2,Confort,150,230.34,46.07,2023-07-27,2024-07-26,,
MRH_2022_00617,2022,2,Appartement,76,2,Confort,150,237.25,47.45,2024-07-27,2025-07-26,,
MRH_2022_00618,2022,0,Appartement,48,1,Essentielle,500,114.33,22.87,2022-07-19,2023-07-18,,
MRH_2022_00618,2022,1,Appartement,48,1,Essentielle,500,117.76,23.55,2023-07-19,2024-07-18,,
MRH_2022_00618,2022,2,Appartement,48,1,Essentielle,500,121.29,24.26,2024-07-19,2025-07-18,,
MRH_2022_00619,2022,0,Appartement,89,2,Premium,500,265.3,53.06,2022-07-19,2023-07-18,,
MRH_2022_00619,2022,1,Appartement,89,2,Premium,500,273.26,54.65,2023-07-19,2024-07-18,,
MRH_2022_00619,2022,2,Appartement,89,2,Premium,500,281.46,56.29,2024-07-19,2025-07-18,,
MRH_2022_00620,2022,0,Appartement,60,3,Essentielle,500,148.58,29.72,2022-02-19,2023-02-18,,
MRH_2022_00620,2022,1,Appartement,60,3,Essentielle,500,153.04,30.61,2023-02-19,2024-02-18,,
MRH_2022_00620,2022,2,Appartement,60,3,Essentielle,500,157.63,31.53,2024-02-19,2025-02-18,,
MRH_2022_00621,2022,0,Appartement,44,3,Confort,500,152.72,30.54,2022-06-16,2023-06-15,,
MRH_2022_00621,2022,1,Appartement,44,3,Confort,500,157.3,31.46,2023-06-16,2024-06-15,,
MRH_2022_00621,2022,2,Appartement,44,3,Confort,500,54.59,10.92,2024-06-16,2024-10-16,2024-10-16,Prix trop élevé
MRH_2022_00622,2022,0,Maison,131,5,Confort,150,499.7,99.94,2022-03-22,2023-03-21,,
MRH_2022_00622,2022,1,Maison,131,5,Confort,150,389.2,77.84,2023-03-22,2023-12-22,2023-12-22,Concurrent moins cher
MRH_2022_00623,2022,0,Appartement,50,3,Essentielle,300,148.75,29.75,2022-07-23,2023-07-22,,
MRH_2022_00623,2022,1,Appartement,50,3,Essentielle,300,153.21,30.64,2023-07-23,2024-07-22,,
MRH_2022_00623,2022,2,Appartement,50,3,Essentielle,300,157.81,31.56,2024-07-23,2025-07-22,,
MRH_2022_00624,2022,0,Appartement,57,1,Premium,500,188.58,37.72,2022-03-28,2023-03-27,,
MRH_2022_00624,2022,1,Appartement,57,1,Premium,500,194.24,38.85,2023-03-28,2024-03-27,,
MRH_2022_00624,2022,2,Appartement,57,1,Premium,500,200.06,40.01,2024-03-28,2025-03-27,,
MRH_2022_00625,2022,0,Appartement,101,4,Confort,300,289.22,57.84,2022-01-08,2023-01-07,,
MRH_2022_00625,2022,1,Appartement,101,4,Confort,300,297.9,59.58,2023-01-08,2024-01-07,,
MRH_2022_00625,2022,2,Appartement,101,4,Confort,300,306.83,61.37,2024-01-08,2025-01-07,,
MRH_2022_00626,2022,0,Maison,140,3,Confort,500,322.0,64.4,2022-09-07,2023-09-06,,
MRH_2022_00626,2022,1,Maison,140,3,Confort,500,331.66,66.33,2023-09-07,2024-09-06,,
MRH_2022_00626,2022,2,Maison,140,3,Confort,500,341.61,68.32,2024-09-07,2025-09-06,,
MRH_2022_00627,2022,0,Appartement,22,4,Essentielle,300,130.01,26.0,2022-03-01,2023-02-28,,
MRH_2022_00627,2022,1,Appartement,22,4,Essentielle,300,11.74,2.35,2023-03-01,2023-04-01,2023-04-01,Prix trop élevé
MRH_2022_00628,2022,0,Maison,180,3,Confort,300,410.0,82.0,2022-02-05,2023-02-04,,
MRH_2022_00628,2022,1,Maison,180,3,Confort,300,422.3,84.46,2023-02-05,2024-02-04,,
MRH_2022_00628,2022,2,Maison,180,3,Confort,300,434.97,86.99,2024-02-05,2025-02-04,,
MRH_2022_00629,2022,0,Appartement,73,3,Essentielle,500,163.83,32.77,2022-09-27,2023-09-26,,
MRH_2022_00629,2022,1,Appartement,73,3,Essentielle,500,168.74,33.75,2023-09-27,2024-09-26,,
MRH_2022_00629,2022,2,Appartement,73,3,Essentielle,500,173.81,34.76,2024-09-27,2025-09-26,,
MRH_2022_00630,2022,0,Appartement,31,3,Confort,300,146.5,29.3,2022-12-17,2023-12-16,,
MRH_2022_00630,2022,1,Appartement,31,3,Confort,300,150.9,30.18,2023-12-17,2024-12-16,,
MRH_2022_00630,2022,2,Appartement,31,3,Confort,300,155.42,31.08,2024-12-17,2025-12-16,,
MRH_2022_00631,2022,0,Appartement,71,3,Confort,500,189.98,38.0,2022-12-03,2023-12-02,,
MRH_2022_00631,2022,1,Appartement,71,3,Confort,500,195.68,39.14,2023-12-03,2024-12-02,,
MRH_2022_00631,2022,2,Appartement,71,3,Confort,500,201.55,40.31,2024-12-03,2025-12-02,,
MRH_2022_00632,2022,0,Maison,122,5,Confort,500,401.17,80.23,2022-09-03,2023-09-02,,
MRH_2022_00632,2022,1,Maison,122,5,Confort,500,413.21,82.64,2023-09-03,2024-09-02,,
MRH_2022_00632,2022,2,Maison,122,5,Confort,500,425.6,85.12,2024-09-03,2025-09-02,,
MRH_2022_00633,2022,0,Appartement,39,3,Confort,300,158.5,31.7,2022-10-02,2023-10-01,,
MRH_2022_00633,2022,1,Appartement,39,3,Confort,300,163.25,32.65,2023-10-02,2024-10-01,,
MRH_2022_00633,2022,2,Appartement,39,3,Confort,300,168.15,33.63,2024-10-02,2025-10-01,,
MRH_2022_00634,2022,0,Appartement,37,3,Premium,300,202.15,40.43,2022-07-12,2023-07-11,,
MRH_2022_00634,2022,1,Appartement,37,3,Premium,300,208.21,41.64,2023-07-12,2024-07-11,,
MRH_2022_00634,2022,2,Appartement,37,3,Premium,300,214.46,42.89,2024-07-12,2025-07-11,,
MRH_2022_00635,2022,0,Appartement,120,3,Confort,300,280.0,56.0,2022-01-21,2023-01-20,,
MRH_2022_00635,2022,1,Appartement,120,3,Confort,300,288.4,57.68,2023-01-21,2024-01-20,,
MRH_2022_00635,2022,2,Appartement,120,3,Confort,300,297.05,59.41,2024-01-21,2025-01-20,,
MRH_2022_00636,2022,0,Appartement,77,5,Premium,150,416.02,83.2,2022-05-16,2023-05-15,,
MRH_2022_00636,2022,1,Appartement,77,5,Premium,150,325.19,65.04,2023-05-16,2024-02-16,2024-02-16,Déménagement
MRH_2022_00637,2022,0,Maison,116,2,Premium,150,426.57,85.31,2022-12-04,2023-12-03,,
MRH_2022_00637,2022,1,Maison,116,2,Premium,150,439.37,87.87,2023-12-04,2024-12-03,,
MRH_2022_00637,2022,2,Maison,116,2,Premium,150,452.55,90.51,2024-12-04,2025-12-03,,
MRH_2022_00638,2022,0,Maison,141,3,Confort,300,351.5,70.3,2022-05-26,2023-05-25,,
MRH_2022_00638,2022,1,Maison,141,3,Confort,300,362.05,72.41,2023-05-26,2024-05-25,,
MRH_2022_00638,2022,2,Maison,141,3,Confort,300,372.91,74.58,2024-05-26,2025-05-25,,
MRH_2022_00639,2022,0,Maison,143,1,Essentielle,300,256.13,51.23,2022-08-25,2023-08-24,,
MRH_2022_00639,2022,1,Maison,143,1,Essentielle,300,263.81,52.76,2023-08-25,2024-08-24,,
MRH_2022_00639,2022,2,Maison,143,1,Essentielle,300,271.73,54.35,2024-08-25,2025-08-24,,
MRH_2022_00640,2022,0,Appartement,47,3,Confort,300,170.5,34.1,2022-10-24,2023-10-23,,
MRH_2022_00640,2022,1,Appartement,47,3,Confort,300,175.62,35.12,2023-10-24,2024-10-23,,
MRH_2022_00640,2022,2,Appartement,47,3,Confort,300,75.32,15.06,2024-10-24,2025-03-24,2025-03-24,Déménagement
MRH_2022_00641,2022,0,Appartement,37,3,Premium,300,202.15,40.43,2022-07-22,2023-07-21,,
MRH_2022_00641,2022,1,Appartement,37,3,Premium,300,208.21,41.64,2023-07-22,2024-07-21,,
MRH_2022_00641,2022,2,Appartement,37,3,Premium,300,214.46,42.89,2024-07-22,2025-07-21,,
MRH_2022_00642,2022,0,Appartement,71,4,Essentielle,500,185.71,37.14,2022-07-22,2023-07-21,,
MRH_2022_00642,2022,1,Appartement,71,4,Essentielle,500,191.28,38.26,2023-07-22,2024-07-21,,
MRH_2022_00642,2022,2,Appartement,71,4,Essentielle,500,197.02,39.4,2024-07-22,2025-07-21,,
MRH_2022_00643,2022,0,Maison,160,2,Premium,300,469.3,93.86,2022-06-09,2023-06-08,,
MRH_2022_00643,2022,1,Maison,160,2,Premium,300,483.38,96.68,2023-06-09,2024-06-08,,
MRH_2022_00643,2022,2,Maison,160,2,Premium,300,497.88,99.58,2024-06-09,2025-06-08,,
MRH_2022_00644,2022,0,Maison,148,2,Confort,300,343.9,68.78,2022-12-22,2023-12-21,,
MRH_2022_00644,2022,1,Maison,148,2,Confort,300,354.22,70.84,2023-12-22,2024-12-21,,
MRH_2022_00644,2022,2,Maison,148,2,Confort,300,364.84,72.97,2024-12-22,2025-12-21,,
MRH_2022_00645,2022,0,Appartement,59,3,Confort,150,207.35,41.47,2022-01-14,2023-01-13,,
MRH_2022_00645,2022,1,Appartement,59,3,Confort,150,35.1,7.02,2023-01-14,2023-03-14,2023-03-14,Insatisfaction service
MRH_2022_00646,2022,0,Appartement,50,3,Essentielle,150,163.62,32.72,2022-01-20,2023-01-19,,
MRH_2022_00646,2022,1,Appartement,50,3,Essentielle,150,140.82,28.16,2023-01-20,2023-11-20,2023-11-20,Prix trop élevé
MRH_2022_00647,2022,0,Maison,79,1,Premium,300,285.64,57.13,2022-07-22,2023-07-21,,
MRH_2022_00647,2022,1,Maison,79,1,Premium,300,294.21,58.84,2023-07-22,2024-07-21,,
MRH_2022_00647,2022,2,Maison,79,1,Premium,300,303.04,60.61,2024-07-22,2025-07-21,,
MRH_2022_00648,2022,0,Maison,72,2,Essentielle,300,200.26,40.05,2022-05-10,2023-05-09,,
MRH_2022_00648,2022,1,Maison,72,2,Essentielle,300,206.27,41.25,2023-05-10,2024-05-09,,
MRH_2022_00648,2022,2,Maison,72,2,Essentielle,300,212.46,42.49,2024-05-10,2025-05-09,,
MRH_2022_00649,2022,0,Maison,148,3,Premium,300,470.6,94.12,2022-05-06,2023-05-05,,
MRH_2022_00649,2022,1,Maison,148,3,Premium,300,484.72,96.94,2023-05-06,2024-05-05,,
MRH_2022_00649,2022,2,Maison,148,3,Premium,300,499.26,99.85,2024-05-06,2025-05-05,,
MRH_2022_00650,2022,0,Appartement,55,2,Premium,300,225.39,45.08,2022-05-06,2023-05-05,,
MRH_2022_00650,2022,1,Appartement,55,2,Premium,300,232.15,46.43,2023-05-06,2024-05-05,,
MRH_2022_00650,2022,2,Appartement,55,2,Premium,300,239.12,47.82,2024-05-06,2025-05-05,,
MRH_2022_00651,2022,0,Maison,100,3,Essentielle,500,226.78,45.36,2022-04-20,2023-04-19,,
MRH_2022_00651,2022,1,Maison,100,3,Essentielle,500,233.58,46.72,2023-04-20,2024-04-19,,
MRH_2022_00651,2022,2,Maison,100,3,Essentielle,500,240.59,48.12,2024-04-20,2025-04-19,,
MRH_2022_00652,2022,0,Maison,103,1,Essentielle,300,212.78,42.56,2022-08-01,2023-07-31,,
MRH_2022_00652,2022,1,Maison,103,1,Essentielle,300,219.16,43.83,2023-08-01,2024-07-31,,
MRH_2022_00652,2022,2,Maison,103,1,Essentielle,300,225.74,45.15,2024-08-01,2025-07-31,,
MRH_2022_00653,2022,0,Maison,173,2,Confort,500,349.16,69.83,2022-10-01,2023-09-30,,
MRH_2022_00653,2022,1,Maison,173,2,Confort,500,359.63,71.93,2023-10-01,2024-09-30,,
MRH_2022_00653,2022,2,Maison,173,2,Confort,500,370.42,74.08,2024-10-01,2025-09-30,,
MRH_2022_00654,2022,0,Appartement,49,3,Premium,150,248.11,49.62,2022-09-08,2023-09-07,,
MRH_2022_00654,2022,1,Appartement,49,3,Premium,150,170.84,34.17,2023-09-08,2024-05-08,2024-05-08,Déménagement
MRH_2022_00655,2022,0,Appartement,86,3,Confort,150,251.9,50.38,2022-06-18,2023-06-17,,
MRH_2022_00655,2022,1,Appartement,86,3,Confort,150,259.46,51.89,2023-06-18,2024-06-17,,
MRH_2022_00655,2022,2,Appartement,86,3,Confort,150,267.24,53.45,2024-06-18,2025-06-17,,
MRH_2022_00656,2022,0,Maison,105,4,Essentielle,300,290.81,58.16,2022-03-18,2023-03-17,,
MRH_2022_00656,2022,1,Maison,105,4,Essentielle,300,176.44,35.29,2023-03-18,2023-10-18,2023-10-18,Prix trop élevé
MRH_2022_00657,2022,0,Appartement,55,3,Confort,500,167.9,33.58,2022-12-07,2023-12-06,,
MRH_2022_00657,2022,1,Appartement,55,3,Confort,500,172.94,34.59,2023-12-07,2024-12-06,,
MRH_2022_00657,2022,2,Appartement,55,3,Confort,500,178.13,35.63,2024-12-07,2025-12-06,,
MRH_2022_00658,2022,0,Maison,132,3,Confort,150,371.8,74.36,2022-09-21,2023-09-20,,
MRH_2022_00658,2022,1,Maison,132,3,Confort,150,382.95,76.59,2023-09-21,2024-09-20,,
MRH_2022_00658,2022,2,Maison,132,3,Confort,150,394.44,78.89,2024-09-21,2025-09-20,,
MRH_2022_00659,2022,0,Maison,50,1,Essentielle,150,170.87,34.17,2022-07-04,2023-07-03,,
MRH_2022_00659,2022,1,Maison,50,1,Essentielle,150,176.0,35.2,2023-07-04,2024-07-03,,
MRH_2022_00659,2022,2,Maison,50,1,Essentielle,150,181.28,36.26,2024-07-04,2025-07-03,,
MRH_2022_00660,2022,0,Appartement,90,5,Premium,300,412.43,82.49,2022-12-19,2023-12-18,,
MRH_2022_00660,2022,1,Appartement,90,5,Premium,300,424.8,84.96,2023-12-19,2024-12-18,,
MRH_2022_00660,2022,2,Appartement,90,5,Premium,300,109.09,21.82,2024-12-19,2025-03-19,2025-03-19,Insatisfaction service
MRH_2022_00661,2022,0,Maison,50,1,Confort,300,182.75,36.55,2022-01-06,2023-01-05,,
MRH_2022_00661,2022,1,Maison,50,1,Confort,300,188.23,37.65,2023-01-06,2024-01-05,,
MRH_2022_00661,2022,2,Maison,50,1,Confort,300,193.88,38.78,2024-01-06,2025-01-05,,
MRH_2022_00662,2022,0,Maison,136,1,Confort,150,321.64,64.33,2022-02-04,2023-02-03,,
MRH_2022_00662,2022,1,Maison,136,1,Confort,150,331.29,66.26,2023-02-04,2024-02-03,,
MRH_2022_00662,2022,2,Maison,136,1,Confort,150,341.23,68.25,2024-02-04,2025-02-03,,
MRH_2022_00663,2022,0,Appartement,73,4,Premium,500,288.15,57.63,2022-06-04,2023-06-03,,
MRH_2022_00663,2022,1,Appartement,73,4,Premium,500,296.79,59.36,2023-06-04,2024-06-03,,
MRH_2022_00663,2022,2,Appartement,73,4,Premium,500,305.7,61.14,2024-06-04,2025-06-03,,
MRH_2022_00664,2022,0,Appartement,40,4,Confort,150,202.4,40.48,2022-10-06,2023-10-05,,
MRH_2022_00664,2022,1,Appartement,40,4,Confort,150,208.47,41.69,2023-10-06,2024-10-05,,
MRH_2022_00664,2022,2,Appartement,40,4,Confort,150,214.73,42.95,2024-10-06,2025-10-05,,
MRH_2022_00665,2022,0,Appartement,31,3,Confort,150,161.15,32.23,2022-03-04,2023-03-03,,
MRH_2022_00665,2022,1,Appartement,31,3,Confort,150,165.98,33.2,2023-03-04,2024-03-03,,
MRH_2022_00665,2022,2,Appartement,31,3,Confort,150,170.96,34.19,2024-03-04,2025-03-03,,
MRH_2022_00666,2022,0,Appartement,84,2,Premium,150,307.02,61.4,2022-01-01,2022-12-31,,
MRH_2022_00666,2022,1,Appartement,84,2,Premium,150,316.23,63.25,2023-01-01,2023-12-31,,
MRH_2022_00666,2022,2,Appartement,84,2,Premium,150,325.72,65.14,2024-01-01,2024-12-31,,
MRH_2022_00667,2022,0,Maison,151,4,Confort,300,421.47,84.29,2022-04-05,2023-04-04,,
MRH_2022_00667,2022,1,Maison,151,4,Confort,300,434.11,86.82,2023-04-05,2024-04-04,,
MRH_2022_00667,2022,2,Maison,151,4,Confort,300,447.14,89.43,2024-04-05,2025-04-04,,
MRH_2022_00668,2022,0,Appartement,48,5,Confort,150,255.42,51.08,2022-10-06,2023-10-05,,
MRH_2022_00668,2022,1,Appartement,48,5,Confort,150,263.08,52.62,2023-10-06,2024-10-05,,
MRH_2022_00668,2022,2,Appartement,48,5,Confort,150,270.98,54.2,2024-10-06,2025-10-05,,
MRH_2022_00669,2022,0,Appartement,74,3,Confort,300,211.0,42.2,2022-02-17,2023-02-16,,
MRH_2022_00669,2022,1,Appartement,74,3,Confort,300,217.33,43.47,2023-02-17,2024-02-16,,
MRH_2022_00669,2022,2,Appartement,74,3,Confort,300,223.85,44.77,2024-02-17,2025-02-16,,
MRH_2022_00670,2022,0,Maison,89,5,Confort,500,339.69,67.94,2022-11-22,2023-11-21,,
MRH_2022_00670,2022,1,Maison,89,5,Confort,500,349.88,69.98,2023-11-22,2024-11-21,,
MRH_2022_00670,2022,2,Maison,89,5,Confort,500,61.21,12.24,2024-11-22,2025-01-22,2025-01-22,Prix trop élevé
MRH_2022_00671,2022,0,Maison,164,2,Confort,150,403.37,80.67,2022-01-21,2023-01-20,,
MRH_2022_00671,2022,1,Maison,164,2,Confort,150,415.47,83.09,2023-01-21,2024-01-20,,
MRH_2022_00671,2022,2,Maison,164,2,Confort,150,427.94,85.59,2024-01-21,2025-01-20,,
MRH_2022_00672,2022,0,Appartement,59,3,Premium,500,225.45,45.09,2022-01-04,2023-01-03,,
MRH_2022_00672,2022,1,Appartement,59,3,Premium,500,232.21,46.44,2023-01-04,2024-01-03,,
MRH_2022_00672,2022,2,Appartement,59,3,Premium,500,239.18,47.84,2024-01-04,2025-01-03,,
MRH_2022_00673,2022,0,Appartement,71,1,Premium,500,209.93,41.99,2022-10-19,2023-10-18,,
MRH_2022_00673,2022,1,Appartement,71,1,Premium,500,216.23,43.25,2023-10-19,2024-10-18,,
MRH_2022_00673,2022,2,Appartement,71,1,Premium,500,222.71,44.54,2024-10-19,2025-10-18,,
MRH_2022_00674,2022,0,Maison,75,2,Confort,300,239.88,47.98,2022-04-04,2023-04-03,,
MRH_2022_00674,2022,1,Maison,75,2,Confort,300,247.08,49.42,2023-04-04,2024-04-03,,
MRH_2022_00674,2022,2,Maison,75,2,Confort,300,254.49,50.9,2024-04-04,2025-04-03,,
MRH_2022_00675,2022,0,Appartement,72,3,Essentielle,500,162.66,32.53,2022-03-07,2023-03-06,,
MRH_2022_00675,2022,1,Appartement,72,3,Essentielle,500,167.54,33.51,2023-03-07,2024-03-06,,
MRH_2022_00675,2022,2,Appartement,72,3,Essentielle,500,172.57,34.51,2024-03-07,2025-03-06,,
MRH_2022_00676,2022,0,Appartement,58,1,Confort,300,158.95,31.79,2022-05-07,2023-05-06,,
MRH_2022_00676,2022,1,Appartement,58,1,Confort,300,163.72,32.74,2023-05-07,2024-05-06,,
MRH_2022_00676,2022,2,Appartement,58,1,Confort,300,140.91,28.18,2024-05-07,2025-03-07,2025-03-07,Déménagement
MRH_2022_00677,2022,0,Appartement,86,3,Confort,300,229.0,45.8,2022-05-20,2023-05-19,,
MRH_2022_00677,2022,1,Appartement,86,3,Confort,300,235.87,47.17,2023-05-20,2024-05-19,,
MRH_2022_00677,2022,2,Appartement,86,3,Confort,300,242.95,48.59,2024-05-20,2025-05-19,,
MRH_2022_00678,2022,0,Maison,148,5,Confort,300,488.7,97.74,2022-02-14,2023-02-13,,
MRH_2022_00678,2022,1,Maison,148,5,Confort,300,503.36,100.67,2023-02-14,2024-02-13,,
MRH_2022_00678,2022,2,Maison,148,5,Confort,300,518.46,103.69,2024-02-14,2025-02-13,,
MRH_2022_00679,2022,0,Maison,56,2,Confort,300,212.8,42.56,2022-04-11,2023-04-10,,
MRH_2022_00679,2022,1,Maison,56,2,Confort,300,219.18,43.84,2023-04-11,2024-04-10,,
MRH_2022_00679,2022,2,Maison,56,2,Confort,300,225.76,45.15,2024-04-11,2025-04-10,,
MRH_2022_00680,2022,0,Maison,78,5,Premium,150,496.14,99.23,2022-07-02,2023-07-01,,
MRH_2022_00680,2022,1,Maison,78,5,Premium,150,343.02,68.6,2023-07-02,2024-03-02,2024-03-02,Vente du bien
MRH_2022_00681,2022,0,Appartement,36,4,Premium,500,211.81,42.36,2022-08-08,2023-08-07,,
MRH_2022_00681,2022,1,Appartement,36,4,Premium,500,19.13,3.83,2023-08-08,2023-09-08,2023-09-08,Insatisfaction service
MRH_2022_00682,2022,0,Maison,111,1,Essentielle,150,243.59,48.72,2022-01-16,2023-01-15,,
MRH_2022_00682,2022,1,Maison,111,1,Essentielle,150,250.9,50.18,2023-01-16,2024-01-15,,
MRH_2022_00682,2022,2,Maison,111,1,Essentielle,150,258.42,51.68,2024-01-16,2025-01-15,,
MRH_2022_00683,2022,0,Appartement,35,5,Confort,300,205.88,41.18,2022-12-13,2023-12-12,,
MRH_2022_00683,2022,1,Appartement,35,5,Confort,300,212.06,42.41,2023-12-13,2024-12-12,,
MRH_2022_00683,2022,2,Appartement,35,5,Confort,300,218.42,43.68,2024-12-13,2025-12-12,,
MRH_2022_00684,2022,0,Maison,97,3,Essentielle,150,266.94,53.39,2022-07-23,2023-07-22,,
MRH_2022_00684,2022,1,Maison,97,3,Essentielle,150,274.95,54.99,2023-07-23,2024-07-22,,
MRH_2022_00684,2022,2,Maison,97,3,Essentielle,150,167.59,33.52,2024-07-23,2025-02-23,2025-02-23,Concurrent moins cher
MRH_2022_00685,2022,0,Maison,80,2,Confort,300,247.0,49.4,2022-12-02,2023-12-01,,
MRH_2022_00685,2022,1,Maison,80,2,Confort,300,254.41,50.88,2023-12-02,2024-12-01,,
MRH_2022_00685,2022,2,Maison,80,2,Confort,300,262.04,52.41,2024-12-02,2025-12-01,,
MRH_2022_00686,2022,0,Appartement,43,1,Confort,500,128.64,25.73,2022-10-02,2023-10-01,,
MRH_2022_00686,2022,1,Appartement,43,1,Confort,500,132.5,26.5,2023-10-02,2024-10-01,,
MRH_2022_00686,2022,2,Appartement,43,1,Confort,500,136.47,27.29,2024-10-02,2025-10-01,,
MRH_2022_00687,2022,0,Appartement,100,2,Premium,300,308.75,61.75,2022-09-04,2023-09-03,,
MRH_2022_00687,2022,1,Appartement,100,2,Premium,300,318.01,63.6,2023-09-04,2024-09-03,,
MRH_2022_00687,2022,2,Appartement,100,2,Premium,300,327.55,65.51,2024-09-04,2025-09-03,,
MRH_2022_00688,2022,0,Maison,145,4,Confort,300,411.12,82.22,2022-06-12,2023-06-11,,
MRH_2022_00688,2022,1,Maison,145,4,Confort,300,423.45,84.69,2023-06-12,2024-06-11,,
MRH_2022_00688,2022,2,Maison,145,4,Confort,300,436.16,87.23,2024-06-12,2025-06-11,,
MRH_2022_00689,2022,0,Appartement,87,3,Confort,150,253.55,50.71,2022-08-23,2023-08-22,,
MRH_2022_00689,2022,1,Appartement,87,3,Confort,150,261.16,52.23,2023-08-23,2024-08-22,,
MRH_2022_00689,2022,2,Appartement,87,3,Confort,150,268.99,53.8,2024-08-23,2025-08-22,,
MRH_2022_00690,2022,0,Maison,132,3,Confort,150,371.8,74.36,2022-04-15,2023-04-14,,
MRH_2022_00690,2022,1,Maison,132,3,Confort,150,225.58,45.12,2023-04-15,2023-11-15,2023-11-15,Prix trop élevé
MRH_2022_00691,2022,0,Appartement,76,2,Confort,500,187.04,37.41,2022-03-28,2023-03-27,,
MRH_2022_00691,2022,1,Appartement,76,2,Confort,500,192.65,38.53,2023-03-28,2024-03-27,,
MRH_2022_00691,2022,2,Appartement,76,2,Confort,500,198.43,39.69,2024-03-28,2025-03-27,,
MRH_2022_00692,2022,0,Appartement,61,3,Confort,300,191.5,38.3,2022-08-12,2023-08-11,,
MRH_2022_00692,2022,1,Appartement,61,3,Confort,300,197.25,39.45,2023-08-12,2024-08-11,,
MRH_2022_00692,2022,2,Appartement,61,3,Confort,300,203.16,40.63,2024-08-12,2025-08-11,,
MRH_2022_00693,2022,0,Appartement,66,4,Premium,300,297.5,59.5,2022-07-19,2023-07-18,,
MRH_2022_00693,2022,1,Appartement,66,4,Premium,300,306.43,61.29,2023-07-19,2024-07-18,,
MRH_2022_00693,2022,2,Appartement,66,4,Premium,300,315.62,63.12,2024-07-19,2025-07-18,,
MRH_2022_00694,2022,0,Appartement,69,3,Confort,500,187.22,37.44,2022-08-10,2023-08-09,,
MRH_2022_00694,2022,1,Appartement,69,3,Confort,500,192.84,38.57,2023-08-10,2024-08-09,,
MRH_2022_00694,2022,2,Appartement,69,3,Confort,500,198.62,39.72,2024-08-10,2025-08-09,,
MRH_2022_00695,2022,0,Appartement,69,2,Essentielle,150,180.76,36.15,2022-03-12,2023-03-11,,
MRH_2022_00695,2022,1,Appartement,69,2,Essentielle,150,186.18,37.24,2023-03-12,2024-03-11,,
MRH_2022_00695,2022,2,Appartement,69,2,Essentielle,150,191.77,38.35,2024-03-12,2025-03-11,,
MRH_2022_00696,2022,0,Maison,92,2,Confort,300,264.1,52.82,2022-03-27,2023-03-26,,
MRH_2022_00696,2022,1,Maison,92,2,Confort,300,272.02,54.4,2023-03-27,2024-03-26,,
MRH_2022_00696,2022,2,Maison,92,2,Confort,300,280.18,56.04,2024-03-27,2025-03-26,,
MRH_2022_00697,2022,0,Maison,130,5,Confort,500,416.07,83.21,2022-05-12,2023-05-11,,
MRH_2022_00697,2022,1,Maison,130,5,Confort,500,428.55,85.71,2023-05-12,2024-05-11,,
MRH_2022_00697,2022,2,Maison,130,5,Confort,500,441.41,88.28,2024-05-12,2025-05-11,,
MRH_2022_00698,2022,0,Appartement,75,2,Essentielle,300,171.59,34.32,2022-08-18,2023-08-17,,
MRH_2022_00698,2022,1,Appartement,75,2,Essentielle,300,176.74,35.35,2023-08-18,2024-08-17,,
MRH_2022_00698,2022,2,Appartement,75,2,Essentielle,300,182.04,36.41,2024-08-18,2025-08-17,,
MRH_2022_00699,2022,0,Appartement,122,4,Premium,300,423.08,84.62,2022-03-01,2023-02-28,,
MRH_2022_00699,2022,1,Appartement,122,4,Premium,300,435.77,87.15,2023-03-01,2024-02-29,,
MRH_2022_00699,2022,2,Appartement,122,4,Premium,300,448.85,89.77,2024-03-01,2025-02-28,,
MRH_2022_00700,2022,0,Appartement,74,3,Essentielle,300,179.35,35.87,2022-10-22,2023-10-21,,
MRH_2022_00700,2022,1,Appartement,74,3,Essentielle,300,184.73,36.95,2023-10-22,2024-10-21,,
MRH_2022_00700,2022,2,Appartement,74,3,Essentielle,300,190.27,38.05,2024-10-22,2025-10-21,,
MRH_2022_00701,2022,0,Maison,62,3,Premium,300,302.9,60.58,2022-11-18,2023-11-17,,
MRH_2022_00701,2022,1,Maison,62,3,Premium,300,311.99,62.4,2023-11-18,2024-11-17,,
MRH_2022_00701,2022,2,Maison,62,3,Premium,300,268.52,53.7,2024-11-18,2025-09-18,2025-09-18,Prix trop élevé
MRH_2022_00702,2022,0,Appartement,78,1,Essentielle,300,156.78,31.36,2022-10-17,2023-10-16,,
MRH_2022_00702,2022,1,Appartement,78,1,Essentielle,300,161.48,32.3,2023-10-17,2024-10-16,,
MRH_2022_00702,2022,2,Appartement,78,1,Essentielle,300,166.33,33.27,2024-10-17,2025-10-16,,
MRH_2022_00703,2022,0,Appartement,95,3,Confort,150,266.75,53.35,2022-09-13,2023-09-12,,
MRH_2022_00703,2022,1,Appartement,95,3,Confort,150,274.75,54.95,2023-09-13,2024-09-12,,
MRH_2022_00703,2022,2,Appartement,95,3,Confort,150,283.0,56.6,2024-09-13,2025-09-12,,
MRH_2022_00704,2022,0,Maison,127,5,Premium,300,580.03,116.01,2022-07-05,2023-07-04,,
MRH_2022_00704,2022,1,Maison,127,5,Premium,300,597.43,119.49,2023-07-05,2024-07-04,,
MRH_2022_00704,2022,2,Maison,127,5,Premium,300,615.35,123.07,2024-07-05,2025-07-04,,
MRH_2022_00705,2022,0,Appartement,87,2,Confort,150,240.87,48.17,2022-04-24,2023-04-23,,
MRH_2022_00705,2022,1,Appartement,87,2,Confort,150,248.1,49.62,2023-04-24,2024-04-23,,
MRH_2022_00705,2022,2,Appartement,87,2,Confort,150,255.54,51.11,2024-04-24,2025-04-23,,
MRH_2022_00706,2022,0,Appartement,66,3,Essentielle,500,155.62,31.12,2022-12-14,2023-12-13,,
MRH_2022_00706,2022,1,Appartement,66,3,Essentielle,500,160.29,32.06,2023-12-14,2024-12-13,,
MRH_2022_00706,2022,2,Appartement,66,3,Essentielle,500,165.1,33.02,2024-12-14,2025-12-13,,
MRH_2022_00707,2022,0,Appartement,72,4,Premium,150,342.06,68.41,2022-10-25,2023-10-24,,
MRH_2022_00707,2022,1,Appartement,72,4,Premium,150,352.32,70.46,2023-10-25,2024-10-24,,
MRH_2022_00707,2022,2,Appartement,72,4,Premium,150,334.06,66.81,2024-10-25,2025-09-25,2025-09-25,Concurrent moins cher
MRH_2022_00708,2022,0,Appartement,92,3,Confort,300,238.0,47.6,2022-04-06,2023-04-05,,
MRH_2022_00708,2022,1,Appartement,92,3,Confort,300,245.14,49.03,2023-04-06,2024-04-05,,
MRH_2022_00708,2022,2,Appartement,92,3,Confort,300,252.49,50.5,2024-04-06,2025-04-05,,
MRH_2022_00709,2022,0,Appartement,74,3,Confort,500,194.12,38.82,2022-04-01,2023-03-31,,
MRH_2022_00709,2022,1,Appartement,74,3,Confort,500,199.94,39.99,2023-04-01,2024-03-31,,
MRH_2022_00709,2022,2,Appartement,74,3,Confort,500,205.94,41.19,2024-04-01,2025-03-31,,
MRH_2022_00710,2022,0,Appartement,45,3,Confort,150,184.25,36.85,2022-11-22,2023-11-21,,
MRH_2022_00710,2022,1,Appartement,45,3,Confort,150,189.78,37.96,2023-11-22,2024-11-21,,
MRH_2022_00710,2022,2,Appartement,45,3,Confort,150,195.47,39.09,2024-11-22,2025-11-21,,
MRH_2022_00711,2022,0,Appartement,57,1,Essentielle,150,147.43,29.49,2022-10-24,2023-10-23,,
MRH_2022_00711,2022,1,Appartement,57,1,Essentielle,150,151.85,30.37,2023-10-24,2024-10-23,,
MRH_2022_00711,2022,2,Appartement,57,1,Essentielle,150,156.41,31.28,2024-10-24,2025-10-23,,
MRH_2022_00712,2022,0,Appartement,47,2,Confort,150,178.17,35.63,2022-06-17,2023-06-16,,
MRH_2022_00712,2022,1,Appartement,47,2,Confort,150,183.52,36.7,2023-06-17,2024-06-16,,
MRH_2022_00712,2022,2,Appartement,47,2,Confort,150,79.75,15.95,2024-06-17,2024-11-17,2024-11-17,Prix trop élevé
MRH_2022_00713,2022,0,Appartement,81,3,Confort,150,243.65,48.73,2022-05-12,2023-05-11,,
MRH_2022_00713,2022,1,Appartement,81,3,Confort,150,250.96,50.19,2023-05-12,2024-05-11,,
MRH_2022_00713,2022,2,Appartement,81,3,Confort,150,258.49,51.7,2024-05-12,2025-05-11,,
MRH_2022_00714,2022,0,Appartement,87,2,Confort,150,240.87,48.17,2022-09-07,2023-09-06,,
MRH_2022_00714,2022,1,Appartement,87,2,Confort,150,248.1,49.62,2023-09-07,2024-09-06,,
MRH_2022_00714,2022,2,Appartement,87,2,Confort,150,255.54,51.11,2024-09-07,2025-09-06,,
MRH_2022_00715,2022,0,Appartement,65,4,Premium,300,295.26,59.05,2022-05-22,2023-05-21,,
MRH_2022_00715,2022,1,Appartement,65,4,Premium,300,304.12,60.82,2023-05-22,2024-05-21,,
MRH_2022_00715,2022,2,Appartement,65,4,Premium,300,313.24,62.65,2024-05-22,2025-05-21,,
MRH_2022_00716,2022,0,Appartement,33,2,Essentielle,300,120.72,24.14,2022-09-10,2023-09-09,,
MRH_2022_00716,2022,1,Appartement,33,2,Essentielle,300,124.34,24.87,2023-09-10,2024-09-09,,
MRH_2022_00716,2022,2,Appartement,33,2,Essentielle,300,128.07,25.61,2024-09-10,2025-09-09,,
MRH_2022_00717,2022,0,Appartement,74,2,Essentielle,300,170.38,34.08,2022-09-20,2023-09-19,,
MRH_2022_00717,2022,1,Appartement,74,2,Essentielle,300,175.49,35.1,2023-09-20,2024-09-19,,
MRH_2022_00717,2022,2,Appartement,74,2,Essentielle,300,180.76,36.15,2024-09-20,2025-09-19,,
MRH_2022_00718,2022,0,Maison,110,3,Confort,150,335.5,67.1,2022-07-15,2023-07-14,,
MRH_2022_00718,2022,1,Maison,110,3,Confort,150,345.56,69.11,2023-07-15,2024-07-14,,
MRH_2022_00718,2022,2,Maison,110,3,Confort,150,355.93,71.19,2024-07-15,2025-07-14,,
MRH_2022_00719,2022,0,Appartement,87,3,Essentielle,500,180.25,36.05,2022-10-17,2023-10-16,,
MRH_2022_00719,2022,1,Appartement,87,3,Essentielle,500,185.66,37.13,2023-10-17,2024-10-16,,
MRH_2022_00719,2022,2,Appartement,87,3,Essentielle,500,191.23,38.25,2024-10-17,2025-10-16,,
MRH_2022_00720,2022,0,Maison,124,1,Premium,300,360.23,72.05,2022-03-28,2023-03-27,,
MRH_2022_00720,2022,1,Maison,124,1,Premium,300,371.04,74.21,2023-03-28,2024-03-27,,
MRH_2022_00720,2022,2,Maison,124,1,Premium,300,382.17,76.43,2024-03-28,2025-03-27,,
MRH_2022_00721,2022,0,Appartement,82,3,Confort,150,245.3,49.06,2022-02-01,2023-01-31,,
MRH_2022_00721,2022,1,Appartement,82,3,Confort,150,252.66,50.53,2023-02-01,2024-01-31,,
MRH_2022_00721,2022,2,Appartement,82,3,Confort,150,260.24,52.05,2024-02-01,2025-01-31,,
MRH_2022_00722,2022,0,Appartement,133,1,Confort,150,280.03,56.01,2022-08-04,2023-08-03,,
MRH_2022_00722,2022,1,Appartement,133,1,Confort,150,288.43,57.69,2023-08-04,2024-08-03,,
MRH_2022_00722,2022,2,Appartement,133,1,Confort,150,125.35,25.07,2024-08-04,2025-01-04,2025-01-04,Déménagement
MRH_2022_00723,2022,0,Maison,138,2,Premium,300,428.54,85.71,2022-11-12,2023-11-11,,
MRH_2022_00723,2022,1,Maison,138,2,Premium,300,112.47,22.49,2023-11-12,2024-02-12,2024-02-12,Concurrent moins cher
MRH_2022_00724,2022,0,Maison,50,2,Essentielle,300,173.61,34.72,2022-09-19,2023-09-18,,
MRH_2022_00724,2022,1,Maison,50,2,Essentielle,300,149.42,29.88,2023-09-19,2024-07-19,2024-07-19,Déménagement
MRH_2022_00725,2022,0,Appartement,51,2,Confort,150,184.44,36.89,2022-12-04,2023-12-03,,
MRH_2022_00725,2022,1,Appartement,51,2,Confort,150,189.97,37.99,2023-12-04,2024-12-03,,
MRH_2022_00725,2022,2,Appartement,51,2,Confort,150,195.67,39.13,2024-12-04,2025-12-03,,
MRH_2022_00726,2022,0,Maison,50,3,Confort,300,215.0,43.0,2022-08-22,2023-08-21,,
MRH_2022_00726,2022,1,Maison,50,3,Confort,300,221.45,44.29,2023-08-22,2024-08-21,,
MRH_2022_00726,2022,2,Maison,50,3,Confort,300,228.09,45.62,2024-08-22,2025-08-21,,
MRH_2022_00727,2022,0,Appartement,52,2,Essentielle,300,143.73,28.75,2022-02-15,2023-02-14,,
MRH_2022_00727,2022,1,Appartement,52,2,Essentielle,300,148.04,29.61,2023-02-15,2024-02-14,,
MRH_2022_00727,2022,2,Appartement,52,2,Essentielle,300,152.48,30.5,2024-02-15,2025-02-14,,
MRH_2022_00728,2022,0,Maison,139,3,Confort,150,383.35,76.67,2022-02-11,2023-02-10,,
MRH_2022_00728,2022,1,Maison,139,3,Confort,150,394.85,78.97,2023-02-11,2024-02-10,,
MRH_2022_00728,2022,2,Maison,139,3,Confort,150,406.7,81.34,2024-02-11,2025-02-10,,
MRH_2022_00729,2022,0,Appartement,61,4,Essentielle,500,172.22,34.44,2022-05-28,2023-05-27,,
MRH_2022_00729,2022,1,Appartement,61,4,Essentielle,500,177.39,35.48,2023-05-28,2024-05-27,,
MRH_2022_00729,2022,2,Appartement,61,4,Essentielle,500,182.71,36.54,2024-05-28,2025-05-27,,
MRH_2022_00730,2022,0,Maison,59,4,Premium,300,341.61,68.32,2022-03-01,2023-02-28,,
MRH_2022_00730,2022,1,Maison,59,4,Premium,300,351.86,70.37,2023-03-01,2024-02-29,,
MRH_2022_00730,2022,2,Maison,59,4,Premium,300,362.41,72.48,2024-03-01,2025-02-28,,
MRH_2022_00731,2022,0,Appartement,31,1,Essentielle,500,97.38,19.48,2022-12-19,2023-12-18,,
MRH_2022_00731,2022,1,Appartement,31,1,Essentielle,500,100.3,20.06,2023-12-19,2024-12-18,,
MRH_2022_00731,2022,2,Appartement,31,1,Essentielle,500,103.31,20.66,2024-12-19,2025-12-18,,
MRH_2022_00732,2022,0,Maison,142,2,Confort,300,335.35,67.07,2022-06-07,2023-06-06,,
MRH_2022_00732,2022,1,Maison,142,2,Confort,300,345.41,69.08,2023-06-07,2024-06-06,,
MRH_2022_00732,2022,2,Maison,142,2,Confort,300,355.77,71.15,2024-06-07,2025-06-06,,
MRH_2022_00733,2022,0,Appartement,86,2,Confort,300,217.55,43.51,2022-11-13,2023-11-12,,
MRH_2022_00733,2022,1,Appartement,86,2,Confort,300,224.08,44.82,2023-11-13,2024-11-12,,
MRH_2022_00733,2022,2,Appartement,86,2,Confort,300,230.8,46.16,2024-11-13,2025-11-12,,
MRH_2022_00734,2022,0,Maison,65,5,Confort,300,320.62,64.12,2022-08-04,2023-08-03,,
MRH_2022_00734,2022,1,Maison,65,5,Confort,300,221.67,44.33,2023-08-04,2024-04-04,2024-04-04,Insatisfaction service
MRH_2022_00735,2022,0,Appartement,70,3,Premium,500,245.18,49.04,2022-11-01,2023-10-31,,
MRH_2022_00735,2022,1,Appartement,70,3,Premium,500,252.54,50.51,2023-11-01,2024-10-31,,
MRH_2022_00735,2022,2,Appartement,70,3,Premium,500,260.11,52.02,2024-11-01,2025-10-31,,
MRH_2022_00736,2022,0,Maison,116,2,Confort,150,328.13,65.63,2022-02-22,2023-02-21,,
MRH_2022_00736,2022,1,Maison,116,2,Confort,150,337.97,67.59,2023-02-22,2024-02-21,,
MRH_2022_00736,2022,2,Maison,116,2,Confort,150,348.11,69.62,2024-02-22,2025-02-21,,
MRH_2022_00737,2022,0,Maison,137,3,Essentielle,300,293.68,58.74,2022-09-18,2023-09-17,,
MRH_2022_00737,2022,1,Maison,137,3,Essentielle,300,25.69,5.14,2023-09-18,2023-10-18,2023-10-18,Insatisfaction service
MRH_2022_00738,2022,0,Maison,176,1,Confort,500,315.93,63.19,2022-08-15,2023-08-14,,
MRH_2022_00738,2022,1,Maison,176,1,Confort,500,82.92,16.58,2023-08-15,2023-11-15,2023-11-15,Vente du bien
MRH_2022_00739,2022,0,Maison,135,2,Confort,300,325.38,65.08,2022-12-13,2023-12-12,,
MRH_2022_00739,2022,1,Maison,135,2,Confort,300,335.14,67.03,2023-12-13,2024-12-12,,
MRH_2022_00739,2022,2,Maison,135,2,Confort,300,345.2,69.04,2024-12-13,2025-12-12,,
MRH_2022_00740,2022,0,Maison,50,3,Confort,500,197.8,39.56,2022-08-18,2023-08-17,,
MRH_2022_00740,2022,1,Maison,50,3,Confort,500,203.73,40.75,2023-08-18,2024-08-17,,
MRH_2022_00740,2022,2,Maison,50,3,Confort,500,209.85,41.97,2024-08-18,2025-08-17,,
MRH_2022_00741,2022,0,Appartement,20,3,Confort,300,130.0,26.0,2022-06-02,2023-06-01,,
MRH_2022_00741,2022,1,Appartement,20,3,Confort,300,11.37,2.27,2023-06-02,2023-07-02,2023-07-02,Prix trop élevé
MRH_2022_00742,2022,0,Maison,123,2,Confort,150,339.1,67.82,2022-11-11,2023-11-10,,
MRH_2022_00742,2022,1,Maison,123,2,Confort,150,349.27,69.85,2023-11-11,2024-11-10,,
MRH_2022_00742,2022,2,Maison,123,2,Confort,150,359.75,71.95,2024-11-11,2025-11-10,,
MRH_2022_00743,2022,0,Maison,108,2,Essentielle,300,243.86,48.77,2022-10-03,2023-10-02,,
MRH_2022_00743,2022,1,Maison,108,2,Essentielle,300,251.18,50.24,2023-10-03,2024-10-02,,
MRH_2022_00743,2022,2,Maison,108,2,Essentielle,300,107.73,21.55,2024-10-03,2025-03-03,2025-03-03,Déménagement
MRH_2022_00744,2022,0,Appartement,69,1,Essentielle,500,135.27,27.05,2022-11-28,2023-11-27,,
MRH_2022_00744,2022,1,Appartement,69,1,Essentielle,500,139.33,27.87,2023-11-28,2024-11-27,,
MRH_2022_00744,2022,2,Appartement,69,1,Essentielle,500,143.51,28.7,2024-11-28,2025-11-27,,
MRH_2022_00745,2022,0,Appartement,92,1,Essentielle,500,158.2,31.64,2022-06-19,2023-06-18,,
MRH_2022_00745,2022,1,Appartement,92,1,Essentielle,500,109.82,21.96,2023-06-19,2024-02-19,2024-02-19,Déménagement
MRH_2022_00746,2022,0,Maison,125,2,Confort,300,311.12,62.22,2022-03-20,2023-03-19,,
MRH_2022_00746,2022,1,Maison,125,2,Confort,300,320.45,64.09,2023-03-20,2024-03-19,,
MRH_2022_00746,2022,2,Maison,125,2,Confort,300,330.07,66.01,2024-03-20,2025-03-19,,
MRH_2022_00747,2022,0,Appartement,20,1,Premium,300,143.65,28.73,2022-05-09,2023-05-08,,
MRH_2022_00747,2022,1,Appartement,20,1,Premium,300,124.04,24.81,2023-05-09,2024-03-09,2024-03-09,Insatisfaction service
MRH_2022_00748,2022,0,Maison,50,3,Premium,150,307.45,61.49,2022-10-11,2023-10-10,,
MRH_2022_00748,2022,1,Maison,50,3,Premium,150,316.67,63.33,2023-10-11,2024-10-10,,
MRH_2022_00748,2022,2,Maison,50,3,Premium,150,326.17,65.23,2024-10-11,2025-10-10,,
MRH_2022_00749,2022,0,Appartement,44,1,Premium,300,183.43,36.69,2022-07-22,2023-07-21,,
MRH_2022_00749,2022,1,Appartement,44,1,Premium,300,188.93,37.79,2023-07-22,2024-07-21,,
MRH_2022_00749,2022,2,Appartement,44,1,Premium,300,194.6,38.92,2024-07-22,2025-07-21,,
MRH_2022_00750,2022,0,Appartement,75,3,Confort,300,212.5,42.5,2022-01-21,2023-01-20,,
MRH_2022_00750,2022,1,Appartement,75,3,Confort,300,218.88,43.78,2023-01-21,2024-01-20,,
MRH_2022_00750,2022,2,Appartement,75,3,Confort,300,225.44,45.09,2024-01-21,2025-01-20,,
MRH_2022_00751,2022,0,Appartement,79,3,Confort,500,201.02,40.2,2022-10-24,2023-10-23,,
MRH_2022_00751,2022,1,Appartement,79,3,Confort,500,207.05,41.41,2023-10-24,2024-10-23,,
MRH_2022_00751,2022,2,Appartement,79,3,Confort,500,213.26,42.65,2024-10-24,2025-10-23,,
MRH_2022_00752,2022,0,Appartement,127,1,Essentielle,300,209.89,41.98,2022-07-14,2023-07-13,,
MRH_2022_00752,2022,1,Appartement,127,1,Essentielle,300,216.19,43.24,2023-07-14,2024-07-13,,
MRH_2022_00752,2022,2,Appartement,127,1,Essentielle,300,222.67,44.53,2024-07-14,2025-07-13,,
MRH_2022_00753,2022,0,Appartement,72,4,Confort,300,239.2,47.84,2022-11-20,2023-11-19,,
MRH_2022_00753,2022,1,Appartement,72,4,Confort,300,246.38,49.28,2023-11-20,2024-11-19,,
MRH_2022_00753,2022,2,Appartement,72,4,Confort,300,253.77,50.75,2024-11-20,2025-11-19,,
MRH_2022_00754,2022,0,Appartement,89,1,Confort,300,198.47,39.69,2022-08-16,2023-08-15,,
MRH_2022_00754,2022,1,Appartement,89,1,Confort,300,204.42,40.88,2023-08-16,2024-08-15,,
MRH_2022_00754,2022,2,Appartement,89,1,Confort,300,210.56,42.11,2024-08-16,2025-08-15,,
MRH_2022_00755,2022,0,Maison,142,1,Essentielle,300,255.04,51.01,2022-11-18,2023-11-17,,
MRH_2022_00755,2022,1,Maison,142,1,Essentielle,300,262.69,52.54,2023-11-18,2024-11-17,,
MRH_2022_00755,2022,2,Maison,142,1,Essentielle,300,270.57,54.11,2024-11-18,2025-11-17,,
MRH_2022_00756,2022,0,Maison,125,3,Essentielle,150,306.21,61.24,2022-06-20,2023-06-19,,
MRH_2022_00756,2022,1,Maison,125,3,Essentielle,150,315.4,63.08,2023-06-20,2024-06-19,,
MRH_2022_00756,2022,2,Maison,125,3,Essentielle,150,191.35,38.27,2024-06-20,2025-01-20,2025-01-20,Concurrent moins cher
MRH_2022_00757,2022,0,Maison,150,4,Premium,300,545.67,109.13,2022-02-19,2023-02-18,,
MRH_2022_00757,2022,1,Maison,150,4,Premium,300,562.04,112.41,2023-02-19,2024-02-18,,
MRH_2022_00757,2022,2,Maison,150,4,Premium,300,578.9,115.78,2024-02-19,2025-02-18,,
MRH_2022_00758,2022,0,Appartement,48,4,Premium,300,257.14,51.43,2022-08-03,2023-08-02,,
MRH_2022_00758,2022,1,Appartement,48,4,Premium,300,264.85,52.97,2023-08-03,2024-08-02,,
MRH_2022_00758,2022,2,Appartement,48,4,Premium,300,272.8,54.56,2024-08-03,2025-08-02,,
MRH_2022_00759,2022,0,Maison,94,2,Confort,300,266.95,53.39,2022-07-07,2023-07-06,,
MRH_2022_00759,2022,1,Maison,94,2,Confort,300,274.96,54.99,2023-07-07,2024-07-06,,
MRH_2022_00759,2022,2,Maison,94,2,Confort,300,283.21,56.64,2024-07-07,2025-07-06,,
MRH_2022_00760,2022,0,Maison,166,3,Essentielle,150,363.72,72.74,2022-08-18,2023-08-17,,
MRH_2022_00760,2022,1,Maison,166,3,Essentielle,150,374.63,74.93,2023-08-18,2024-08-17,,
MRH_2022_00760,2022,2,Maison,166,3,Essentielle,150,385.87,77.17,2024-08-18,2025-08-17,,
MRH_2022_00761,2022,0,Appartement,31,5,Premium,300,257.11,51.42,2022-06-16,2023-06-15,,
MRH_2022_00761,2022,1,Appartement,31,5,Premium,300,264.82,52.96,2023-06-16,2024-06-15,,
MRH_2022_00761,2022,2,Appartement,31,5,Premium,300,272.77,54.55,2024-06-16,2025-06-15,,
MRH_2022_00762,2022,0,Appartement,82,5,Confort,150,331.16,66.23,2022-12-26,2023-12-25,,
MRH_2022_00762,2022,1,Appartement,82,5,Confort,150,341.09,68.22,2023-12-26,2024-12-25,,
MRH_2022_00762,2022,2,Appartement,82,5,Confort,150,351.33,70.27,2024-12-26,2025-12-25,,
MRH_2022_00763,2022,0,Appartement,40,5,Confort,300,216.0,43.2,2022-08-13,2023-08-12,,
MRH_2022_00763,2022,1,Appartement,40,5,Confort,300,130.44,26.09,2023-08-13,2024-03-13,2024-03-13,Concurrent moins cher
MRH_2022_00764,2022,0,Appartement,35,5,Confort,300,205.88,41.18,2022-04-28,2023-04-27,,
MRH_2022_00764,2022,1,Appartement,35,5,Confort,300,212.06,42.41,2023-04-28,2024-04-27,,
MRH_2022_00764,2022,2,Appartement,35,5,Confort,300,218.42,43.68,2024-04-28,2025-04-27,,
MRH_2022_00765,2022,0,Maison,169,3,Essentielle,150,367.92,73.58,2022-08-16,2023-08-15,,
MRH_2022_00765,2022,1,Maison,169,3,Essentielle,150,378.96,75.79,2023-08-16,2024-08-15,,
MRH_2022_00765,2022,2,Maison,169,3,Essentielle,150,390.33,78.07,2024-08-16,2025-08-15,,
MRH_2022_00766,2022,0,Appartement,35,3,Premium,150,218.08,43.62,2022-03-23,2023-03-22,,
MRH_2022_00766,2022,1,Appartement,35,3,Premium,150,224.62,44.92,2023-03-23,2024-03-22,,
MRH_2022_00766,2022,2,Appartement,35,3,Premium,150,136.28,27.26,2024-03-23,2024-10-23,2024-10-23,Vente du bien
MRH_2022_00767,2022,0,Maison,86,3,Confort,300,269.0,53.8,2022-11-15,2023-11-14,,
MRH_2022_00767,2022,1,Maison,86,3,Confort,300,277.07,55.41,2023-11-15,2024-11-14,,
MRH_2022_00767,2022,2,Maison,86,3,Confort,300,285.38,57.08,2024-11-15,2025-11-14,,
MRH_2022_00768,2022,0,Appartement,58,3,Essentielle,150,174.84,34.97,2022-02-06,2023-02-05,,
MRH_2022_00768,2022,1,Appartement,58,3,Essentielle,150,180.09,36.02,2023-02-06,2024-02-05,,
MRH_2022_00768,2022,2,Appartement,58,3,Essentielle,150,185.49,37.1,2024-02-06,2025-02-05,,
MRH_2022_00769,2022,0,Maison,107,3,Confort,300,300.5,60.1,2022-08-16,2023-08-15,,
MRH_2022_00769,2022,1,Maison,107,3,Confort,300,309.51,61.9,2023-08-16,2024-08-15,,
MRH_2022_00769,2022,2,Maison,107,3,Confort,300,318.8,63.76,2024-08-16,2025-08-15,,
MRH_2022_00770,2022,0,Appartement,54,3,Essentielle,300,153.85,30.77,2022-04-03,2023-04-02,,
MRH_2022_00770,2022,1,Appartement,54,3,Essentielle,300,158.47,31.69,2023-04-03,2024-04-02,,
MRH_2022_00770,2022,2,Appartement,54,3,Essentielle,300,163.22,32.64,2024-04-03,2025-04-02,,
MRH_2022_00771,2022,0,Maison,198,2,Premium,300,539.69,107.94,2022-02-15,2023-02-14,,
MRH_2022_00771,2022,1,Maison,198,2,Premium,300,555.88,111.18,2023-02-15,2024-02-14,,
MRH_2022_00771,2022,2,Maison,198,2,Premium,300,572.56,114.51,2024-02-15,2025-02-14,,
MRH_2022_00772,2022,0,Appartement,47,3,Confort,300,170.5,34.1,2022-03-03,2023-03-02,,
MRH_2022_00772,2022,1,Appartement,47,3,Confort,300,175.62,35.12,2023-03-03,2024-03-02,,
MRH_2022_00772,2022,2,Appartement,47,3,Confort,300,180.88,36.18,2024-03-03,2025-03-02,,
MRH_2022_00773,2022,0,Appartement,95,4,Premium,500,333.53,66.71,2022-02-08,2023-02-07,,
MRH_2022_00773,2022,1,Appartement,95,4,Premium,500,343.54,68.71,2023-02-08,2024-02-07,,
MRH_2022_00773,2022,2,Appartement,95,4,Premium,500,353.84,70.77,2024-02-08,2025-02-07,,
MRH_2022_00774,2022,0,Maison,124,4,Essentielle,500,293.17,58.63,2022-07-05,2023-07-04,,
MRH_2022_00774,2022,1,Maison,124,4,Essentielle,500,301.97,60.39,2023-07-05,2024-07-04,,
MRH_2022_00774,2022,2,Maison,124,4,Essentielle,500,311.02,62.2,2024-07-05,2025-07-04,,
MRH_2022_00775,2022,0,Appartement,83,2,Essentielle,300,181.28,36.26,2022-01-10,2023-01-09,,
MRH_2022_00775,2022,1,Appartement,83,2,Essentielle,300,186.72,37.34,2023-01-10,2024-01-09,,
MRH_2022_00775,2022,2,Appartement,83,2,Essentielle,300,192.32,38.46,2024-01-10,2025-01-09,,
MRH_2022_00776,2022,0,Appartement,29,2,Confort,500,125.42,25.08,2022-02-01,2023-01-31,,
MRH_2022_00776,2022,1,Appartement,29,2,Confort,500,129.18,25.84,2023-02-01,2024-01-31,,
MRH_2022_00776,2022,2,Appartement,29,2,Confort,500,133.06,26.61,2024-02-01,2025-01-31,,
MRH_2022_00777,2022,0,Maison,97,2,Confort,300,271.22,54.24,2022-02-04,2023-02-03,,
MRH_2022_00777,2022,1,Maison,97,2,Confort,300,279.36,55.87,2023-02-04,2024-02-03,,
MRH_2022_00777,2022,2,Maison,97,2,Confort,300,96.17,19.23,2024-02-04,2024-06-04,2024-06-04,Insatisfaction service
MRH_2022_00778,2022,0,Maison,136,5,Premium,150,664.09,132.82,2022-01-09,2023-01-08,,
MRH_2022_00778,2022,1,Maison,136,5,Premium,150,684.01,136.8,2023-01-09,2024-01-08,,
MRH_2022_00778,2022,2,Maison,136,5,Premium,150,704.53,140.91,2024-01-09,2025-01-08,,
MRH_2022_00779,2022,0,Maison,109,4,Essentielle,300,296.67,59.33,2022-05-06,2023-05-05,,
MRH_2022_00779,2022,1,Maison,109,4,Essentielle,300,305.57,61.11,2023-05-06,2024-05-05,,
MRH_2022_00779,2022,2,Maison,109,4,Essentielle,300,314.74,62.95,2024-05-06,2025-05-05,,
MRH_2022_00780,2022,0,Maison,101,1,Essentielle,500,193.76,38.75,2022-03-09,2023-03-08,,
MRH_2022_00780,2022,1,Maison,101,1,Essentielle,500,199.57,39.91,2023-03-09,2024-03-08,,
MRH_2022_00780,2022,2,Maison,101,1,Essentielle,500,52.38,10.48,2024-03-09,2024-06-09,2024-06-09,Insatisfaction service
MRH_2022_00781,2022,0,Maison,153,5,Essentielle,300,424.0,84.8,2022-10-27,2023-10-26,,
MRH_2022_00781,2022,1,Maison,153,5,Essentielle,300,436.72,87.34,2023-10-27,2024-10-26,,
MRH_2022_00781,2022,2,Maison,153,5,Essentielle,300,449.82,89.96,2024-10-27,2025-10-26,,
MRH_2022_00782,2022,0,Appartement,29,4,Essentielle,500,129.05,25.81,2022-03-18,2023-03-17,,
MRH_2022_00782,2022,1,Appartement,29,4,Essentielle,500,132.92,26.58,2023-03-18,2024-03-17,,
MRH_2022_00782,2022,2,Appartement,29,4,Essentielle,500,136.91,27.38,2024-03-18,2025-03-17,,
MRH_2022_00783,2022,0,Maison,141,2,Essentielle,300,283.84,56.77,2022-03-23,2023-03-22,,
MRH_2022_00783,2022,1,Maison,141,2,Essentielle,300,292.36,58.47,2023-03-23,2024-03-22,,
MRH_2022_00783,2022,2,Maison,141,2,Essentielle,300,301.13,60.23,2024-03-23,2025-03-22,,
MRH_2022_00784,2022,0,Maison,127,3,Confort,500,304.06,60.81,2022-08-16,2023-08-15,,
MRH_2022_00784,2022,1,Maison,127,3,Confort,500,313.18,62.64,2023-08-16,2024-08-15,,
MRH_2022_00784,2022,2,Maison,127,3,Confort,500,322.58,64.52,2024-08-16,2025-08-15,,
MRH_2022_00785,2022,0,Appartement,55,2,Premium,300,225.39,45.08,2022-10-22,2023-10-21,,
MRH_2022_00785,2022,1,Appartement,55,2,Premium,300,232.15,46.43,2023-10-22,2024-10-21,,
MRH_2022_00785,2022,2,Appartement,55,2,Premium,300,239.12,47.82,2024-10-22,2025-10-21,,
MRH_2022_00786,2022,0,Maison,141,3,Confort,500,323.38,64.68,2022-02-08,2023-02-07,,
MRH_2022_00786,2022,1,Maison,141,3,Confort,500,333.08,66.62,2023-02-08,2024-02-07,,
MRH_2022_00786,2022,2,Maison,141,3,Confort,500,343.07,68.61,2024-02-08,2025-02-07,,
MRH_2022_00787,2022,0,Maison,179,3,Confort,150,449.35,89.87,2022-06-05,2023-06-04,,
MRH_2022_00787,2022,1,Maison,179,3,Confort,150,311.94,62.39,2023-06-05,2024-02-05,2024-02-05,Insatisfaction service
MRH_2022_00788,2022,0,Appartement,71,5,Confort,150,306.65,61.33,2022-06-02,2023-06-01,,
MRH_2022_00788,2022,1,Appartement,71,5,Confort,150,315.85,63.17,2023-06-02,2024-06-01,,
MRH_2022_00788,2022,2,Appartement,71,5,Confort,150,325.32,65.06,2024-06-02,2025-06-01,,
MRH_2022_00789,2022,0,Appartement,60,5,Confort,300,256.5,51.3,2022-01-26,2023-01-25,,
MRH_2022_00789,2022,1,Appartement,60,5,Confort,300,264.19,52.84,2023-01-26,2024-01-25,,
MRH_2022_00789,2022,2,Appartement,60,5,Confort,300,272.12,54.42,2024-01-26,2025-01-25,,
MRH_2022_00790,2022,0,Appartement,24,1,Premium,500,138.26,27.65,2022-02-13,2023-02-12,,
MRH_2022_00790,2022,1,Appartement,24,1,Premium,500,142.41,28.48,2023-02-13,2024-02-12,,
MRH_2022_00790,2022,2,Appartement,24,1,Premium,500,146.68,29.34,2024-02-13,2025-02-12,,
MRH_2022_00791,2022,0,Maison,113,2,Confort,500,270.5,54.1,2022-05-21,2023-05-20,,
MRH_2022_00791,2022,1,Maison,113,2,Confort,500,278.62,55.72,2023-05-21,2024-05-20,,
MRH_2022_00791,2022,2,Maison,113,2,Confort,500,286.97,57.39,2024-05-21,2025-05-20,,
MRH_2022_00792,2022,0,Appartement,68,3,Confort,300,202.0,40.4,2022-11-20,2023-11-19,,
MRH_2022_00792,2022,1,Appartement,68,3,Confort,300,208.06,41.61,2023-11-20,2024-11-19,,
MRH_2022_00792,2022,2,Appartement,68,3,Confort,300,214.3,42.86,2024-11-20,2025-11-19,,
MRH_2022_00793,2022,0,Maison,73,4,Confort,500,263.97,52.79,2022-02-25,2023-02-24,,
MRH_2022_00793,2022,1,Maison,73,4,Confort,500,271.89,54.38,2023-02-25,2024-02-24,,
MRH_2022_00793,2022,2,Maison,73,4,Confort,500,280.05,56.01,2024-02-25,2025-02-24,,
MRH_2022_00794,2022,0,Appartement,62,3,Essentielle,300,164.05,32.81,2022-08-22,2023-08-21,,
MRH_2022_00794,2022,1,Appartement,62,3,Essentielle,300,168.97,33.79,2023-08-22,2024-08-21,,
MRH_2022_00794,2022,2,Appartement,62,3,Essentielle,300,174.04,34.81,2024-08-22,2025-08-21,,
MRH_2022_00795,2022,0,Appartement,29,3,Essentielle,500,112.22,22.44,2022-02-26,2023-02-25,,
MRH_2022_00795,2022,1,Appartement,29,3,Essentielle,500,115.59,23.12,2023-02-26,2024-02-25,,
MRH_2022_00795,2022,2,Appartement,29,3,Essentielle,500,119.05,23.81,2024-02-26,2025-02-25,,
MRH_2022_00796,2022,0,Appartement,66,5,Premium,500,321.31,64.26,2022-05-19,2023-05-18,,
MRH_2022_00796,2022,1,Appartement,66,5,Premium,500,56.22,11.24,2023-05-19,2023-07-19,2023-07-19,Déménagement
MRH_2022_00797,2022,0,Appartement,39,3,Confort,300,158.5,31.7,2022-06-09,2023-06-08,,
MRH_2022_00797,2022,1,Appartement,39,3,Confort,300,163.25,32.65,2023-06-09,2024-06-08,,
MRH_2022_00797,2022,2,Appartement,39,3,Confort,300,168.15,33.63,2024-06-09,2025-06-08,,
MRH_2022_00798,2022,0,Appartement,63,3,Confort,300,194.5,38.9,2022-07-02,2023-07-01,,
MRH_2022_00798,2022,1,Appartement,63,3,Confort,300,84.52,16.9,2023-07-02,2023-12-02,2023-12-02,Concurrent moins cher
MRH_2022_00799,2022,0,Appartement,29,3,Essentielle,300,121.97,24.39,2022-04-06,2023-04-05,,
MRH_2022_00799,2022,1,Appartement,29,3,Essentielle,300,105.67,21.13,2023-04-06,2024-02-06,2024-02-06,Concurrent moins cher
MRH_2022_00800,2022,0,Maison,136,1,Confort,150,321.64,64.33,2022-07-04,2023-07-03,,
MRH_2022_00800,2022,1,Maison,136,1,Confort,150,305.88,61.18,2023-07-04,2024-06-04,2024-06-04,Insatisfaction service
MRH_2022_00801,2022,0,Appartement,34,3,Confort,300,151.0,30.2,2022-10-27,2023-10-26,,
MRH_2022_00801,2022,1,Appartement,34,3,Confort,300,155.53,31.11,2023-10-27,2024-10-26,,
MRH_2022_00801,2022,2,Appartement,34,3,Confort,300,160.2,32.04,2024-10-27,2025-10-26,,
MRH_2022_00802,2022,0,Maison,152,3,Confort,300,368.0,73.6,2022-02-05,2023-02-04,,
MRH_2022_00802,2022,1,Maison,152,3,Confort,300,379.04,75.81,2023-02-05,2024-02-04,,
MRH_2022_00802,2022,2,Maison,152,3,Confort,300,390.41,78.08,2024-02-05,2025-02-04,,
MRH_2022_00803,2022,0,Maison,111,1,Confort,300,260.52,52.1,2022-11-08,2023-11-07,,
MRH_2022_00803,2022,1,Maison,111,1,Confort,300,268.34,53.67,2023-11-08,2024-11-07,,
MRH_2022_00803,2022,2,Maison,111,1,Confort,300,276.39,55.28,2024-11-08,2025-11-07,,
MRH_2022_00804,2022,0,Maison,95,2,Essentielle,500,209.87,41.97,2022-03-16,2023-03-15,,
MRH_2022_00804,2022,1,Maison,95,2,Essentielle,500,216.17,43.23,2023-03-16,2024-03-15,,
MRH_2022_00804,2022,2,Maison,95,2,Essentielle,500,222.65,44.53,2024-03-16,2025-03-15,,
MRH_2022_00805,2022,0,Maison,116,3,Essentielle,500,245.55,49.11,2022-10-08,2023-10-07,,
MRH_2022_00805,2022,1,Maison,116,3,Essentielle,500,252.92,50.58,2023-10-08,2024-10-07,,
MRH_2022_00805,2022,2,Maison,116,3,Essentielle,500,260.5,52.1,2024-10-08,2025-10-07,,
MRH_2022_00806,2022,0,Maison,76,1,Essentielle,500,168.83,33.77,2022-07-28,2023-07-27,,
MRH_2022_00806,2022,1,Maison,76,1,Essentielle,500,173.89,34.78,2023-07-28,2024-07-27,,
MRH_2022_00806,2022,2,Maison,76,1,Essentielle,500,179.11,35.82,2024-07-28,2025-07-27,,
MRH_2022_00807,2022,0,Maison,130,2,Confort,500,292.79,58.56,2022-04-23,2023-04-22,,
MRH_2022_00807,2022,1,Maison,130,2,Confort,500,25.62,5.12,2023-04-23,2023-05-23,2023-05-23,Insatisfaction service
MRH_2022_00808,2022,0,Appartement,64,3,Essentielle,500,153.27,30.65,2022-08-04,2023-08-03,,
MRH_2022_00808,2022,1,Appartement,64,3,Essentielle,500,157.87,31.57,2023-08-04,2024-08-03,,
MRH_2022_00808,2022,2,Appartement,64,3,Essentielle,500,162.6,32.52,2024-08-04,2025-08-03,,
MRH_2022_00809,2022,0,Appartement,63,2,Essentielle,300,157.06,31.41,2022-08-08,2023-08-07,,
MRH_2022_00809,2022,1,Appartement,63,2,Essentielle,300,161.77,32.35,2023-08-08,2024-08-07,,
MRH_2022_00809,2022,2,Appartement,63,2,Essentielle,300,166.62,33.32,2024-08-08,2025-08-07,,
MRH_2022_00810,2022,0,Maison,112,5,Premium,500,497.3,99.46,2022-03-10,2023-03-09,,
MRH_2022_00810,2022,1,Maison,112,5,Premium,500,512.22,102.44,2023-03-10,2024-03-09,,
MRH_2022_00810,2022,2,Maison,112,5,Premium,500,527.59,105.52,2024-03-10,2025-03-09,,
MRH_2022_00811,2022,0,Appartement,98,2,Confort,300,234.65,46.93,2022-10-07,2023-10-06,,
MRH_2022_00811,2022,1,Appartement,98,2,Confort,300,241.69,48.34,2023-10-07,2024-10-06,,
MRH_2022_00811,2022,2,Appartement,98,2,Confort,300,248.94,49.79,2024-10-07,2025-10-06,,
MRH_2022_00812,2022,0,Maison,98,1,Essentielle,500,190.77,38.15,2022-02-26,2023-02-25,,
MRH_2022_00812,2022,1,Maison,98,1,Essentielle,500,196.49,39.3,2023-02-26,2024-02-25,,
MRH_2022_00812,2022,2,Maison,98,1,Essentielle,500,202.39,40.48,2024-02-26,2025-02-25,,
MRH_2022_00813,2022,0,Appartement,66,1,Premium,300,219.9,43.98,2022-11-06,2023-11-05,,
MRH_2022_00813,2022,1,Appartement,66,1,Premium,300,226.5,45.3,2023-11-06,2024-11-05,,
MRH_2022_00813,2022,2,Appartement,66,1,Premium,300,233.29,46.66,2024-11-06,2025-11-05,,
MRH_2022_00814,2022,0,Appartement,72,4,Essentielle,150,223.65,44.73,2022-10-08,2023-10-07,,
MRH_2022_00814,2022,1,Appartement,72,4,Essentielle,150,78.26,15.65,2023-10-08,2024-02-08,2024-02-08,Insatisfaction service
MRH_2022_00815,2022,0,Appartement,52,1,Premium,300,196.69,39.34,2022-03-28,2023-03-27,,
MRH_2022_00815,2022,1,Appartement,52,1,Premium,300,202.59,40.52,2023-03-28,2024-03-27,,
MRH_2022_00815,2022,2,Appartement,52,1,Premium,300,208.67,41.73,2024-03-28,2025-03-27,,
MRH_2022_00816,2022,0,Maison,151,3,Premium,500,438.33,87.67,2022-08-27,2023-08-26,,
MRH_2022_00816,2022,1,Maison,151,3,Premium,500,451.48,90.3,2023-08-27,2024-08-26,,
MRH_2022_00816,2022,2,Maison,151,3,Premium,500,465.02,93.0,2024-08-27,2025-08-26,,
MRH_2022_00817,2022,0,Maison,58,1,Confort,150,212.25,42.45,2022-03-21,2023-03-20,,
MRH_2022_00817,2022,1,Maison,58,1,Confort,150,218.62,43.72,2023-03-21,2024-03-20,,
MRH_2022_00817,2022,2,Maison,58,1,Confort,150,225.18,45.04,2024-03-21,2025-03-20,,
MRH_2022_00818,2022,0,Appartement,33,3,Confort,500,137.54,27.51,2022-12-28,2023-12-27,,
MRH_2022_00818,2022,1,Appartement,33,3,Confort,500,130.8,26.16,2023-12-28,2024-11-28,2024-11-28,Concurrent moins cher
MRH_2022_00819,2022,0,Appartement,96,3,Confort,150,268.4,53.68,2022-04-27,2023-04-26,,
MRH_2022_00819,2022,1,Appartement,96,3,Confort,150,276.45,55.29,2023-04-27,2024-04-26,,
MRH_2022_00819,2022,2,Appartement,96,3,Confort,150,284.75,56.95,2024-04-27,2025-04-26,,
MRH_2022_00820,2022,0,Appartement,101,1,Confort,500,196.67,39.33,2022-06-21,2023-06-20,,
MRH_2022_00820,2022,1,Appartement,101,1,Confort,500,202.57,40.51,2023-06-21,2024-06-20,,
MRH_2022_00820,2022,2,Appartement,101,1,Confort,500,208.65,41.73,2024-06-21,2025-06-20,,
MRH_2022_00821,2022,0,Maison,94,4,Confort,500,297.3,59.46,2022-08-28,2023-08-27,,
MRH_2022_00821,2022,1,Maison,94,4,Confort,500,306.22,61.24,2023-08-28,2024-08-27,,
MRH_2022_00821,2022,2,Maison,94,4,Confort,500,315.41,63.08,2024-08-28,2025-08-27,,
MRH_2022_00822,2022,0,Maison,133,3,Confort,150,373.45,74.69,2022-02-11,2023-02-10,,
MRH_2022_00822,2022,1,Maison,133,3,Confort,150,384.65,76.93,2023-02-11,2024-02-10,,
MRH_2022_00822,2022,2,Maison,133,3,Confort,150,396.19,79.24,2024-02-11,2025-02-10,,
MRH_2022_00823,2022,0,Appartement,104,3,Confort,150,281.6,56.32,2022-11-23,2023-11-22,,
MRH_2022_00823,2022,1,Appartement,104,3,Confort,150,290.05,58.01,2023-11-23,2024-11-22,,
MRH_2022_00823,2022,2,Appartement,104,3,Confort,150,298.75,59.75,2024-11-23,2025-11-22,,
MRH_2022_00824,2022,0,Maison,145,3,Premium,300,464.75,92.95,2022-12-24,2023-12-23,,
MRH_2022_00824,2022,1,Maison,145,3,Premium,300,478.69,95.74,2023-12-24,2024-12-23,,
MRH_2022_00824,2022,2,Maison,145,3,Premium,300,493.05,98.61,2024-12-24,2025-12-23,,
MRH_2022_00825,2022,0,Maison,164,1,Confort,300,328.1,65.62,2022-09-20,2023-09-19,,
MRH_2022_00825,2022,1,Maison,164,1,Confort,300,337.94,67.59,2023-09-20,2024-09-19,,
MRH_2022_00825,2022,2,Maison,164,1,Confort,300,348.08,69.62,2024-09-20,2025-09-19,,
MRH_2022_00826,2022,0,Maison,87,4,Confort,500,286.19,57.24,2022-04-10,2023-04-09,,
MRH_2022_00826,2022,1,Maison,87,4,Confort,500,222.9,44.58,2023-04-10,2024-01-10,2024-01-10,Concurrent moins cher
MRH_2022_00827,2022,0,Appartement,55,3,Confort,300,182.5,36.5,2022-02-17,2023-02-16,,
MRH_2022_00827,2022,1,Appartement,55,3,Confort,300,187.97,37.59,2023-02-17,2024-02-16,,
MRH_2022_00827,2022,2,Appartement,55,3,Confort,300,193.61,38.72,2024-02-17,2025-02-16,,
MRH_2022_00828,2022,0,Maison,50,2,Essentielle,300,173.61,34.72,2022-04-27,2023-04-26,,
MRH_2022_00828,2022,1,Maison,50,2,Essentielle,300,178.82,35.76,2023-04-27,2024-04-26,,
MRH_2022_00828,2022,2,Maison,50,2,Essentielle,300,184.18,36.84,2024-04-27,2025-04-26,,
MRH_2022_00829,2022,0,Maison,130,2,Confort,300,318.25,63.65,2022-02-02,2023-02-01,,
MRH_2022_00829,2022,1,Maison,130,2,Confort,300,327.8,65.56,2023-02-02,2024-02-01,,
MRH_2022_00829,2022,2,Maison,130,2,Confort,300,337.63,67.53,2024-02-02,2025-02-01,,
MRH_2022_00830,2022,0,Appartement,70,3,Essentielle,300,174.25,34.85,2022-04-26,2023-04-25,,
MRH_2022_00830,2022,1,Appartement,70,3,Essentielle,300,179.48,35.9,2023-04-26,2024-04-25,,
MRH_2022_00830,2022,2,Appartement,70,3,Essentielle,300,184.86,36.97,2024-04-26,2025-04-25,,
MRH_2022_00831,2022,0,Maison,174,4,Essentielle,300,391.98,78.4,2022-05-22,2023-05-21,,
MRH_2022_00831,2022,1,Maison,174,4,Essentielle,300,403.74,80.75,2023-05-22,2024-05-21,,
MRH_2022_00831,2022,2,Maison,174,4,Essentielle,300,415.85,83.17,2024-05-22,2025-05-21,,
MRH_2022_00832,2022,0,Maison,97,3,Confort,300,285.5,57.1,2022-02-11,2023-02-10,,
MRH_2022_00832,2022,1,Maison,97,3,Confort,300,294.06,58.81,2023-02-11,2024-02-10,,
MRH_2022_00832,2022,2,Maison,97,3,Confort,300,302.89,60.58,2024-02-11,2025-02-10,,
MRH_2022_00833,2022,0,Maison,98,3,Confort,150,315.7,63.14,2022-01-14,2023-01-13,,
MRH_2022_00833,2022,1,Maison,98,3,Confort,150,325.17,65.03,2023-01-14,2024-01-13,,
MRH_2022_00833,2022,2,Maison,98,3,Confort,150,334.93,66.99,2024-01-14,2025-01-13,,
MRH_2022_00834,2022,0,Appartement,68,2,Confort,500,176.55,35.31,2022-05-19,2023-05-18,,
MRH_2022_00834,2022,1,Appartement,68,2,Confort,500,181.85,36.37,2023-05-19,2024-05-18,,
MRH_2022_00834,2022,2,Appartement,68,2,Confort,500,187.3,37.46,2024-05-19,2025-05-18,,
MRH_2022_00835,2022,0,Appartement,91,5,Premium,300,415.06,83.01,2022-09-05,2023-09-04,,
MRH_2022_00835,2022,1,Appartement,91,5,Premium,300,427.51,85.5,2023-09-05,2024-09-04,,
MRH_2022_00835,2022,2,Appartement,91,5,Premium,300,440.34,88.07,2024-09-05,2025-09-04,,
MRH_2022_00836,2022,0,Maison,100,3,Confort,300,290.0,58.0,2022-08-16,2023-08-15,,
MRH_2022_00836,2022,1,Maison,100,3,Confort,300,76.11,15.22,2023-08-16,2023-11-16,2023-11-16,Vente du bien
MRH_2022_00837,2022,0,Appartement,97,3,Essentielle,300,208.67,41.73,2022-01-17,2023-01-16,,
MRH_2022_00837,2022,1,Appartement,97,3,Essentielle,300,214.93,42.99,2023-01-17,2024-01-16,,
MRH_2022_00837,2022,2,Appartement,97,3,Essentielle,300,221.38,44.28,2024-01-17,2025-01-16,,
MRH_2022_00838,2022,0,Maison,103,2,Confort,300,279.77,55.95,2022-03-26,2023-03-25,,
MRH_2022_00838,2022,1,Maison,103,2,Confort,300,288.16,57.63,2023-03-26,2024-03-25,,
MRH_2022_00838,2022,2,Maison,103,2,Confort,300,125.23,25.05,2024-03-26,2024-08-26,2024-08-26,Concurrent moins cher
MRH_2022_00839,2022,0,Appartement,77,1,Essentielle,150,171.27,34.25,2022-07-16,2023-07-15,,
MRH_2022_00839,2022,1,Appartement,77,1,Essentielle,150,176.41,35.28,2023-07-16,2024-07-15,,
MRH_2022_00839,2022,2,Appartement,77,1,Essentielle,150,181.7,36.34,2024-07-16,2025-07-15,,
MRH_2022_00840,2022,0,Maison,77,4,Confort,300,293.82,58.76,2022-03-17,2023-03-16,,
MRH_2022_00840,2022,1,Maison,77,4,Confort,300,302.63,60.53,2023-03-17,2024-03-16,,
MRH_2022_00840,2022,2,Maison,77,4,Confort,300,311.71,62.34,2024-03-17,2025-03-16,,
MRH_2022_00841,2022,0,Maison,158,1,Confort,500,294.81,58.96,2022-07-08,2023-07-07,,
MRH_2022_00841,2022,1,Maison,158,1,Confort,500,303.65,60.73,2023-07-08,2024-07-07,,
MRH_2022_00841,2022,2,Maison,158,1,Confort,500,312.76,62.55,2024-07-08,2025-07-07,,
MRH_2022_00842,2022,0,Appartement,97,3,Confort,300,245.5,49.1,2022-11-03,2023-11-02,,
MRH_2022_00842,2022,1,Appartement,97,3,Confort,300,252.87,50.57,2023-11-03,2024-11-02,,
MRH_2022_00842,2022,2,Appartement,97,3,Confort,300,260.45,52.09,2024-11-03,2025-11-02,,
MRH_2022_00843,2022,0,Appartement,76,3,Essentielle,150,200.09,40.02,2022-04-20,2023-04-19,,
MRH_2022_00843,2022,1,Appartement,76,3,Essentielle,150,206.09,41.22,2023-04-20,2024-04-19,,
MRH_2022_00843,2022,2,Appartement,76,3,Essentielle,150,212.28,42.46,2024-04-20,2025-04-19,,
MRH_2022_00844,2022,0,Maison,59,3,Confort,150,251.35,50.27,2022-02-22,2023-02-21,,
MRH_2022_00844,2022,1,Maison,59,3,Confort,150,258.89,51.78,2023-02-22,2024-02-21,,
MRH_2022_00844,2022,2,Maison,59,3,Confort,150,266.66,53.33,2024-02-22,2025-02-21,,
MRH_2022_00845,2022,0,Appartement,69,3,Premium,500,243.39,48.68,2022-02-26,2023-02-25,,
MRH_2022_00845,2022,1,Appartement,69,3,Premium,500,250.69,50.14,2023-02-26,2024-02-25,,
MRH_2022_00845,2022,2,Appartement,69,3,Premium,500,258.21,51.64,2024-02-26,2025-02-25,,
MRH_2022_00846,2022,0,Appartement,46,3,Premium,300,219.7,43.94,2022-07-06,2023-07-05,,
MRH_2022_00846,2022,1,Appartement,46,3,Premium,300,226.29,45.26,2023-07-06,2024-07-05,,
MRH_2022_00846,2022,2,Appartement,46,3,Premium,300,233.08,46.62,2024-07-06,2025-07-05,,
MRH_2022_00847,2022,0,Appartement,64,1,Essentielle,300,141.61,28.32,2022-03-09,2023-03-08,,
MRH_2022_00847,2022,1,Appartement,64,1,Essentielle,300,145.86,29.17,2023-03-09,2024-03-08,,
MRH_2022_00847,2022,2,Appartement,64,1,Essentielle,300,150.23,30.05,2024-03-09,2025-03-08,,
MRH_2022_00848,2022,0,Maison,139,3,Essentielle,300,296.22,59.24,2022-03-01,2023-02-28,,
MRH_2022_00848,2022,1,Maison,139,3,Essentielle,300,305.11,61.02,2023-03-01,2024-02-29,,
MRH_2022_00848,2022,2,Maison,139,3,Essentielle,300,314.26,62.85,2024-03-01,2025-02-28,,
MRH_2022_00849,2022,0,Appartement,98,2,Premium,150,335.55,67.11,2022-01-07,2023-01-06,,
MRH_2022_00849,2022,1,Appartement,98,2,Premium,150,345.62,69.12,2023-01-07,2024-01-06,,
MRH_2022_00849,2022,2,Appartement,98,2,Premium,150,355.98,71.2,2024-01-07,2025-01-06,,
MRH_2022_00850,2022,0,Appartement,106,3,Confort,150,284.9,56.98,2022-05-02,2023-05-01,,
MRH_2022_00850,2022,1,Appartement,106,3,Confort,150,293.45,58.69,2023-05-02,2024-05-01,,
MRH_2022_00850,2022,2,Appartement,106,3,Confort,150,302.25,60.45,2024-05-02,2025-05-01,,
MRH_2022_00851,2022,0,Appartement,99,5,Essentielle,150,313.67,62.73,2022-04-25,2023-04-24,,
MRH_2022_00851,2022,1,Appartement,99,5,Essentielle,150,323.08,64.62,2023-04-25,2024-04-24,,
MRH_2022_00851,2022,2,Appartement,99,5,Essentielle,150,332.77,66.55,2024-04-25,2025-04-24,,
MRH_2022_00852,2022,0,Appartement,71,3,Essentielle,300,175.53,35.11,2022-03-12,2023-03-11,,
MRH_2022_00852,2022,1,Appartement,71,3,Essentielle,300,180.8,36.16,2023-03-12,2024-03-11,,
MRH_2022_00852,2022,2,Appartement,71,3,Essentielle,300,186.22,37.24,2024-03-12,2025-03-11,,
MRH_2022_00853,2022,0,Appartement,125,3,Essentielle,500,224.83,44.97,2022-10-10,2023-10-09,,
MRH_2022_00853,2022,1,Appartement,125,3,Essentielle,500,231.57,46.31,2023-10-10,2024-10-09,,
MRH_2022_00853,2022,2,Appartement,125,3,Essentielle,500,238.52,47.7,2024-10-10,2025-10-09,,
MRH_2022_00854,2022,0,Appartement,46,5,Essentielle,300,193.93,38.79,2022-11-13,2023-11-12,,
MRH_2022_00854,2022,1,Appartement,46,5,Essentielle,300,199.75,39.95,2023-11-13,2024-11-12,,
MRH_2022_00854,2022,2,Appartement,46,5,Essentielle,300,205.74,41.15,2024-11-13,2025-11-12,,
MRH_2022_00855,2022,0,Appartement,75,2,Confort,150,222.06,44.41,2022-05-03,2023-05-02,,
MRH_2022_00855,2022,1,Appartement,75,2,Confort,150,228.72,45.74,2023-05-03,2024-05-02,,
MRH_2022_00855,2022,2,Appartement,75,2,Confort,150,235.58,47.12,2024-05-03,2025-05-02,,
MRH_2022_00856,2022,0,Appartement,47,3,Essentielle,500,133.33,26.67,2022-04-20,2023-04-19,,
MRH_2022_00856,2022,1,Appartement,47,3,Essentielle,500,137.33,27.47,2023-04-20,2024-04-19,,
MRH_2022_00856,2022,2,Appartement,47,3,Essentielle,500,141.45,28.29,2024-04-20,2025-04-19,,
MRH_2022_00857,2022,0,Maison,173,5,Confort,300,539.33,107.87,2022-04-22,2023-04-21,,
MRH_2022_00857,2022,1,Maison,173,5,Confort,300,555.51,111.1,2023-04-22,2024-04-21,,
MRH_2022_00857,2022,2,Maison,173,5,Confort,300,572.18,114.44,2024-04-22,2025-04-21,,
MRH_2022_00858,2022,0,Appartement,53,3,Essentielle,300,152.57,30.51,2022-11-01,2023-10-31,,
MRH_2022_00858,2022,1,Appartement,53,3,Essentielle,300,157.15,31.43,2023-11-01,2024-10-31,,
MRH_2022_00858,2022,2,Appartement,53,3,Essentielle,300,13.75,2.75,2024-11-01,2024-12-01,2024-12-01,Prix trop élevé
MRH_2022_00859,2022,0,Appartement,95,4,Confort,150,306.76,61.35,2022-09-01,2023-08-31,,
MRH_2022_00859,2022,1,Appartement,95,4,Confort,150,315.96,63.19,2023-09-01,2024-08-31,,
MRH_2022_00859,2022,2,Appartement,95,4,Confort,150,325.44,65.09,2024-09-01,2025-08-31,,
MRH_2022_00860,2022,0,Appartement,41,1,Premium,500,164.18,32.84,2022-10-12,2023-10-11,,
MRH_2022_00860,2022,1,Appartement,41,1,Premium,500,169.11,33.82,2023-10-12,2024-10-11,,
MRH_2022_00860,2022,2,Appartement,41,1,Premium,500,174.18,34.84,2024-10-12,2025-10-11,,
MRH_2022_00861,2022,0,Maison,140,2,Essentielle,150,310.89,62.18,2022-04-24,2023-04-23,,
MRH_2022_00861,2022,1,Maison,140,2,Essentielle,150,135.11,27.02,2023-04-24,2023-09-24,2023-09-24,Concurrent moins cher
MRH_2022_00862,2022,0,Appartement,63,4,Confort,300,223.67,44.73,2022-04-16,2023-04-15,,
MRH_2022_00862,2022,1,Appartement,63,4,Confort,300,230.38,46.08,2023-04-16,2024-04-15,,
MRH_2022_00862,2022,2,Appartement,63,4,Confort,300,159.27,31.85,2024-04-16,2024-12-16,2024-12-16,Vente du bien
MRH_2022_00863,2022,0,Appartement,80,2,Premium,500,249.96,49.99,2022-03-18,2023-03-17,,
MRH_2022_00863,2022,1,Appartement,80,2,Premium,500,257.46,51.49,2023-03-18,2024-03-17,,
MRH_2022_00863,2022,2,Appartement,80,2,Premium,500,265.18,53.04,2024-03-18,2025-03-17,,
MRH_2022_00864,2022,0,Maison,189,3,Essentielle,300,359.97,71.99,2022-12-03,2023-12-02,,
MRH_2022_00864,2022,1,Maison,189,3,Essentielle,300,370.77,74.15,2023-12-03,2024-12-02,,
MRH_2022_00864,2022,2,Maison,189,3,Essentielle,300,381.89,76.38,2024-12-03,2025-12-02,,
MRH_2022_00865,2022,0,Maison,167,2,Premium,150,530.49,106.1,2022-12-22,2023-12-21,,
MRH_2022_00865,2022,1,Maison,167,2,Premium,150,546.4,109.28,2023-12-22,2024-12-21,,
MRH_2022_00865,2022,2,Maison,167,2,Premium,150,562.8,112.56,2024-12-22,2025-12-21,,
MRH_2022_00866,2022,0,Appartement,37,3,Premium,150,222.37,44.47,2022-06-14,2023-06-13,,
MRH_2022_00866,2022,1,Appartement,37,3,Premium,150,229.04,45.81,2023-06-14,2024-06-13,,
MRH_2022_00866,2022,2,Appartement,37,3,Premium,150,235.91,47.18,2024-06-14,2025-06-13,,
MRH_2022_00867,2022,0,Appartement,35,3,Essentielle,300,129.62,25.92,2022-01-09,2023-01-08,,
MRH_2022_00867,2022,1,Appartement,35,3,Essentielle,300,133.51,26.7,2023-01-09,2024-01-08,,
MRH_2022_00867,2022,2,Appartement,35,3,Essentielle,300,137.51,27.5,2024-01-09,2025-01-08,,
MRH_2022_00868,2022,0,Appartement,61,2,Essentielle,150,170.1,34.02,2022-12-08,2023-12-07,,
MRH_2022_00868,2022,1,Appartement,61,2,Essentielle,150,175.2,35.04,2023-12-08,2024-12-07,,
MRH_2022_00868,2022,2,Appartement,61,2,Essentielle,150,180.46,36.09,2024-12-08,2025-12-07,,
MRH_2022_00869,2022,0,Appartement,65,2,Confort,150,206.39,41.28,2022-01-16,2023-01-15,,
MRH_2022_00869,2022,1,Appartement,65,2,Confort,150,212.58,42.52,2023-01-16,2024-01-15,,
MRH_2022_00869,2022,2,Appartement,65,2,Confort,150,201.56,40.31,2024-01-16,2024-12-16,2024-12-16,Concurrent moins cher
MRH_2022_00870,2022,0,Maison,143,2,Confort,300,336.77,67.35,2022-01-27,2023-01-26,,
MRH_2022_00870,2022,1,Maison,143,2,Confort,300,346.87,69.37,2023-01-27,2024-01-26,,
MRH_2022_00870,2022,2,Maison,143,2,Confort,300,357.28,71.46,2024-01-27,2025-01-26,,
MRH_2022_00871,2022,0,Maison,128,4,Confort,150,419.98,84.0,2022-02-02,2023-02-01,,
MRH_2022_00871,2022,1,Maison,128,4,Confort,150,432.58,86.52,2023-02-02,2024-02-01,,
MRH_2022_00871,2022,2,Maison,128,4,Confort,150,445.56,89.11,2024-02-02,2025-02-01,,
MRH_2022_00872,2022,0,Maison,65,3,Confort,150,261.25,52.25,2022-08-02,2023-08-01,,
MRH_2022_00872,2022,1,Maison,65,3,Confort,150,269.09,53.82,2023-08-02,2024-08-01,,
MRH_2022_00872,2022,2,Maison,65,3,Confort,150,277.16,55.43,2024-08-02,2025-08-01,,
MRH_2022_00873,2022,0,Appartement,50,2,Confort,150,182.88,36.58,2022-10-25,2023-10-24,,
MRH_2022_00873,2022,1,Appartement,50,2,Confort,150,188.37,37.67,2023-10-25,2024-10-24,,
MRH_2022_00873,2022,2,Appartement,50,2,Confort,150,194.02,38.8,2024-10-25,2025-10-24,,
MRH_2022_00874,2022,0,Maison,74,3,Confort,500,230.92,46.18,2022-07-20,2023-07-19,,
MRH_2022_00874,2022,1,Maison,74,3,Confort,500,237.85,47.57,2023-07-20,2024-07-19,,
MRH_2022_00874,2022,2,Maison,74,3,Confort,500,244.98,49.0,2024-07-20,2025-07-19,,
MRH_2022_00875,2022,0,Maison,129,2,Essentielle,150,296.23,59.25,2022-01-20,2023-01-19,,
MRH_2022_00875,2022,1,Maison,129,2,Essentielle,150,305.12,61.02,2023-01-20,2024-01-19,,
MRH_2022_00875,2022,2,Maison,129,2,Essentielle,150,314.27,62.85,2024-01-20,2025-01-19,,
MRH_2022_00876,2022,0,Maison,76,5,Essentielle,300,291.47,58.29,2022-06-14,2023-06-13,,
MRH_2022_00876,2022,1,Maison,76,5,Essentielle,300,300.21,60.04,2023-06-14,2024-06-13,,
MRH_2022_00876,2022,2,Maison,76,5,Essentielle,300,309.22,61.84,2024-06-14,2025-06-13,,
MRH_2022_00877,2022,0,Appartement,69,1,Confort,300,172.97,34.59,2022-05-19,2023-05-18,,
MRH_2022_00877,2022,1,Appartement,69,1,Confort,300,178.16,35.63,2023-05-19,2024-05-18,,
MRH_2022_00877,2022,2,Appartement,69,1,Confort,300,183.5,36.7,2024-05-19,2025-05-18,,
MRH_2022_00878,2022,0,Appartement,70,2,Essentielle,300,165.54,33.11,2022-01-17,2023-01-16,,
MRH_2022_00878,2022,1,Appartement,70,2,Essentielle,300,170.51,34.1,2023-01-17,2024-01-16,,
MRH_2022_00878,2022,2,Appartement,70,2,Essentielle,300,175.62,35.12,2024-01-17,2025-01-16,,
MRH_2022_00879,2022,0,Appartement,20,4,Confort,300,149.5,29.9,2022-04-21,2023-04-20,,
MRH_2022_00879,2022,1,Appartement,20,4,Confort,300,153.99,30.8,2023-04-21,2024-04-20,,
MRH_2022_00879,2022,2,Appartement,20,4,Confort,300,158.6,31.72,2024-04-21,2025-04-20,,
MRH_2022_00880,2022,0,Appartement,62,3,Confort,500,177.56,35.51,2022-10-23,2023-10-22,,
MRH_2022_00880,2022,1,Appartement,62,3,Confort,500,182.89,36.58,2023-10-23,2024-10-22,,
MRH_2022_00880,2022,2,Appartement,62,3,Confort,500,188.37,37.67,2024-10-23,2025-10-22,,
MRH_2022_00881,2022,0,Maison,88,2,Confort,150,284.24,56.85,2022-08-08,2023-08-07,,
MRH_2022_00881,2022,1,Maison,88,2,Confort,150,292.77,58.55,2023-08-08,2024-08-07,,
MRH_2022_00881,2022,2,Maison,88,2,Confort,150,301.55,60.31,2024-08-08,2025-08-07,,
MRH_2022_00882,2022,0,Maison,92,3,Essentielle,500,217.4,43.48,2022-12-25,2023-12-24,,
MRH_2022_00882,2022,1,Maison,92,3,Essentielle,500,223.92,44.78,2023-12-25,2024-12-24,,
MRH_2022_00882,2022,2,Maison,92,3,Essentielle,500,230.64,46.13,2024-12-25,2025-12-24,,
MRH_2022_00883,2022,0,Maison,127,5,Confort,150,490.79,98.16,2022-06-01,2023-05-31,,
MRH_2022_00883,2022,1,Maison,127,5,Confort,150,505.51,101.1,2023-06-01,2024-05-31,,
MRH_2022_00883,2022,2,Maison,127,5,Confort,150,520.68,104.14,2024-06-01,2025-05-31,,
MRH_2022_00884,2022,0,Appartement,80,3,Premium,300,286.0,57.2,2022-01-01,2022-12-31,,
MRH_2022_00884,2022,1,Appartement,80,3,Premium,300,294.58,58.92,2023-01-01,2023-12-31,,
MRH_2022_00884,2022,2,Appartement,80,3,Premium,300,303.42,60.68,2024-01-01,2024-12-31,,
MRH_2022_00885,2022,0,Appartement,63,4,Essentielle,300,190.12,38.02,2022-01-06,2023-01-05,,
MRH_2022_00885,2022,1,Appartement,63,4,Essentielle,300,195.82,39.16,2023-01-06,2024-01-05,,
MRH_2022_00885,2022,2,Appartement,63,4,Essentielle,300,201.7,40.34,2024-01-06,2025-01-05,,
MRH_2022_00886,2022,0,Appartement,80,3,Confort,150,242.0,48.4,2022-06-07,2023-06-06,,
MRH_2022_00886,2022,1,Appartement,80,3,Confort,150,249.26,49.85,2023-06-07,2024-06-06,,
MRH_2022_00886,2022,2,Appartement,80,3,Confort,150,256.74,51.35,2024-06-07,2025-06-06,,
MRH_2022_00887,2022,0,Maison,69,5,Premium,500,393.16,78.63,2022-12-03,2023-12-02,,
MRH_2022_00887,2022,1,Maison,69,5,Premium,500,102.07,20.41,2023-12-03,2024-03-03,2024-03-03,Prix trop élevé
MRH_2022_00888,2022,0,Appartement,20,2,Confort,500,113.62,22.72,2022-11-08,2023-11-07,,
MRH_2022_00888,2022,1,Appartement,20,2,Confort,500,117.03,23.41,2023-11-08,2024-11-07,,
MRH_2022_00888,2022,2,Appartement,20,2,Confort,500,120.54,24.11,2024-11-08,2025-11-07,,
MRH_2022_00889,2022,0,Appartement,77,1,Essentielle,300,155.7,31.14,2022-03-28,2023-03-27,,
MRH_2022_00889,2022,1,Appartement,77,1,Essentielle,300,160.37,32.07,2023-03-28,2024-03-27,,
MRH_2022_00889,2022,2,Appartement,77,1,Essentielle,300,165.18,33.04,2024-03-28,2025-03-27,,
MRH_2022_00890,2022,0,Appartement,48,3,Confort,150,189.2,37.84,2022-03-17,2023-03-16,,
MRH_2022_00890,2022,1,Appartement,48,3,Confort,150,194.88,38.98,2023-03-17,2024-03-16,,
MRH_2022_00890,2022,2,Appartement,48,3,Confort,150,200.72,40.14,2024-03-17,2025-03-16,,
MRH_2022_00891,2022,0,Maison,85,2,Confort,500,233.8,46.76,2022-12-16,2023-12-15,,
MRH_2022_00891,2022,1,Maison,85,2,Confort,500,240.81,48.16,2023-12-16,2024-12-15,,
MRH_2022_00891,2022,2,Maison,85,2,Confort,500,248.04,49.61,2024-12-16,2025-12-15,,
MRH_2022_00892,2022,0,Maison,154,4,Confort,300,426.65,85.33,2022-04-07,2023-04-06,,
MRH_2022_00892,2022,1,Maison,154,4,Confort,300,439.45,87.89,2023-04-07,2024-04-06,,
MRH_2022_00892,2022,2,Maison,154,4,Confort,300,452.63,90.53,2024-04-07,2025-04-06,,
MRH_2022_00893,2022,0,Appartement,43,2,Premium,300,203.16,40.63,2022-09-03,2023-09-02,,
MRH_2022_00893,2022,1,Appartement,43,2,Premium,300,209.25,41.85,2023-09-03,2024-09-02,,
MRH_2022_00893,2022,2,Appartement,43,2,Premium,300,215.53,43.11,2024-09-03,2025-09-02,,
MRH_2022_00894,2022,0,Appartement,76,2,Confort,500,187.04,37.41,2022-09-20,2023-09-19,,
MRH_2022_00894,2022,1,Appartement,76,2,Confort,500,192.65,38.53,2023-09-20,2024-09-19,,
MRH_2022_00894,2022,2,Appartement,76,2,Confort,500,198.43,39.69,2024-09-20,2025-09-19,,
MRH_2022_00895,2022,0,Appartement,45,2,Essentielle,500,124.44,24.89,2022-04-09,2023-04-08,,
MRH_2022_00895,2022,1,Appartement,45,2,Essentielle,500,128.17,25.63,2023-04-09,2024-04-08,,
MRH_2022_00895,2022,2,Appartement,45,2,Essentielle,500,132.02,26.4,2024-04-09,2025-04-08,,
MRH_2022_00896,2022,0,Appartement,86,4,Confort,150,289.69,57.94,2022-05-08,2023-05-07,,
MRH_2022_00896,2022,1,Appartement,86,4,Confort,150,50.69,10.14,2023-05-08,2023-07-08,2023-07-08,Concurrent moins cher
MRH_2022_00897,2022,0,Appartement,70,2,Essentielle,300,165.54,33.11,2022-04-23,2023-04-22,,
MRH_2022_00897,2022,1,Appartement,70,2,Essentielle,300,170.51,34.1,2023-04-23,2024-04-22,,
MRH_2022_00897,2022,2,Appartement,70,2,Essentielle,300,175.62,35.12,2024-04-23,2025-04-22,,
MRH_2022_00898,2022,0,Maison,145,3,Confort,300,357.5,71.5,2022-01-25,2023-01-24,,
MRH_2022_00898,2022,1,Maison,145,3,Confort,300,368.23,73.65,2023-01-25,2024-01-24,,
MRH_2022_00898,2022,2,Maison,145,3,Confort,300,379.27,75.85,2024-01-25,2025-01-24,,
MRH_2022_00899,2022,0,Maison,86,3,Confort,500,247.48,49.5,2022-11-17,2023-11-16,,
MRH_2022_00899,2022,1,Maison,86,3,Confort,500,254.9,50.98,2023-11-17,2024-11-16,,
MRH_2022_00899,2022,2,Maison,86,3,Confort,500,262.55,52.51,2024-11-17,2025-11-16,,
MRH_2022_00900,2022,0,Maison,143,2,Confort,300,336.77,67.35,2022-08-08,2023-08-07,,
MRH_2022_00900,2022,1,Maison,143,2,Confort,300,346.87,69.37,2023-08-08,2024-08-07,,
MRH_2022_00900,2022,2,Maison,143,2,Confort,300,357.28,71.46,2024-08-08,2025-08-07,,
MRH_2022_00901,2022,0,Maison,112,4,Essentielle,300,301.07,60.21,2022-07-25,2023-07-24,,
MRH_2022_00901,2022,1,Maison,112,4,Essentielle,300,310.1,62.02,2023-07-25,2024-07-24,,
MRH_2022_00901,2022,2,Maison,112,4,Essentielle,300,319.41,63.88,2024-07-25,2025-07-24,,
MRH_2022_00902,2022,0,Appartement,37,4,Essentielle,300,152.0,30.4,2022-10-28,2023-10-27,,
MRH_2022_00902,2022,1,Appartement,37,4,Essentielle,300,13.73,2.75,2023-10-28,2023-11-28,2023-11-28,Insatisfaction service
MRH_2022_00903,2022,0,Maison,138,3,Confort,500,319.24,63.85,2022-12-18,2023-12-17,,
MRH_2022_00903,2022,1,Maison,138,3,Confort,500,328.82,65.76,2023-12-18,2024-12-17,,
MRH_2022_00903,2022,2,Maison,138,3,Confort,500,338.68,67.74,2024-12-18,2025-12-17,,
MRH_2022_00904,2022,0,Appartement,45,1,Essentielle,300,121.02,24.2,2022-10-21,2023-10-20,,
MRH_2022_00904,2022,1,Appartement,45,1,Essentielle,300,124.65,24.93,2023-10-21,2024-10-20,,
MRH_2022_00904,2022,2,Appartement,45,1,Essentielle,300,128.39,25.68,2024-10-21,2025-10-20,,
MRH_2022_00905,2022,0,Appartement,46,5,Essentielle,500,178.41,35.68,2022-04-16,2023-04-15,,
MRH_2022_00905,2022,1,Appartement,46,5,Essentielle,500,154.56,30.91,2023-04-16,2024-02-16,2024-02-16,Insatisfaction service
MRH_2022_00906,2022,0,Maison,144,2,Essentielle,300,287.47,57.49,2022-01-27,2023-01-26,,
MRH_2022_00906,2022,1,Maison,144,2,Essentielle,300,296.09,59.22,2023-01-27,2024-01-26,,
MRH_2022_00906,2022,2,Maison,144,2,Essentielle,300,304.98,61.0,2024-01-27,2025-01-26,,
MRH_2022_00907,2022,0,Appartement,123,2,Essentielle,150,252.71,50.54,2022-08-02,2023-08-01,,
MRH_2022_00907,2022,1,Appartement,123,2,Essentielle,150,260.29,52.06,2023-08-02,2024-08-01,,
MRH_2022_00907,2022,2,Appartement,123,2,Essentielle,150,135.89,27.18,2024-08-02,2025-02-02,2025-02-02,Insatisfaction service
MRH_2022_00908,2022,0,Appartement,92,5,Essentielle,500,251.26,50.25,2022-08-24,2023-08-23,,
MRH_2022_00908,2022,1,Appartement,92,5,Essentielle,500,87.21,17.44,2023-08-24,2023-12-24,2023-12-24,Prix trop élevé
MRH_2022_00909,2022,0,Maison,92,3,Essentielle,300,236.3,47.26,2022-10-07,2023-10-06,,
MRH_2022_00909,2022,1,Maison,92,3,Essentielle,300,243.39,48.68,2023-10-07,2024-10-06,,
MRH_2022_00909,2022,2,Maison,92,3,Essentielle,300,250.69,50.14,2024-10-07,2025-10-06,,
MRH_2022_00910,2022,0,Appartement,107,1,Essentielle,150,207.03,41.41,2022-07-20,2023-07-19,,
MRH_2022_00910,2022,1,Appartement,107,1,Essentielle,150,213.24,42.65,2023-07-20,2024-07-19,,
MRH_2022_00910,2022,2,Appartement,107,1,Essentielle,150,219.64,43.93,2024-07-20,2025-07-19,,
MRH_2022_00911,2022,0,Maison,152,3,Confort,300,368.0,73.6,2022-11-15,2023-11-14,,
MRH_2022_00911,2022,1,Maison,152,3,Confort,300,379.04,75.81,2023-11-15,2024-11-14,,
MRH_2022_00911,2022,2,Maison,152,3,Confort,300,390.41,78.08,2024-11-15,2025-11-14,,
MRH_2022_00912,2022,0,Maison,89,2,Premium,300,337.77,67.55,2022-07-08,2023-07-07,,
MRH_2022_00912,2022,1,Maison,89,2,Premium,300,347.9,69.58,2023-07-08,2024-07-07,,
MRH_2022_00912,2022,2,Maison,89,2,Premium,300,358.34,71.67,2024-07-08,2025-07-07,,
MRH_2022_00913,2022,0,Appartement,37,3,Essentielle,150,145.39,29.08,2022-04-28,2023-04-27,,
MRH_2022_00913,2022,1,Appartement,37,3,Essentielle,150,149.75,29.95,2023-04-28,2024-04-27,,
MRH_2022_00913,2022,2,Appartement,37,3,Essentielle,150,154.24,30.85,2024-04-28,2025-04-27,,
MRH_2022_00914,2022,0,Appartement,89,3,Essentielle,300,198.47,39.69,2022-08-14,2023-08-13,,
MRH_2022_00914,2022,1,Appartement,89,3,Essentielle,300,204.42,40.88,2023-08-14,2024-08-13,,
MRH_2022_00914,2022,2,Appartement,89,3,Essentielle,300,210.56,42.11,2024-08-14,2025-08-13,,
MRH_2022_00915,2022,0,Maison,136,4,Essentielle,500,309.36,61.87,2022-03-09,2023-03-08,,
MRH_2022_00915,2022,1,Maison,136,4,Essentielle,500,318.64,63.73,2023-03-09,2024-03-08,,
MRH_2022_00915,2022,2,Maison,136,4,Essentielle,500,28.77,5.75,2024-03-09,2024-04-09,2024-04-09,Déménagement
MRH_2022_00916,2022,0,Maison,128,3,Confort,300,332.0,66.4,2022-12-13,2023-12-12,,
MRH_2022_00916,2022,1,Maison,128,3,Confort,300,341.96,68.39,2023-12-13,2024-12-12,,
MRH_2022_00916,2022,2,Maison,128,3,Confort,300,352.22,70.44,2024-12-13,2025-12-12,,
MRH_2022_00917,2022,0,Appartement,106,2,Confort,500,226.37,45.27,2022-08-03,2023-08-02,,
MRH_2022_00917,2022,1,Appartement,106,2,Confort,500,214.63,42.93,2023-08-03,2024-07-03,2024-07-03,Prix trop élevé
MRH_2022_00918,2022,0,Maison,178,3,Confort,300,407.0,81.4,2022-03-06,2023-03-05,,
MRH_2022_00918,2022,1,Maison,178,3,Confort,300,419.21,83.84,2023-03-06,2024-03-05,,
MRH_2022_00918,2022,2,Maison,178,3,Confort,300,431.79,86.36,2024-03-06,2025-03-05,,
MRH_2022_00919,2022,0,Appartement,94,2,Confort,150,251.84,50.37,2022-11-09,2023-11-08,,
MRH_2022_00919,2022,1,Appartement,94,2,Confort,150,259.4,51.88,2023-11-09,2024-11-08,,
MRH_2022_00919,2022,2,Appartement,94,2,Confort,150,267.18,53.44,2024-11-09,2025-11-08,,
MRH_2022_00920,2022,0,Appartement,93,1,Confort,300,203.57,40.71,2022-08-23,2023-08-22,,
MRH_2022_00920,2022,1,Appartement,93,1,Confort,300,193.02,38.6,2023-08-23,2024-07-23,2024-07-23,Vente du bien
MRH_2022_00921,2022,0,Maison,102,2,Essentielle,150,260.26,52.05,2022-10-01,2023-09-30,,
MRH_2022_00921,2022,1,Maison,102,2,Essentielle,150,157.17,31.43,2023-10-01,2024-05-01,2024-05-01,Prix trop élevé
MRH_2022_00922,2022,0,Maison,50,2,Essentielle,150,190.97,38.19,2022-01-14,2023-01-13,,
MRH_2022_00922,2022,1,Maison,50,2,Essentielle,150,17.24,3.45,2023-01-14,2023-02-14,2023-02-14,Concurrent moins cher
MRH_2022_00923,2022,0,Maison,113,5,Essentielle,300,355.15,71.03,2022-12-06,2023-12-05,,
MRH_2022_00923,2022,1,Maison,113,5,Essentielle,300,276.61,55.32,2023-12-06,2024-09-06,2024-09-06,Déménagement
MRH_2022_00924,2022,0,Maison,106,2,Confort,300,284.05,56.81,2022-09-13,2023-09-12,,
MRH_2022_00924,2022,1,Maison,106,2,Confort,300,292.57,58.51,2023-09-13,2024-09-12,,
MRH_2022_00924,2022,2,Maison,106,2,Confort,300,301.35,60.27,2024-09-13,2025-09-12,,
MRH_2022_00925,2022,0,Appartement,55,3,Essentielle,500,142.72,28.54,2022-04-15,2023-04-14,,
MRH_2022_00925,2022,1,Appartement,55,3,Essentielle,500,147.0,29.4,2023-04-15,2024-04-14,,
MRH_2022_00925,2022,2,Appartement,55,3,Essentielle,500,151.41,30.28,2024-04-15,2025-04-14,,
MRH_2022_00926,2022,0,Appartement,77,3,Essentielle,300,183.17,36.63,2022-07-10,2023-07-09,,
MRH_2022_00926,2022,1,Appartement,77,3,Essentielle,300,188.67,37.73,2023-07-10,2024-07-09,,
MRH_2022_00926,2022,2,Appartement,77,3,Essentielle,300,194.33,38.87,2024-07-10,2025-07-09,,
MRH_2022_00927,2022,0,Maison,103,5,Confort,300,397.58,79.52,2022-02-20,2023-02-19,,
MRH_2022_00927,2022,1,Maison,103,5,Confort,300,409.51,81.9,2023-02-20,2024-02-19,,
MRH_2022_00927,2022,2,Maison,103,5,Confort,300,421.79,84.36,2024-02-20,2025-02-19,,
MRH_2022_00928,2022,0,Appartement,21,5,Confort,300,177.53,35.51,2022-06-06,2023-06-05,,
MRH_2022_00928,2022,1,Appartement,21,5,Confort,300,182.86,36.57,2023-06-06,2024-06-05,,
MRH_2022_00928,2022,2,Appartement,21,5,Confort,300,188.34,37.67,2024-06-06,2025-06-05,,
MRH_2022_00929,2022,0,Appartement,82,2,Confort,500,194.9,38.98,2022-07-17,2023-07-16,,
MRH_2022_00929,2022,1,Appartement,82,2,Confort,500,200.75,40.15,2023-07-17,2024-07-16,,
MRH_2022_00929,2022,2,Appartement,82,2,Confort,500,206.77,41.35,2024-07-17,2025-07-16,,
MRH_2022_00930,2022,0,Appartement,41,5,Essentielle,150,203.85,40.77,2022-05-08,2023-05-07,,
MRH_2022_00930,2022,1,Appartement,41,5,Essentielle,150,209.97,41.99,2023-05-08,2024-05-07,,
MRH_2022_00930,2022,2,Appartement,41,5,Essentielle,150,216.26,43.25,2024-05-08,2025-05-07,,
MRH_2022_00931,2022,0,Maison,156,2,Essentielle,300,302.0,60.4,2022-11-02,2023-11-01,,
MRH_2022_00931,2022,1,Maison,156,2,Essentielle,300,311.06,62.21,2023-11-02,2024-11-01,,
MRH_2022_00931,2022,2,Maison,156,2,Essentielle,300,320.39,64.08,2024-11-02,2025-11-01,,
MRH_2022_00932,2022,0,Maison,134,3,Premium,300,443.3,88.66,2022-05-11,2023-05-10,,
MRH_2022_00932,2022,1,Maison,134,3,Premium,300,456.6,91.32,2023-05-11,2024-05-10,,
MRH_2022_00932,2022,2,Maison,134,3,Premium,300,470.3,94.06,2024-05-11,2025-05-10,,
MRH_2022_00933,2022,0,Appartement,100,2,Essentielle,300,201.88,40.38,2022-06-08,2023-06-07,,
MRH_2022_00933,2022,1,Appartement,100,2,Essentielle,300,207.94,41.59,2023-06-08,2024-06-07,,
MRH_2022_00933,2022,2,Appartement,100,2,Essentielle,300,196.57,39.31,2024-06-08,2025-05-08,2025-05-08,Prix trop élevé
MRH_2022_00934,2022,0,Maison,111,3,Essentielle,500,239.68,47.94,2022-09-11,2023-09-10,,
MRH_2022_00934,2022,1,Maison,111,3,Essentielle,500,246.87,49.37,2023-09-11,2024-09-10,,
MRH_2022_00934,2022,2,Maison,111,3,Essentielle,500,254.28,50.86,2024-09-11,2025-09-10,,
MRH_2022_00935,2022,0,Appartement,20,1,Premium,300,143.65,28.73,2022-03-03,2023-03-02,,
MRH_2022_00935,2022,1,Appartement,20,1,Premium,300,147.96,29.59,2023-03-03,2024-03-02,,
MRH_2022_00935,2022,2,Appartement,20,1,Premium,300,152.4,30.48,2024-03-03,2025-03-02,,
MRH_2022_00936,2022,0,Maison,125,2,Confort,500,286.24,57.25,2022-12-15,2023-12-14,,
MRH_2022_00936,2022,1,Maison,125,2,Confort,500,294.83,58.97,2023-12-15,2024-12-14,,
MRH_2022_00936,2022,2,Maison,125,2,Confort,500,303.67,60.73,2024-12-15,2025-12-14,,
MRH_2022_00937,2022,0,Appartement,73,2,Confort,300,199.02,39.8,2022-05-28,2023-05-27,,
MRH_2022_00937,2022,1,Appartement,73,2,Confort,300,204.99,41.0,2023-05-28,2024-05-27,,
MRH_2022_00937,2022,2,Appartement,73,2,Confort,300,211.14,42.23,2024-05-28,2025-05-27,,
MRH_2022_00938,2022,0,Maison,147,2,Essentielle,500,267.82,53.56,2022-07-17,2023-07-16,,
MRH_2022_00938,2022,1,Maison,147,2,Essentielle,500,275.85,55.17,2023-07-17,2024-07-16,,
MRH_2022_00938,2022,2,Maison,147,2,Essentielle,500,284.13,56.83,2024-07-17,2025-07-16,,
MRH_2022_00939,2022,0,Appartement,92,4,Confort,150,301.07,60.21,2022-05-20,2023-05-19,,
MRH_2022_00939,2022,1,Appartement,92,4,Confort,150,310.1,62.02,2023-05-20,2024-05-19,,
MRH_2022_00939,2022,2,Appartement,92,4,Confort,150,319.41,63.88,2024-05-20,2025-05-19,,
MRH_2022_00940,2022,0,Appartement,56,2,Essentielle,300,148.58,29.72,2022-07-18,2023-07-17,,
MRH_2022_00940,2022,1,Appartement,56,2,Essentielle,300,153.04,30.61,2023-07-18,2024-07-17,,
MRH_2022_00940,2022,2,Appartement,56,2,Essentielle,300,157.63,31.53,2024-07-18,2025-07-17,,
MRH_2022_00941,2022,0,Appartement,50,2,Essentielle,300,141.31,28.26,2022-08-13,2023-08-12,,
MRH_2022_00941,2022,1,Appartement,50,2,Essentielle,300,145.55,29.11,2023-08-13,2024-08-12,,
MRH_2022_00941,2022,2,Appartement,50,2,Essentielle,300,149.92,29.98,2024-08-13,2025-08-12,,
MRH_2022_00942,2022,0,Maison,124,2,Confort,150,340.67,68.13,2022-07-02,2023-07-01,,
MRH_2022_00942,2022,1,Maison,124,2,Confort,150,350.89,70.18,2023-07-02,2024-07-01,,
MRH_2022_00942,2022,2,Maison,124,2,Confort,150,361.42,72.28,2024-07-02,2025-07-01,,
MRH_2022_00943,2022,0,Maison,155,5,Confort,300,502.88,100.58,2022-09-23,2023-09-22,,
MRH_2022_00943,2022,1,Maison,155,5,Confort,300,517.97,103.59,2023-09-23,2024-09-22,,
MRH_2022_00943,2022,2,Maison,155,5,Confort,300,533.51,106.7,2024-09-23,2025-09-22,,
MRH_2022_00944,2022,0,Maison,177,3,Premium,300,527.15,105.43,2022-04-16,2023-04-15,,
MRH_2022_00944,2022,1,Maison,177,3,Premium,300,273.71,54.74,2023-04-16,2023-10-16,2023-10-16,Déménagement
MRH_2022_00945,2022,0,Maison,100,3,Confort,300,290.0,58.0,2022-04-20,2023-04-19,,
MRH_2022_00945,2022,1,Maison,100,3,Confort,300,298.7,59.74,2023-04-20,2024-04-19,,
MRH_2022_00945,2022,2,Maison,100,3,Confort,300,307.66,61.53,2024-04-20,2025-04-19,,
MRH_2022_00946,2022,0,Appartement,49,1,Essentielle,500,115.33,23.07,2022-07-23,2023-07-22,,
MRH_2022_00946,2022,1,Appartement,49,1,Essentielle,500,118.79,23.76,2023-07-23,2024-07-22,,
MRH_2022_00946,2022,2,Appartement,49,1,Essentielle,500,122.35,24.47,2024-07-23,2025-07-22,,
MRH_2022_00947,2022,0,Appartement,74,4,Essentielle,300,206.25,41.25,2022-09-18,2023-09-17,,
MRH_2022_00947,2022,1,Appartement,74,4,Essentielle,300,212.44,42.49,2023-09-18,2024-09-17,,
MRH_2022_00947,2022,2,Appartement,74,4,Essentielle,300,218.81,43.76,2024-09-18,2025-09-17,,
MRH_2022_00948,2022,0,Appartement,89,3,Premium,150,333.91,66.78,2022-02-21,2023-02-20,,
MRH_2022_00948,2022,1,Appartement,89,3,Premium,150,343.93,68.79,2023-02-21,2024-02-20,,
MRH_2022_00948,2022,2,Appartement,89,3,Premium,150,354.25,70.85,2024-02-21,2025-02-20,,
MRH_2022_00949,2022,0,Maison,116,3,Confort,150,345.4,69.08,2022-03-27,2023-03-26,,
MRH_2022_00949,2022,1,Maison,116,3,Confort,150,355.76,71.15,2023-03-27,2024-03-26,,
MRH_2022_00949,2022,2,Maison,116,3,Confort,150,366.43,73.29,2024-03-27,2025-03-26,,
MRH_2022_00950,2022,0,Maison,147,3,Confort,300,360.5,72.1,2022-12-14,2023-12-13,,
MRH_2022_00950,2022,1,Maison,147,3,Confort,300,371.31,74.26,2023-12-14,2024-12-13,,
MRH_2022_00950,2022,2,Maison,147,3,Confort,300,382.45,76.49,2024-12-14,2025-12-13,,
MRH_2022_00951,2022,0,Maison,128,5,Confort,300,448.2,89.64,2022-03-07,2023-03-06,,
MRH_2022_00951,2022,1,Maison,128,5,Confort,300,117.63,23.53,2023-03-07,2023-06-07,2023-06-07,Prix trop élevé
MRH_2022_00952,2022,0,Appartement,80,5,Confort,150,326.7,65.34,2022-11-06,2023-11-05,,
MRH_2022_00952,2022,1,Appartement,80,5,Confort,150,57.15,11.43,2023-11-06,2024-01-06,2024-01-06,Insatisfaction service
MRH_2022_00953,2022,0,Appartement,70,2,Confort,150,214.23,42.85,2022-01-02,2023-01-01,,
MRH_2022_00953,2022,1,Appartement,70,2,Confort,150,220.66,44.13,2023-01-02,2024-01-01,,
MRH_2022_00953,2022,2,Appartement,70,2,Confort,150,227.28,45.46,2024-01-02,2025-01-01,,
MRH_2022_00954,2022,0,Maison,123,4,Essentielle,300,317.2,63.44,2022-09-26,2023-09-25,,
MRH_2022_00954,2022,1,Maison,123,4,Essentielle,300,273.01,54.6,2023-09-26,2024-07-26,2024-07-26,Vente du bien
MRH_2022_00955,2022,0,Maison,126,3,Essentielle,500,257.28,51.46,2022-06-12,2023-06-11,,
MRH_2022_00955,2022,1,Maison,126,3,Essentielle,500,265.0,53.0,2023-06-12,2024-06-11,,
MRH_2022_00955,2022,2,Maison,126,3,Essentielle,500,272.95,54.59,2024-06-12,2025-06-11,,
MRH_2022_00956,2022,0,Appartement,20,2,Confort,500,113.62,22.72,2022-07-20,2023-07-19,,
MRH_2022_00956,2022,1,Appartement,20,2,Confort,500,59.32,11.86,2023-07-20,2024-01-20,2024-01-20,Concurrent moins cher
MRH_2022_00957,2022,0,Maison,200,3,Premium,300,572.0,114.4,2022-01-20,2023-01-19,,
MRH_2022_00957,2022,1,Maison,200,3,Premium,300,589.16,117.83,2023-01-20,2024-01-19,,
MRH_2022_00957,2022,2,Maison,200,3,Premium,300,606.83,121.37,2024-01-20,2025-01-19,,
MRH_2022_00958,2022,0,Maison,121,4,Essentielle,500,289.12,57.82,2022-10-22,2023-10-21,,
MRH_2022_00958,2022,1,Maison,121,4,Essentielle,500,297.79,59.56,2023-10-22,2024-10-21,,
MRH_2022_00958,2022,2,Maison,121,4,Essentielle,500,306.73,61.35,2024-10-22,2025-10-21,,
MRH_2022_00959,2022,0,Appartement,92,5,Premium,150,459.46,91.89,2022-11-12,2023-11-11,,
MRH_2022_00959,2022,1,Appartement,92,5,Premium,150,473.24,94.65,2023-11-12,2024-11-11,,
MRH_2022_00959,2022,2,Appartement,92,5,Premium,150,487.44,97.49,2024-11-12,2025-11-11,,
MRH_2022_00960,2022,0,Maison,228,3,Essentielle,500,376.92,75.38,2022-07-24,2023-07-23,,
MRH_2022_00960,2022,1,Maison,228,3,Essentielle,500,388.23,77.65,2023-07-24,2024-07-23,,
MRH_2022_00960,2022,2,Maison,228,3,Essentielle,500,399.87,79.97,2024-07-24,2025-07-23,,
MRH_2022_00961,2022,0,Appartement,117,5,Premium,150,531.85,106.37,2022-12-13,2023-12-12,,
MRH_2022_00961,2022,1,Appartement,117,5,Premium,150,547.81,109.56,2023-12-13,2024-12-12,,
MRH_2022_00961,2022,2,Appartement,117,5,Premium,150,564.24,112.85,2024-12-13,2025-12-12,,
MRH_2022_00962,2022,0,Appartement,40,3,Confort,150,176.0,35.2,2022-03-16,2023-03-15,,
MRH_2022_00962,2022,1,Appartement,40,3,Confort,150,181.28,36.26,2023-03-16,2024-03-15,,
MRH_2022_00962,2022,2,Appartement,40,3,Confort,150,186.72,37.34,2024-03-16,2025-03-15,,
MRH_2022_00963,2022,0,Maison,50,2,Confort,150,224.68,44.94,2022-08-22,2023-08-21,,
MRH_2022_00963,2022,1,Maison,50,2,Confort,150,231.42,46.28,2023-08-22,2024-08-21,,
MRH_2022_00963,2022,2,Maison,50,2,Confort,150,238.36,47.67,2024-08-22,2025-08-21,,
MRH_2022_00964,2022,0,Appartement,49,5,Confort,150,257.65,51.53,2022-07-23,2023-07-22,,
MRH_2022_00964,2022,1,Appartement,49,5,Confort,150,134.51,26.9,2023-07-23,2024-01-23,2024-01-23,Insatisfaction service
MRH_2022_00965,2022,0,Maison,125,3,Premium,150,468.33,93.67,2022-11-05,2023-11-04,,
MRH_2022_00965,2022,1,Maison,125,3,Premium,150,482.38,96.48,2023-11-05,2024-11-04,,
MRH_2022_00965,2022,2,Maison,125,3,Premium,150,496.85,99.37,2024-11-05,2025-11-04,,
MRH_2022_00966,2022,0,Appartement,83,4,Essentielle,300,219.45,43.89,2022-10-25,2023-10-24,,
MRH_2022_00966,2022,1,Appartement,83,4,Essentielle,300,226.03,45.21,2023-10-25,2024-10-24,,
MRH_2022_00966,2022,2,Appartement,83,4,Essentielle,300,116.73,23.35,2024-10-25,2025-04-25,2025-04-25,Insatisfaction service
MRH_2022_00967,2022,0,Maison,117,3,Confort,500,290.26,58.05,2022-04-08,2023-04-07,,
MRH_2022_00967,2022,1,Maison,117,3,Confort,500,298.97,59.79,2023-04-08,2024-04-07,,
MRH_2022_00967,2022,2,Maison,117,3,Confort,500,307.94,61.59,2024-04-08,2025-04-07,,
MRH_2022_00968,2022,0,Appartement,24,2,Confort,300,129.2,25.84,2022-12-04,2023-12-03,,
MRH_2022_00968,2022,1,Appartement,24,2,Confort,300,133.08,26.62,2023-12-04,2024-12-03,,
MRH_2022_00968,2022,2,Appartement,24,2,Confort,300,137.07,27.41,2024-12-04,2025-12-03,,
MRH_2022_00969,2022,0,Appartement,35,2,Confort,300,144.88,28.98,2022-07-14,2023-07-13,,
MRH_2022_00969,2022,1,Appartement,35,2,Confort,300,149.23,29.85,2023-07-14,2024-07-13,,
MRH_2022_00969,2022,2,Appartement,35,2,Confort,300,153.7,30.74,2024-07-14,2025-07-13,,
MRH_2022_00970,2022,0,Maison,164,4,Confort,300,443.9,88.78,2022-02-13,2023-02-12,,
MRH_2022_00970,2022,1,Maison,164,4,Confort,300,304.4,60.88,2023-02-13,2023-10-13,2023-10-13,Concurrent moins cher
MRH_2022_00971,2022,0,Appartement,109,3,Confort,300,263.5,52.7,2022-03-24,2023-03-23,,
MRH_2022_00971,2022,1,Appartement,109,3,Confort,300,271.41,54.28,2023-03-24,2024-03-23,,
MRH_2022_00971,2022,2,Appartement,109,3,Confort,300,279.55,55.91,2024-03-24,2025-03-23,,
MRH_2022_00972,2022,0,Maison,93,3,Essentielle,150,261.33,52.27,2022-05-28,2023-05-27,,
MRH_2022_00972,2022,1,Maison,93,3,Essentielle,150,269.17,53.83,2023-05-28,2024-05-27,,
MRH_2022_00972,2022,2,Maison,93,3,Essentielle,150,277.24,55.45,2024-05-28,2025-05-27,,
MRH_2022_00973,2022,0,Maison,57,2,Premium,300,278.49,55.7,2022-03-27,2023-03-26,,
MRH_2022_00973,2022,1,Maison,57,2,Premium,300,286.84,57.37,2023-03-27,2024-03-26,,
MRH_2022_00973,2022,2,Maison,57,2,Premium,300,295.45,59.09,2024-03-27,2025-03-26,,
MRH_2022_00974,2022,0,Maison,121,2,Confort,300,305.43,61.09,2022-08-24,2023-08-23,,
MRH_2022_00974,2022,1,Maison,121,2,Confort,300,314.59,62.92,2023-08-24,2024-08-23,,
MRH_2022_00974,2022,2,Maison,121,2,Confort,300,324.03,64.81,2024-08-24,2025-08-23,,
MRH_2022_00975,2022,0,Maison,191,3,Essentielle,500,333.52,66.7,2022-06-25,2023-06-24,,
MRH_2022_00975,2022,1,Maison,191,3,Essentielle,500,343.53,68.71,2023-06-25,2024-06-24,,
MRH_2022_00975,2022,2,Maison,191,3,Essentielle,500,353.83,70.77,2024-06-25,2025-06-24,,
MRH_2022_00976,2022,0,Maison,50,2,Premium,500,244.28,48.86,2022-02-05,2023-02-04,,
MRH_2022_00976,2022,1,Maison,50,2,Premium,500,251.61,50.32,2023-02-05,2024-02-04,,
MRH_2022_00976,2022,2,Maison,50,2,Premium,500,259.16,51.83,2024-02-05,2025-02-04,,
MRH_2022_00977,2022,0,Maison,208,2,Confort,300,429.4,85.88,2022-08-23,2023-08-22,,
MRH_2022_00977,2022,1,Maison,208,2,Confort,300,442.28,88.46,2023-08-23,2024-08-22,,
MRH_2022_00977,2022,2,Maison,208,2,Confort,300,455.55,91.11,2024-08-23,2025-08-22,,
MRH_2022_00978,2022,0,Appartement,84,4,Essentielle,150,243.01,48.6,2022-06-24,2023-06-23,,
MRH_2022_00978,2022,1,Appartement,84,4,Essentielle,150,250.3,50.06,2023-06-24,2024-06-23,,
MRH_2022_00978,2022,2,Appartement,84,4,Essentielle,150,257.81,51.56,2024-06-24,2025-06-23,,
MRH_2022_00979,2022,0,Maison,144,5,Confort,300,480.6,96.12,2022-01-04,2023-01-03,,
MRH_2022_00979,2022,1,Maison,144,5,Confort,300,495.02,99.0,2023-01-04,2024-01-03,,
MRH_2022_00979,2022,2,Maison,144,5,Confort,300,509.87,101.97,2024-01-04,2025-01-03,,
MRH_2022_00980,2022,0,Maison,89,1,Confort,300,232.47,46.49,2022-10-14,2023-10-13,,
MRH_2022_00980,2022,1,Maison,89,1,Confort,300,239.44,47.89,2023-10-14,2024-10-13,,
MRH_2022_00980,2022,2,Maison,89,1,Confort,300,246.63,49.33,2024-10-14,2025-10-13,,
MRH_2022_00981,2022,0,Appartement,83,3,Confort,300,224.5,44.9,2022-11-24,2023-11-23,,
MRH_2022_00981,2022,1,Appartement,83,3,Confort,300,231.24,46.25,2023-11-24,2024-11-23,,
MRH_2022_00981,2022,2,Appartement,83,3,Confort,300,238.17,47.63,2024-11-24,2025-11-23,,
MRH_2022_00982,2022,0,Maison,126,3,Confort,500,302.68,60.54,2022-05-21,2023-05-20,,
MRH_2022_00982,2022,1,Maison,126,3,Confort,500,311.76,62.35,2023-05-21,2024-05-20,,
MRH_2022_00982,2022,2,Maison,126,3,Confort,500,321.11,64.22,2024-05-21,2025-05-20,,
MRH_2022_00983,2022,0,Appartement,90,3,Confort,150,258.5,51.7,2022-10-19,2023-10-18,,
MRH_2022_00983,2022,1,Appartement,90,3,Confort,150,266.25,53.25,2023-10-19,2024-10-18,,
MRH_2022_00983,2022,2,Appartement,90,3,Confort,150,274.24,54.85,2024-10-19,2025-10-18,,
MRH_2022_00984,2022,0,Maison,143,1,Confort,500,277.22,55.44,2022-08-21,2023-08-20,,
MRH_2022_00984,2022,1,Maison,143,1,Confort,500,285.54,57.11,2023-08-21,2024-08-20,,
MRH_2022_00984,2022,2,Maison,143,1,Confort,500,294.1,58.82,2024-08-21,2025-08-20,,
MRH_2022_00985,2022,0,Appartement,46,4,Confort,500,178.8,35.76,2022-12-01,2023-11-30,,
MRH_2022_00985,2022,1,Appartement,46,4,Confort,500,184.16,36.83,2023-12-01,2024-11-30,,
MRH_2022_00985,2022,2,Appartement,46,4,Confort,500,189.69,37.94,2024-12-01,2025-11-30,,
MRH_2022_00986,2022,0,Maison,176,3,Essentielle,150,377.74,75.55,2022-04-22,2023-04-21,,
MRH_2022_00986,2022,1,Maison,176,3,Essentielle,150,389.07,77.81,2023-04-22,2024-04-21,,
MRH_2022_00986,2022,2,Maison,176,3,Essentielle,150,400.74,80.15,2024-04-22,2025-04-21,,
MRH_2022_00987,2022,0,Appartement,78,4,Essentielle,300,212.12,42.42,2022-10-07,2023-10-06,,
MRH_2022_00987,2022,1,Appartement,78,4,Essentielle,300,218.48,43.7,2023-10-07,2024-10-06,,
MRH_2022_00987,2022,2,Appartement,78,4,Essentielle,300,93.71,18.74,2024-10-07,2025-03-07,2025-03-07,Déménagement
MRH_2022_00988,2022,0,Appartement,93,1,Essentielle,300,173.04,34.61,2022-07-22,2023-07-21,,
MRH_2022_00988,2022,1,Appartement,93,1,Essentielle,300,75.2,15.04,2023-07-22,2023-12-22,2023-12-22,Déménagement
MRH_2022_00989,2022,0,Maison,50,3,Confort,500,197.8,39.56,2022-12-11,2023-12-10,,
MRH_2022_00989,2022,1,Maison,50,3,Confort,500,203.73,40.75,2023-12-11,2024-12-10,,
MRH_2022_00989,2022,2,Maison,50,3,Confort,500,209.85,41.97,2024-12-11,2025-12-10,,
MRH_2022_00990,2022,0,Appartement,59,3,Essentielle,150,176.25,35.25,2022-11-27,2023-11-26,,
MRH_2022_00990,2022,1,Appartement,59,3,Essentielle,150,15.42,3.08,2023-11-27,2023-12-27,2023-12-27,Prix trop élevé
MRH_2022_00991,2022,0,Appartement,75,1,Confort,300,180.62,36.12,2022-05-05,2023-05-04,,
MRH_2022_00991,2022,1,Appartement,75,1,Confort,300,186.04,37.21,2023-05-05,2024-05-04,,
MRH_2022_00991,2022,2,Appartement,75,1,Confort,300,191.62,38.32,2024-05-05,2025-05-04,,
MRH_2022_00992,2022,0,Appartement,51,2,Confort,300,167.67,33.53,2022-07-15,2023-07-14,,
MRH_2022_00992,2022,1,Appartement,51,2,Confort,300,72.86,14.57,2023-07-15,2023-12-15,2023-12-15,Insatisfaction service
MRH_2022_00993,2022,0,Maison,136,3,Essentielle,300,292.4,58.48,2022-12-12,2023-12-11,,
MRH_2022_00993,2022,1,Maison,136,3,Essentielle,300,301.17,60.23,2023-12-12,2024-12-11,,
MRH_2022_00993,2022,2,Maison,136,3,Essentielle,300,310.21,62.04,2024-12-12,2025-12-11,,
MRH_2022_00994,2022,0,Appartement,78,2,Premium,300,268.0,53.6,2022-07-13,2023-07-12,,
MRH_2022_00994,2022,1,Appartement,78,2,Premium,300,231.42,46.28,2023-07-13,2024-05-13,2024-05-13,Prix trop élevé
MRH_2022_00995,2022,0,Appartement,73,3,Essentielle,150,195.88,39.18,2022-06-11,2023-06-10,,
MRH_2022_00995,2022,1,Appartement,73,3,Essentielle,150,201.76,40.35,2023-06-11,2024-06-10,,
MRH_2022_00995,2022,2,Appartement,73,3,Essentielle,150,207.81,41.56,2024-06-11,2025-06-10,,
MRH_2022_00996,2022,0,Maison,133,2,Essentielle,300,274.15,54.83,2022-07-04,2023-07-03,,
MRH_2022_00996,2022,1,Maison,133,2,Essentielle,300,282.37,56.47,2023-07-04,2024-07-03,,
MRH_2022_00996,2022,2,Maison,133,2,Essentielle,300,290.85,58.17,2024-07-04,2025-07-03,,
MRH_2022_00997,2022,0,Appartement,88,4,Essentielle,300,226.78,45.36,2022-12-19,2023-12-18,,
MRH_2022_00997,2022,1,Appartement,88,4,Essentielle,300,233.58,46.72,2023-12-19,2024-12-18,,
MRH_2022_00997,2022,2,Appartement,88,4,Essentielle,300,240.59,48.12,2024-12-19,2025-12-18,,
MRH_2022_00998,2022,0,Maison,82,4,Essentielle,500,236.52,47.3,2022-03-12,2023-03-11,,
MRH_2022_00998,2022,1,Maison,82,4,Essentielle,500,243.62,48.72,2023-03-12,2024-03-11,,
MRH_2022_00998,2022,2,Maison,82,4,Essentielle,500,250.92,50.18,2024-03-12,2025-03-11,,
MRH_2022_00999,2022,0,Maison,50,3,Confort,300,215.0,43.0,2022-01-22,2023-01-21,,
MRH_2022_00999,2022,1,Maison,50,3,Confort,300,221.45,44.29,2023-01-22,2024-01-21,,
MRH_2022_00999,2022,2,Maison,50,3,Confort,300,228.09,45.62,2024-01-22,2025-01-21,,
MRH_2022_01000,2022,0,Appartement,48,2,Confort,150,179.74,35.95,2022-12-21,2023-12-20,,
MRH_2022_01000,2022,1,Appartement,48,2,Confort,150,185.13,37.03,2023-12-21,2024-12-20,,
MRH_2022_01000,2022,2,Appartement,48,2,Confort,150,190.69,38.14,2024-12-21,2025-12-20,,
MRH_2022_01001,2022,0,Appartement,34,2,Premium,500,171.57,34.31,2022-09-10,2023-09-09,,
MRH_2022_01001,2022,1,Appartement,34,2,Premium,500,176.72,35.34,2023-09-10,2024-09-09,,
MRH_2022_01001,2022,2,Appartement,34,2,Premium,500,182.02,36.4,2024-09-10,2025-09-09,,
MRH_2022_01002,2022,0,Maison,80,4,Premium,300,388.7,77.74,2022-11-28,2023-11-27,,
MRH_2022_01002,2022,1,Maison,80,4,Premium,300,167.82,33.56,2023-11-28,2024-04-28,2024-04-28,Insatisfaction service
MRH_2022_01003,2022,0,Maison,151,1,Essentielle,150,291.28,58.26,2022-03-19,2023-03-18,,
MRH_2022_01003,2022,1,Maison,151,1,Essentielle,150,126.59,25.32,2023-03-19,2023-08-19,2023-08-19,Vente du bien
MRH_2022_01004,2022,0,Maison,73,4,Essentielle,500,224.38,44.88,2022-11-17,2023-11-16,,
MRH_2022_01004,2022,1,Maison,73,4,Essentielle,500,231.11,46.22,2023-11-17,2024-11-16,,
MRH_2022_01004,2022,2,Maison,73,4,Essentielle,500,238.04,47.61,2024-11-17,2025-11-16,,
MRH_2022_01005,2022,0,Appartement,50,3,Essentielle,150,163.62,32.72,2022-10-07,2023-10-06,,
MRH_2022_01005,2022,1,Appartement,50,3,Essentielle,150,168.53,33.71,2023-10-07,2024-10-06,,
MRH_2022_01005,2022,2,Appartement,50,3,Essentielle,150,173.58,34.72,2024-10-07,2025-10-06,,
MRH_2022_01006,2022,0,Maison,64,3,Confort,300,236.0,47.2,2022-12-22,2023-12-21,,
MRH_2022_01006,2022,1,Maison,64,3,Confort,300,243.08,48.62,2023-12-22,2024-12-21,,
MRH_2022_01006,2022,2,Maison,64,3,Confort,300,250.37,50.07,2024-12-22,2025-12-21,,
MRH_2022_01007,2022,0,Maison,66,3,Premium,300,310.7,62.14,2022-03-03,2023-03-02,,
MRH_2022_01007,2022,1,Maison,66,3,Premium,300,320.02,64.0,2023-03-03,2024-03-02,,
MRH_2022_01007,2022,2,Maison,66,3,Premium,300,329.62,65.92,2024-03-03,2025-03-02,,
MRH_2022_01008,2022,0,Appartement,58,1,Confort,300,158.95,31.79,2022-06-04,2023-06-03,,
MRH_2022_01008,2022,1,Appartement,58,1,Confort,300,163.72,32.74,2023-06-04,2024-06-03,,
MRH_2022_01008,2022,2,Appartement,58,1,Confort,300,168.63,33.73,2024-06-04,2025-06-03,,
MRH_2022_01009,2022,0,Maison,166,2,Confort,300,369.55,73.91,2022-04-01,2023-03-31,,
MRH_2022_01009,2022,1,Maison,166,2,Confort,300,380.64,76.13,2023-04-01,2024-03-31,,
MRH_2022_01009,2022,2,Maison,166,2,Confort,300,392.06,78.41,2024-04-01,2025-03-31,,
MRH_2022_01010,2022,0,Appartement,25,2,Premium,150,186.79,37.36,2022-08-20,2023-08-19,,
MRH_2022_01010,2022,1,Appartement,25,2,Premium,150,192.39,38.48,2023-08-20,2024-08-19,,
MRH_2022_01010,2022,2,Appartement,25,2,Premium,150,17.38,3.48,2024-08-20,2024-09-20,2024-09-20,Vente du bien
MRH_2022_01011,2022,0,Appartement,61,2,Confort,500,167.37,33.47,2022-06-01,2023-05-31,,
MRH_2022_01011,2022,1,Appartement,61,2,Confort,500,116.18,23.24,2023-06-01,2024-02-01,2024-02-01,Prix trop élevé
MRH_2022_01012,2022,0,Appartement,76,3,Essentielle,150,200.09,40.02,2022-08-01,2023-07-31,,
MRH_2022_01012,2022,1,Appartement,76,3,Essentielle,150,206.09,41.22,2023-08-01,2024-07-31,,
MRH_2022_01012,2022,2,Appartement,76,3,Essentielle,150,212.28,42.46,2024-08-01,2025-07-31,,
MRH_2022_01013,2022,0,Appartement,48,3,Essentielle,300,146.2,29.24,2022-02-15,2023-02-14,,
MRH_2022_01013,2022,1,Appartement,48,3,Essentielle,300,150.59,30.12,2023-02-15,2024-02-14,,
MRH_2022_01013,2022,2,Appartement,48,3,Essentielle,300,155.1,31.02,2024-02-15,2025-02-14,,
MRH_2022_01014,2022,0,Appartement,77,3,Essentielle,300,183.17,36.63,2022-02-07,2023-02-06,,
MRH_2022_01014,2022,1,Appartement,77,3,Essentielle,300,188.67,37.73,2023-02-07,2024-02-06,,
MRH_2022_01014,2022,2,Appartement,77,3,Essentielle,300,194.33,38.87,2024-02-07,2025-02-06,,
MRH_2022_01015,2022,0,Appartement,61,3,Premium,300,248.95,49.79,2022-02-14,2023-02-13,,
MRH_2022_01015,2022,1,Appartement,61,3,Premium,300,256.42,51.28,2023-02-14,2024-02-13,,
MRH_2022_01015,2022,2,Appartement,61,3,Premium,300,264.11,52.82,2024-02-14,2025-02-13,,
MRH_2022_01016,2022,0,Maison,128,1,Confort,500,259.62,51.92,2022-09-24,2023-09-23,,
MRH_2022_01016,2022,1,Maison,128,1,Confort,500,267.41,53.48,2023-09-24,2024-09-23,,
MRH_2022_01016,2022,2,Maison,128,1,Confort,500,275.43,55.09,2024-09-24,2025-09-23,,
MRH_2022_01017,2022,0,Appartement,74,1,Essentielle,150,167.69,33.54,2022-11-08,2023-11-07,,
MRH_2022_01017,2022,1,Appartement,74,1,Essentielle,150,86.59,17.32,2023-11-08,2024-05-08,2024-05-08,Insatisfaction service
MRH_2022_01018,2022,0,Maison,132,3,Confort,300,338.0,67.6,2022-05-16,2023-05-15,,
MRH_2022_01018,2022,1,Maison,132,3,Confort,300,205.07,41.01,2023-05-16,2023-12-16,2023-12-16,Prix trop élevé
MRH_2022_01019,2022,0,Maison,116,2,Essentielle,300,253.56,50.71,2022-12-08,2023-12-07,,
MRH_2022_01019,2022,1,Maison,116,2,Essentielle,300,261.17,52.23,2023-12-08,2024-12-07,,
MRH_2022_01019,2022,2,Maison,116,2,Essentielle,300,269.0,53.8,2024-12-08,2025-12-07,,
MRH_2022_01020,2022,0,Appartement,49,4,Essentielle,300,169.6,33.92,2022-04-28,2023-04-27,,
MRH_2022_01020,2022,1,Appartement,49,4,Essentielle,300,174.69,34.94,2023-04-28,2024-04-27,,
MRH_2022_01020,2022,2,Appartement,49,4,Essentielle,300,179.93,35.99,2024-04-28,2025-04-27,,
MRH_2022_01021,2022,0,Appartement,69,5,Premium,500,328.57,65.71,2022-01-20,2023-01-19,,
MRH_2022_01021,2022,1,Appartement,69,5,Premium,500,338.43,67.69,2023-01-20,2024-01-19,,
MRH_2022_01021,2022,2,Appartement,69,5,Premium,500,348.58,69.72,2024-01-20,2025-01-19,,
MRH_2022_01022,2022,0,Appartement,70,3,Confort,300,205.0,41.0,2022-04-11,2023-04-10,,
MRH_2022_01022,2022,1,Appartement,70,3,Confort,300,211.15,42.23,2023-04-11,2024-04-10,,
MRH_2022_01022,2022,2,Appartement,70,3,Confort,300,128.1,25.62,2024-04-11,2024-11-11,2024-11-11,Déménagement
MRH_2022_01023,2022,0,Appartement,62,2,Confort,300,183.35,36.67,2022-01-06,2023-01-05,,
MRH_2022_01023,2022,1,Appartement,62,2,Confort,300,16.55,3.31,2023-01-06,2023-02-06,2023-02-06,Concurrent moins cher
MRH_2022_01024,2022,0,Appartement,85,3,Premium,150,325.33,65.07,2022-07-06,2023-07-05,,
MRH_2022_01024,2022,1,Appartement,85,3,Premium,150,335.09,67.02,2023-07-06,2024-07-05,,
MRH_2022_01024,2022,2,Appartement,85,3,Premium,150,345.14,69.03,2024-07-06,2025-07-05,,
MRH_2022_01025,2022,0,Appartement,93,3,Confort,300,239.5,47.9,2022-06-12,2023-06-11,,
MRH_2022_01025,2022,1,Appartement,93,3,Confort,300,246.69,49.34,2023-06-12,2024-06-11,,
MRH_2022_01025,2022,2,Appartement,93,3,Confort,300,254.09,50.82,2024-06-12,2025-06-11,,
MRH_2022_01026,2022,0,Maison,158,3,Confort,300,377.0,75.4,2022-04-19,2023-04-18,,
MRH_2022_01026,2022,1,Maison,158,3,Confort,300,388.31,77.66,2023-04-19,2024-04-18,,
MRH_2022_01026,2022,2,Maison,158,3,Confort,300,399.96,79.99,2024-04-19,2025-04-18,,
MRH_2022_01027,2022,0,Appartement,64,3,Premium,300,254.8,50.96,2022-04-23,2023-04-22,,
MRH_2022_01027,2022,1,Appartement,64,3,Premium,300,262.44,52.49,2023-04-23,2024-04-22,,
MRH_2022_01027,2022,2,Appartement,64,3,Premium,300,270.32,54.06,2024-04-23,2025-04-22,,
MRH_2022_01028,2022,0,Maison,99,3,Essentielle,500,225.61,45.12,2022-04-18,2023-04-17,,
MRH_2022_01028,2022,1,Maison,99,3,Essentielle,500,232.38,46.48,2023-04-18,2024-04-17,,
MRH_2022_01028,2022,2,Maison,99,3,Essentielle,500,80.66,16.13,2024-04-18,2024-08-18,2024-08-18,Insatisfaction service
MRH_2022_01029,2022,0,Appartement,64,4,Premium,300,293.02,58.6,2022-06-15,2023-06-14,,
MRH_2022_01029,2022,1,Appartement,64,4,Premium,300,301.81,60.36,2023-06-15,2024-06-14,,
MRH_2022_01029,2022,2,Appartement,64,4,Premium,300,310.86,62.17,2024-06-15,2025-06-14,,
MRH_2022_01030,2022,0,Appartement,116,3,Confort,150,301.4,60.28,2022-03-20,2023-03-19,,
MRH_2022_01030,2022,1,Appartement,116,3,Confort,150,310.44,62.09,2023-03-20,2024-03-19,,
MRH_2022_01030,2022,2,Appartement,116,3,Confort,150,319.76,63.95,2024-03-20,2025-03-19,,
MRH_2022_01031,2022,0,Appartement,73,5,Essentielle,500,221.17,44.23,2022-08-22,2023-08-21,,
MRH_2022_01031,2022,1,Appartement,73,5,Essentielle,500,227.81,45.56,2023-08-22,2024-08-21,,
MRH_2022_01031,2022,2,Appartement,73,5,Essentielle,500,234.64,46.93,2024-08-22,2025-08-21,,
MRH_2022_01032,2022,0,Appartement,62,3,Confort,500,177.56,35.51,2022-07-20,2023-07-19,,
MRH_2022_01032,2022,1,Appartement,62,3,Confort,500,182.89,36.58,2023-07-20,2024-07-19,,
MRH_2022_01032,2022,2,Appartement,62,3,Confort,500,188.37,37.67,2024-07-20,2025-07-19,,
MRH_2022_01033,2022,0,Appartement,72,4,Confort,500,220.06,44.01,2022-09-23,2023-09-22,,
MRH_2022_01033,2022,1,Appartement,72,4,Confort,500,226.66,45.33,2023-09-23,2024-09-22,,
MRH_2022_01033,2022,2,Appartement,72,4,Confort,500,233.46,46.69,2024-09-23,2025-09-22,,
MRH_2022_01034,2022,0,Maison,180,2,Essentielle,150,364.18,72.84,2022-03-08,2023-03-07,,
MRH_2022_01034,2022,1,Maison,180,2,Essentielle,150,126.4,25.28,2023-03-08,2023-07-08,2023-07-08,Concurrent moins cher
MRH_2022_01035,2022,0,Appartement,95,5,Essentielle,150,306.1,61.22,2022-11-08,2023-11-07,,
MRH_2022_01035,2022,1,Appartement,95,5,Essentielle,150,315.28,63.06,2023-11-08,2024-11-07,,
MRH_2022_01035,2022,2,Appartement,95,5,Essentielle,150,324.74,64.95,2024-11-08,2025-11-07,,
MRH_2022_01036,2022,0,Appartement,106,3,Confort,300,259.0,51.8,2022-06-03,2023-06-02,,
MRH_2022_01036,2022,1,Appartement,106,3,Confort,300,266.77,53.35,2023-06-03,2024-06-02,,
MRH_2022_01036,2022,2,Appartement,106,3,Confort,300,274.77,54.95,2024-06-03,2025-06-02,,
MRH_2022_01037,2022,0,Appartement,100,2,Premium,150,339.62,67.92,2022-06-08,2023-06-07,,
MRH_2022_01037,2022,1,Appartement,100,2,Premium,150,349.81,69.96,2023-06-08,2024-06-07,,
MRH_2022_01037,2022,2,Appartement,100,2,Premium,150,360.3,72.06,2024-06-08,2025-06-07,,
MRH_2022_01038,2022,0,Appartement,104,1,Confort,150,239.36,47.87,2022-12-24,2023-12-23,,
MRH_2022_01038,2022,1,Appartement,104,1,Confort,150,246.54,49.31,2023-12-24,2024-12-23,,
MRH_2022_01038,2022,2,Appartement,104,1,Confort,150,253.94,50.79,2024-12-24,2025-12-23,,
MRH_2022_01039,2022,0,Appartement,41,2,Confort,300,153.42,30.68,2022-05-07,2023-05-06,,
MRH_2022_01039,2022,1,Appartement,41,2,Confort,300,158.02,31.6,2023-05-07,2024-05-06,,
MRH_2022_01039,2022,2,Appartement,41,2,Confort,300,162.76,32.55,2024-05-07,2025-05-06,,
MRH_2022_01040,2022,0,Maison,81,2,Essentielle,500,194.27,38.85,2022-06-05,2023-06-04,,
MRH_2022_01040,2022,1,Maison,81,2,Essentielle,500,200.1,40.02,2023-06-05,2024-06-04,,
MRH_2022_01040,2022,2,Maison,81,2,Essentielle,500,206.1,41.22,2024-06-05,2025-06-04,,
MRH_2022_01041,2022,0,Appartement,84,2,Confort,300,214.7,42.94,2022-11-10,2023-11-09,,
MRH_2022_01041,2022,1,Appartement,84,2,Confort,300,56.34,11.27,2023-11-10,2024-02-10,2024-02-10,Prix trop élevé
MRH_2022_01042,2022,0,Maison,193,3,Essentielle,300,365.07,73.01,2022-02-14,2023-02-13,,
MRH_2022_01042,2022,1,Maison,193,3,Essentielle,300,376.02,75.2,2023-02-14,2024-02-13,,
MRH_2022_01042,2022,2,Maison,193,3,Essentielle,300,387.3,77.46,2024-02-14,2025-02-13,,
MRH_2022_01043,2022,0,Maison,159,3,Premium,150,541.26,108.25,2022-07-13,2023-07-12,,
MRH_2022_01043,2022,1,Maison,159,3,Premium,150,48.87,9.77,2023-07-13,2023-08-13,2023-08-13,Déménagement
MRH_2022_01044,2022,0,Appartement,83,4,Essentielle,150,241.39,48.28,2022-01-26,2023-01-25,,
MRH_2022_01044,2022,1,Appartement,83,4,Essentielle,150,123.97,24.79,2023-01-26,2023-07-26,2023-07-26,Déménagement
MRH_2022_01045,2022,0,Appartement,33,3,Essentielle,300,127.08,25.42,2022-08-05,2023-08-04,,
MRH_2022_01045,2022,1,Appartement,33,3,Essentielle,300,130.89,26.18,2023-08-05,2024-08-04,,
MRH_2022_01045,2022,2,Appartement,33,3,Essentielle,300,134.82,26.96,2024-08-05,2025-08-04,,
MRH_2022_01046,2022,0,Appartement,68,3,Essentielle,150,188.87,37.77,2022-02-18,2023-02-17,,
MRH_2022_01046,2022,1,Appartement,68,3,Essentielle,150,194.54,38.91,2023-02-18,2024-02-17,,
MRH_2022_01046,2022,2,Appartement,68,3,Essentielle,150,200.37,40.07,2024-02-18,2025-02-17,,
MRH_2022_01047,2022,0,Maison,175,1,Confort,300,342.12,68.42,2022-06-21,2023-06-20,,
MRH_2022_01047,2022,1,Maison,175,1,Confort,300,352.38,70.48,2023-06-21,2024-06-20,,
MRH_2022_01047,2022,2,Maison,175,1,Confort,300,362.96,72.59,2024-06-21,2025-06-20,,
MRH_2022_01048,2022,0,Maison,188,3,Confort,150,464.2,92.84,2022-08-06,2023-08-05,,
MRH_2022_01048,2022,1,Maison,188,3,Confort,150,478.13,95.63,2023-08-06,2024-08-05,,
MRH_2022_01048,2022,2,Maison,188,3,Confort,150,492.47,98.49,2024-08-06,2025-08-05,,
MRH_2022_01049,2022,0,Maison,116,2,Confort,150,328.13,65.63,2022-01-20,2023-01-19,,
MRH_2022_01049,2022,1,Maison,116,2,Confort,150,337.97,67.59,2023-01-20,2024-01-19,,
MRH_2022_01049,2022,2,Maison,116,2,Confort,150,348.11,69.62,2024-01-20,2025-01-19,,
MRH_2022_01050,2022,0,Appartement,74,2,Confort,300,200.45,40.09,2022-10-27,2023-10-26,,
MRH_2022_01050,2022,1,Appartement,74,2,Confort,300,206.46,41.29,2023-10-27,2024-10-26,,
MRH_2022_01050,2022,2,Appartement,74,2,Confort,300,212.66,42.53,2024-10-27,2025-10-26,,
MRH_2022_01051,2022,0,Appartement,41,2,Premium,150,219.4,43.88,2022-01-28,2023-01-27,,
MRH_2022_01051,2022,1,Appartement,41,2,Premium,150,225.98,45.2,2023-01-28,2024-01-27,,
MRH_2022_01051,2022,2,Appartement,41,2,Premium,150,232.76,46.55,2024-01-28,2025-01-27,,
MRH_2022_01052,2022,0,Maison,120,2,Confort,500,279.68,55.94,2022-02-04,2023-02-03,,
MRH_2022_01052,2022,1,Maison,120,2,Confort,500,288.07,57.61,2023-02-04,2024-02-03,,
MRH_2022_01052,2022,2,Maison,120,2,Confort,500,296.71,59.34,2024-02-04,2025-02-03,,
MRH_2022_01053,2022,0,Appartement,133,2,Confort,300,284.52,56.9,2022-08-14,2023-08-13,,
MRH_2022_01053,2022,1,Appartement,133,2,Confort,300,293.06,58.61,2023-08-14,2024-08-13,,
MRH_2022_01053,2022,2,Appartement,133,2,Confort,300,301.85,60.37,2024-08-14,2025-08-13,,
MRH_2022_01054,2022,0,Maison,189,3,Essentielle,300,359.97,71.99,2022-07-14,2023-07-13,,
MRH_2022_01054,2022,1,Maison,189,3,Essentielle,300,370.77,74.15,2023-07-14,2024-07-13,,
MRH_2022_01054,2022,2,Maison,189,3,Essentielle,300,381.89,76.38,2024-07-14,2025-07-13,,
MRH_2022_01055,2022,0,Appartement,47,1,Confort,300,144.92,28.98,2022-12-03,2023-12-02,,
MRH_2022_01055,2022,1,Appartement,47,1,Confort,300,149.27,29.85,2023-12-03,2024-12-02,,
MRH_2022_01055,2022,2,Appartement,47,1,Confort,300,13.48,2.7,2024-12-03,2025-01-03,2025-01-03,Concurrent moins cher
MRH_2022_01056,2022,0,Appartement,60,5,Premium,150,366.8,73.36,2022-06-12,2023-06-11,,
MRH_2022_01056,2022,1,Appartement,60,5,Premium,150,377.8,75.56,2023-06-12,2024-06-11,,
MRH_2022_01056,2022,2,Appartement,60,5,Premium,150,389.14,77.83,2024-06-12,2025-06-11,,
MRH_2022_01057,2022,0,Maison,113,4,Premium,500,425.69,85.14,2022-04-07,2023-04-06,,
MRH_2022_01057,2022,1,Maison,113,4,Premium,500,438.46,87.69,2023-04-07,2024-04-06,,
MRH_2022_01057,2022,2,Maison,113,4,Premium,500,113.83,22.77,2024-04-07,2024-07-07,2024-07-07,Déménagement
MRH_2022_01058,2022,0,Maison,141,3,Confort,150,386.65,77.33,2022-12-14,2023-12-13,,
MRH_2022_01058,2022,1,Maison,141,3,Confort,150,398.25,79.65,2023-12-14,2024-12-13,,
MRH_2022_01058,2022,2,Maison,141,3,Confort,150,410.2,82.04,2024-12-14,2025-12-13,,
MRH_2022_01059,2022,0,Maison,188,4,Essentielle,300,412.5,82.5,2022-03-03,2023-03-02,,
MRH_2022_01059,2022,1,Maison,188,4,Essentielle,300,424.88,84.98,2023-03-03,2024-03-02,,
MRH_2022_01059,2022,2,Maison,188,4,Essentielle,300,257.78,51.56,2024-03-03,2024-10-03,2024-10-03,Prix trop élevé
MRH_2022_01060,2022,0,Maison,154,3,Essentielle,300,315.35,63.07,2022-08-14,2023-08-13,,
MRH_2022_01060,2022,1,Maison,154,3,Essentielle,300,324.81,64.96,2023-08-14,2024-08-13,,
MRH_2022_01060,2022,2,Maison,154,3,Essentielle,300,334.55,66.91,2024-08-14,2025-08-13,,
MRH_2022_01061,2022,0,Maison,139,1,Confort,300,296.22,59.24,2022-09-06,2023-09-05,,
MRH_2022_01061,2022,1,Maison,139,1,Confort,300,178.88,35.78,2023-09-06,2024-04-06,2024-04-06,Insatisfaction service
MRH_2022_01062,2022,0,Appartement,66,4,Premium,300,297.5,59.5,2022-12-08,2023-12-07,,
MRH_2022_01062,2022,1,Appartement,66,4,Premium,300,306.43,61.29,2023-12-08,2024-12-07,,
MRH_2022_01062,2022,2,Appartement,66,4,Premium,300,315.62,63.12,2024-12-08,2025-12-07,,
MRH_2022_01063,2022,0,Maison,50,1,Essentielle,150,170.87,34.17,2022-04-13,2023-04-12,,
MRH_2022_01063,2022,1,Maison,50,1,Essentielle,150,176.0,35.2,2023-04-13,2024-04-12,,
MRH_2022_01063,2022,2,Maison,50,1,Essentielle,150,181.28,36.26,2024-04-13,2025-04-12,,
MRH_2022_01064,2022,0,Appartement,55,4,Premium,500,251.01,50.2,2022-08-11,2023-08-10,,
MRH_2022_01064,2022,1,Appartement,55,4,Premium,500,258.54,51.71,2023-08-11,2024-08-10,,
MRH_2022_01064,2022,2,Appartement,55,4,Premium,500,266.3,53.26,2024-08-11,2025-08-10,,
MRH_2022_01065,2022,0,Appartement,87,3,Essentielle,150,215.52,43.1,2022-02-12,2023-02-11,,
MRH_2022_01065,2022,1,Appartement,87,3,Essentielle,150,221.99,44.4,2023-02-12,2024-02-11,,
MRH_2022_01065,2022,2,Appartement,87,3,Essentielle,150,228.65,45.73,2024-02-12,2025-02-11,,
MRH_2022_01066,2022,0,Appartement,73,2,Confort,150,218.93,43.79,2022-04-20,2023-04-19,,
MRH_2022_01066,2022,1,Appartement,73,2,Confort,150,95.14,19.03,2023-04-20,2023-09-20,2023-09-20,Prix trop élevé
MRH_2022_01067,2022,0,Appartement,60,2,Premium,150,258.12,51.62,2022-10-26,2023-10-25,,
MRH_2022_01067,2022,1,Appartement,60,2,Premium,150,265.86,53.17,2023-10-26,2024-10-25,,
MRH_2022_01067,2022,2,Appartement,60,2,Premium,150,46.52,9.3,2024-10-26,2024-12-26,2024-12-26,Concurrent moins cher
MRH_2022_01068,2022,0,Appartement,60,2,Essentielle,500,141.15,28.23,2022-09-07,2023-09-06,,
MRH_2022_01068,2022,1,Appartement,60,2,Essentielle,500,145.38,29.08,2023-09-07,2024-09-06,,
MRH_2022_01068,2022,2,Appartement,60,2,Essentielle,500,149.75,29.95,2024-09-07,2025-09-06,,
MRH_2022_01069,2022,0,Appartement,90,2,Premium,150,319.25,63.85,2022-09-26,2023-09-25,,
MRH_2022_01069,2022,1,Appartement,90,2,Premium,150,328.83,65.77,2023-09-26,2024-09-25,,
MRH_2022_01069,2022,2,Appartement,90,2,Premium,150,197.65,39.53,2024-09-26,2025-04-26,2025-04-26,Insatisfaction service
MRH_2022_01070,2022,0,Appartement,92,4,Essentielle,300,232.64,46.53,2022-11-15,2023-11-14,,
MRH_2022_01070,2022,1,Appartement,92,4,Essentielle,300,220.58,44.12,2023-11-15,2024-10-15,2024-10-15,Déménagement
MRH_2022_01071,2022,0,Maison,123,3,Essentielle,300,275.82,55.16,2022-09-17,2023-09-16,,
MRH_2022_01071,2022,1,Maison,123,3,Essentielle,300,284.09,56.82,2023-09-17,2024-09-16,,
MRH_2022_01071,2022,2,Maison,123,3,Essentielle,300,292.62,58.52,2024-09-17,2025-09-16,,
MRH_2022_01072,2022,0,Appartement,82,4,Confort,300,256.45,51.29,2022-06-10,2023-06-09,,
MRH_2022_01072,2022,1,Appartement,82,4,Confort,300,264.14,52.83,2023-06-10,2024-06-09,,
MRH_2022_01072,2022,2,Appartement,82,4,Confort,300,272.07,54.41,2024-06-10,2025-06-09,,
MRH_2022_01073,2022,0,Appartement,98,2,Essentielle,150,219.4,43.88,2022-03-19,2023-03-18,,
MRH_2022_01073,2022,1,Appartement,98,2,Essentielle,150,225.98,45.2,2023-03-19,2024-03-18,,
MRH_2022_01073,2022,2,Appartement,98,2,Essentielle,150,232.76,46.55,2024-03-19,2025-03-18,,
MRH_2022_01074,2022,0,Maison,76,1,Premium,150,308.74,61.75,2022-08-04,2023-08-03,,
MRH_2022_01074,2022,1,Maison,76,1,Premium,150,318.0,63.6,2023-08-04,2024-08-03,,
MRH_2022_01074,2022,2,Maison,76,1,Premium,150,327.54,65.51,2024-08-04,2025-08-03,,
MRH_2022_01075,2022,0,Appartement,94,2,Essentielle,500,179.04,35.81,2022-05-16,2023-05-15,,
MRH_2022_01075,2022,1,Appartement,94,2,Essentielle,500,184.41,36.88,2023-05-16,2024-05-15,,
MRH_2022_01075,2022,2,Appartement,94,2,Essentielle,500,189.94,37.99,2024-05-16,2025-05-15,,
MRH_2022_01076,2022,0,Appartement,78,5,Premium,500,350.37,70.07,2022-01-12,2023-01-11,,
MRH_2022_01076,2022,1,Appartement,78,5,Premium,500,360.88,72.18,2023-01-12,2024-01-11,,
MRH_2022_01076,2022,2,Appartement,78,5,Premium,500,371.71,74.34,2024-01-12,2025-01-11,,
MRH_2022_01077,2022,0,Maison,138,2,Premium,300,428.54,85.71,2022-06-03,2023-06-02,,
MRH_2022_01077,2022,1,Maison,138,2,Premium,300,441.4,88.28,2023-06-03,2024-06-02,,
MRH_2022_01077,2022,2,Maison,138,2,Premium,300,454.64,90.93,2024-06-03,2025-06-02,,
MRH_2022_01078,2022,0,Appartement,58,4,Confort,150,236.56,47.31,2022-12-26,2023-12-25,,
MRH_2022_01078,2022,1,Appartement,58,4,Confort,150,243.66,48.73,2023-12-26,2024-12-25,,
MRH_2022_01078,2022,2,Appartement,58,4,Confort,150,250.97,50.19,2024-12-26,2025-12-25,,
MRH_2022_01079,2022,0,Appartement,77,2,Confort,150,225.2,45.04,2022-04-13,2023-04-12,,
MRH_2022_01079,2022,1,Appartement,77,2,Confort,150,231.96,46.39,2023-04-13,2024-04-12,,
MRH_2022_01079,2022,2,Appartement,77,2,Confort,150,238.91,47.78,2024-04-13,2025-04-12,,
MRH_2022_01080,2022,0,Appartement,48,3,Confort,500,158.24,31.65,2022-02-03,2023-02-02,,
MRH_2022_01080,2022,1,Appartement,48,3,Confort,500,162.99,32.6,2023-02-03,2024-02-02,,
MRH_2022_01080,2022,2,Appartement,48,3,Confort,500,167.88,33.58,2024-02-03,2025-02-02,,
MRH_2022_01081,2022,0,Maison,86,3,Essentielle,300,228.65,45.73,2022-10-16,2023-10-15,,
MRH_2022_01081,2022,1,Maison,86,3,Essentielle,300,235.51,47.1,2023-10-16,2024-10-15,,
MRH_2022_01081,2022,2,Maison,86,3,Essentielle,300,242.57,48.51,2024-10-16,2025-10-15,,
MRH_2022_01082,2022,0,Appartement,81,3,Confort,500,203.78,40.76,2022-03-21,2023-03-20,,
MRH_2022_01082,2022,1,Appartement,81,3,Confort,500,209.89,41.98,2023-03-21,2024-03-20,,
MRH_2022_01082,2022,2,Appartement,81,3,Confort,500,216.19,43.24,2024-03-21,2025-03-20,,
MRH_2022_01083,2022,0,Maison,122,4,Confort,500,341.73,68.35,2022-04-02,2023-04-01,,
MRH_2022_01083,2022,1,Maison,122,4,Confort,500,351.98,70.4,2023-04-02,2024-04-01,,
MRH_2022_01083,2022,2,Maison,122,4,Confort,500,332.74,66.55,2024-04-02,2025-03-02,2025-03-02,Insatisfaction service
MRH_2022_01084,2022,0,Appartement,56,3,Essentielle,150,172.04,34.41,2022-05-13,2023-05-12,,
MRH_2022_01084,2022,1,Appartement,56,3,Essentielle,150,119.43,23.89,2023-05-13,2024-01-13,2024-01-13,Insatisfaction service
MRH_2022_01085,2022,0,Appartement,55,4,Essentielle,500,164.12,32.82,2022-06-25,2023-06-24,,
MRH_2022_01085,2022,1,Appartement,55,4,Essentielle,500,169.04,33.81,2023-06-25,2024-06-24,,
MRH_2022_01085,2022,2,Appartement,55,4,Essentielle,500,174.11,34.82,2024-06-25,2025-06-24,,
MRH_2022_01086,2022,0,Maison,92,3,Confort,300,278.0,55.6,2022-12-14,2023-12-13,,
MRH_2022_01086,2022,1,Maison,92,3,Confort,300,286.34,57.27,2023-12-14,2024-12-13,,
MRH_2022_01086,2022,2,Maison,92,3,Confort,300,294.93,58.99,2024-12-14,2025-12-13,,
MRH_2022_01087,2022,0,Appartement,108,3,Essentielle,300,222.7,44.54,2022-06-22,2023-06-21,,
MRH_2022_01087,2022,1,Appartement,108,3,Essentielle,300,229.38,45.88,2023-06-22,2024-06-21,,
MRH_2022_01087,2022,2,Appartement,108,3,Essentielle,300,236.26,47.25,2024-06-22,2025-06-21,,
MRH_2022_01088,2022,0,Maison,124,3,Essentielle,300,277.1,55.42,2022-08-05,2023-08-04,,
MRH_2022_01088,2022,1,Maison,124,3,Essentielle,300,285.41,57.08,2023-08-05,2024-08-04,,
MRH_2022_01088,2022,2,Maison,124,3,Essentielle,300,293.98,58.8,2024-08-05,2025-08-04,,
MRH_2022_01089,2022,0,Maison,105,3,Premium,300,386.75,77.35,2022-11-15,2023-11-14,,
MRH_2022_01089,2022,1,Maison,105,3,Premium,300,398.35,79.67,2023-11-15,2024-11-14,,
MRH_2022_01089,2022,2,Maison,105,3,Premium,300,410.3,82.06,2024-11-15,2025-11-14,,
MRH_2022_01090,2022,0,Appartement,47,3,Essentielle,300,144.92,28.98,2022-10-13,2023-10-12,,
MRH_2022_01090,2022,1,Appartement,47,3,Essentielle,300,149.27,29.85,2023-10-13,2024-10-12,,
MRH_2022_01090,2022,2,Appartement,47,3,Essentielle,300,153.75,30.75,2024-10-13,2025-10-12,,
MRH_2022_01091,2022,0,Appartement,38,2,Confort,300,149.15,29.83,2022-05-17,2023-05-16,,
MRH_2022_01091,2022,1,Appartement,38,2,Confort,300,153.62,30.72,2023-05-17,2024-05-16,,
MRH_2022_01091,2022,2,Appartement,38,2,Confort,300,158.23,31.65,2024-05-17,2025-05-16,,
MRH_2022_01092,2022,0,Appartement,20,5,Confort,300,175.5,35.1,2022-06-27,2023-06-26,,
MRH_2022_01092,2022,1,Appartement,20,5,Confort,300,180.77,36.15,2023-06-27,2024-06-26,,
MRH_2022_01092,2022,2,Appartement,20,5,Confort,300,186.19,37.24,2024-06-27,2025-06-26,,
MRH_2022_01093,2022,0,Maison,138,3,Essentielle,300,294.95,58.99,2022-09-14,2023-09-13,,
MRH_2022_01093,2022,1,Maison,138,3,Essentielle,300,303.8,60.76,2023-09-14,2024-09-13,,
MRH_2022_01093,2022,2,Maison,138,3,Essentielle,300,312.91,62.58,2024-09-14,2025-09-13,,
MRH_2022_01094,2022,0,Maison,136,3,Essentielle,150,321.64,64.33,2022-02-26,2023-02-25,,
MRH_2022_01094,2022,1,Maison,136,3,Essentielle,150,331.29,66.26,2023-02-26,2024-02-25,,
MRH_2022_01094,2022,2,Maison,136,3,Essentielle,150,341.23,68.25,2024-02-26,2025-02-25,,
MRH_2022_01095,2022,0,Appartement,75,3,Confort,150,233.75,46.75,2022-11-15,2023-11-14,,
MRH_2022_01095,2022,1,Appartement,75,3,Confort,150,240.76,48.15,2023-11-15,2024-11-14,,
MRH_2022_01095,2022,2,Appartement,75,3,Confort,150,247.99,49.6,2024-11-15,2025-11-14,,
MRH_2022_01096,2022,0,Maison,112,4,Essentielle,500,276.98,55.4,2022-09-13,2023-09-12,,
MRH_2022_01096,2022,1,Maison,112,4,Essentielle,500,190.71,38.14,2023-09-13,2024-05-13,2024-05-13,Déménagement
MRH_2022_01097,2022,0,Appartement,72,5,Confort,500,258.34,51.67,2022-01-12,2023-01-11,,
MRH_2022_01097,2022,1,Appartement,72,5,Confort,500,266.09,53.22,2023-01-12,2024-01-11,,
MRH_2022_01097,2022,2,Appartement,72,5,Confort,500,274.07,54.81,2024-01-12,2025-01-11,,
MRH_2022_01098,2022,0,Appartement,38,3,Essentielle,500,122.77,24.55,2022-11-08,2023-11-07,,
MRH_2022_01098,2022,1,Appartement,38,3,Essentielle,500,74.14,14.83,2023-11-08,2024-06-08,2024-06-08,Déménagement
MRH_2022_01099,2022,0,Appartement,78,4,Premium,300,324.41,64.88,2022-06-06,2023-06-05,,
MRH_2022_01099,2022,1,Appartement,78,4,Premium,300,334.14,66.83,2023-06-06,2024-06-05,,
MRH_2022_01099,2022,2,Appartement,78,4,Premium,300,344.17,68.83,2024-06-06,2025-06-05,,
MRH_2022_01100,2022,0,Appartement,84,5,Essentielle,500,238.59,47.72,2022-01-26,2023-01-25,,
MRH_2022_01100,2022,1,Appartement,84,5,Essentielle,500,245.75,49.15,2023-01-26,2024-01-25,,
MRH_2022_01100,2022,2,Appartement,84,5,Essentielle,500,253.12,50.62,2024-01-26,2025-01-25,,
MRH_2022_01101,2022,0,Maison,70,3,Essentielle,300,208.25,41.65,2022-07-08,2023-07-07,,
MRH_2022_01101,2022,1,Maison,70,3,Essentielle,300,54.65,10.93,2023-07-08,2023-10-08,2023-10-08,Vente du bien
MRH_2022_01102,2022,0,Appartement,90,3,Confort,300,235.0,47.0,2022-09-06,2023-09-05,,
MRH_2022_01102,2022,1,Appartement,90,3,Confort,300,242.05,48.41,2023-09-06,2024-09-05,,
MRH_2022_01102,2022,2,Appartement,90,3,Confort,300,249.31,49.86,2024-09-06,2025-09-05,,
MRH_2022_01103,2022,0,Appartement,32,3,Essentielle,150,138.38,27.68,2022-10-13,2023-10-12,,
MRH_2022_01103,2022,1,Appartement,32,3,Essentielle,150,36.32,7.26,2023-10-13,2024-01-13,2024-01-13,Insatisfaction service
MRH_2022_01104,2022,0,Maison,141,4,Essentielle,300,343.59,68.72,2022-05-07,2023-05-06,,
MRH_2022_01104,2022,1,Maison,141,4,Essentielle,300,353.9,70.78,2023-05-07,2024-05-06,,
MRH_2022_01104,2022,2,Maison,141,4,Essentielle,300,364.51,72.9,2024-05-07,2025-05-06,,
MRH_2022_01105,2022,0,Maison,135,3,Essentielle,300,291.12,58.22,2022-11-01,2023-10-31,,
MRH_2022_01105,2022,1,Maison,135,3,Essentielle,300,299.85,59.97,2023-11-01,2024-10-31,,
MRH_2022_01105,2022,2,Maison,135,3,Essentielle,300,308.85,61.77,2024-11-01,2025-10-31,,
MRH_2022_01106,2022,0,Appartement,23,3,Confort,150,147.95,29.59,2022-03-10,2023-03-09,,
MRH_2022_01106,2022,1,Appartement,23,3,Confort,150,152.39,30.48,2023-03-10,2024-03-09,,
MRH_2022_01106,2022,2,Appartement,23,3,Confort,150,156.96,31.39,2024-03-10,2025-03-09,,
MRH_2022_01107,2022,0,Appartement,95,2,Essentielle,150,215.4,43.08,2022-07-03,2023-07-02,,
MRH_2022_01107,2022,1,Appartement,95,2,Essentielle,150,221.86,44.37,2023-07-03,2024-07-02,,
MRH_2022_01107,2022,2,Appartement,95,2,Essentielle,150,228.52,45.7,2024-07-03,2025-07-02,,
MRH_2022_01108,2022,0,Appartement,20,3,Premium,500,155.48,31.1,2022-03-06,2023-03-05,,
MRH_2022_01108,2022,1,Appartement,20,3,Premium,500,160.14,32.03,2023-03-06,2024-03-05,,
MRH_2022_01108,2022,2,Appartement,20,3,Premium,500,164.95,32.99,2024-03-06,2025-03-05,,
MRH_2022_01109,2022,0,Maison,66,1,Essentielle,300,172.68,34.54,2022-08-20,2023-08-19,,
MRH_2022_01109,2022,1,Maison,66,1,Essentielle,300,177.86,35.57,2023-08-20,2024-08-19,,
MRH_2022_01109,2022,2,Maison,66,1,Essentielle,300,137.52,27.5,2024-08-20,2025-05-20,2025-05-20,Concurrent moins cher
MRH_2022_01110,2022,0,Maison,62,2,Essentielle,150,206.96,41.39,2022-09-17,2023-09-16,,
MRH_2022_01110,2022,1,Maison,62,2,Essentielle,150,213.17,42.63,2023-09-17,2024-09-16,,
MRH_2022_01110,2022,2,Maison,62,2,Essentielle,150,219.56,43.91,2024-09-17,2025-09-16,,
MRH_2022_01111,2022,0,Appartement,69,1,Essentielle,300,147.03,29.41,2022-05-09,2023-05-08,,
MRH_2022_01111,2022,1,Appartement,69,1,Essentielle,300,151.44,30.29,2023-05-09,2024-05-08,,
MRH_2022_01111,2022,2,Appartement,69,1,Essentielle,300,155.98,31.2,2024-05-09,2025-05-08,,
MRH_2022_01112,2022,0,Appartement,61,3,Essentielle,500,149.75,29.95,2022-07-17,2023-07-16,,
MRH_2022_01112,2022,1,Appartement,61,3,Essentielle,500,154.24,30.85,2023-07-17,2024-07-16,,
MRH_2022_01112,2022,2,Appartement,61,3,Essentielle,500,158.87,31.77,2024-07-17,2025-07-16,,
MRH_2022_01113,2022,0,Appartement,80,3,Premium,150,314.6,62.92,2022-10-26,2023-10-25,,
MRH_2022_01113,2022,1,Appartement,80,3,Premium,150,324.04,64.81,2023-10-26,2024-10-25,,
MRH_2022_01113,2022,2,Appartement,80,3,Premium,150,333.76,66.75,2024-10-26,2025-10-25,,
MRH_2022_01114,2022,0,Maison,193,5,Confort,500,533.44,106.69,2022-07-20,2023-07-19,,
MRH_2022_01114,2022,1,Maison,193,5,Confort,500,549.44,109.89,2023-07-20,2024-07-19,,
MRH_2022_01114,2022,2,Maison,193,5,Confort,500,565.93,113.19,2024-07-20,2025-07-19,,
MRH_2022_01115,2022,0,Maison,86,3,Confort,150,295.9,59.18,2022-08-06,2023-08-05,,
MRH_2022_01115,2022,1,Maison,86,3,Confort,150,304.78,60.96,2023-08-06,2024-08-05,,
MRH_2022_01115,2022,2,Maison,86,3,Confort,150,313.92,62.78,2024-08-06,2025-08-05,,
MRH_2022_01116,2022,0,Appartement,48,3,Confort,300,172.0,34.4,2022-07-01,2023-06-30,,
MRH_2022_01116,2022,1,Appartement,48,3,Confort,300,177.16,35.43,2023-07-01,2024-06-30,,
MRH_2022_01116,2022,2,Appartement,48,3,Confort,300,182.47,36.49,2024-07-01,2025-06-30,,
MRH_2022_01117,2022,0,Appartement,72,2,Confort,300,197.6,39.52,2022-06-04,2023-06-03,,
MRH_2022_01117,2022,1,Appartement,72,2,Confort,300,17.28,3.46,2023-06-04,2023-07-04,2023-07-04,Concurrent moins cher
MRH_2022_01118,2022,0,Appartement,82,3,Essentielle,300,189.55,37.91,2022-09-03,2023-09-02,,
MRH_2022_01118,2022,1,Appartement,82,3,Essentielle,300,195.24,39.05,2023-09-03,2024-09-02,,
MRH_2022_01118,2022,2,Appartement,82,3,Essentielle,300,201.09,40.22,2024-09-03,2025-09-02,,
MRH_2022_01119,2022,0,Appartement,81,3,Premium,150,316.75,63.35,2022-10-21,2023-10-20,,
MRH_2022_01119,2022,1,Appartement,81,3,Premium,150,326.25,65.25,2023-10-21,2024-10-20,,
MRH_2022_01119,2022,2,Appartement,81,3,Premium,150,336.04,67.21,2024-10-21,2025-10-20,,
MRH_2022_01120,2022,0,Appartement,77,2,Essentielle,500,160.09,32.02,2022-08-02,2023-08-01,,
MRH_2022_01120,2022,1,Appartement,77,2,Essentielle,500,164.89,32.98,2023-08-02,2024-08-01,,
MRH_2022_01120,2022,2,Appartement,77,2,Essentielle,500,169.84,33.97,2024-08-02,2025-08-01,,
MRH_2022_01121,2022,0,Appartement,75,2,Confort,300,201.88,40.38,2022-01-21,2023-01-20,,
MRH_2022_01121,2022,1,Appartement,75,2,Confort,300,207.94,41.59,2023-01-21,2024-01-20,,
MRH_2022_01121,2022,2,Appartement,75,2,Confort,300,214.17,42.83,2024-01-21,2025-01-20,,
MRH_2022_01122,2022,0,Appartement,84,3,Essentielle,500,176.73,35.35,2022-01-18,2023-01-17,,
MRH_2022_01122,2022,1,Appartement,84,3,Essentielle,500,182.03,36.41,2023-01-18,2024-01-17,,
MRH_2022_01122,2022,2,Appartement,84,3,Essentielle,500,172.6,34.52,2024-01-18,2024-12-18,2024-12-18,Déménagement
MRH_2022_01123,2022,0,Appartement,102,3,Essentielle,300,215.05,43.01,2022-07-03,2023-07-02,,
MRH_2022_01123,2022,1,Appartement,102,3,Essentielle,300,221.5,44.3,2023-07-03,2024-07-02,,
MRH_2022_01123,2022,2,Appartement,102,3,Essentielle,300,228.15,45.63,2024-07-03,2025-07-02,,
MRH_2022_01124,2022,0,Maison,160,2,Confort,500,332.12,66.42,2022-08-28,2023-08-27,,
MRH_2022_01124,2022,1,Maison,160,2,Confort,500,342.08,68.42,2023-08-28,2024-08-27,,
MRH_2022_01124,2022,2,Maison,160,2,Confort,500,352.35,70.47,2024-08-28,2025-08-27,,
MRH_2022_01125,2022,0,Maison,137,2,Premium,300,426.69,85.34,2022-02-11,2023-02-10,,
MRH_2022_01125,2022,1,Maison,137,2,Premium,300,439.49,87.9,2023-02-11,2024-02-10,,
MRH_2022_01125,2022,2,Maison,137,2,Premium,300,452.68,90.54,2024-02-11,2025-02-10,,
MRH_2022_01126,2022,0,Appartement,60,1,Confort,300,161.5,32.3,2022-09-01,2023-08-31,,
MRH_2022_01126,2022,1,Appartement,60,1,Confort,300,166.34,33.27,2023-09-01,2024-08-31,,
MRH_2022_01126,2022,2,Appartement,60,1,Confort,300,171.34,34.27,2024-09-01,2025-08-31,,
MRH_2022_01127,2022,0,Appartement,67,5,Essentielle,300,230.07,46.01,2022-12-20,2023-12-19,,
MRH_2022_01127,2022,1,Appartement,67,5,Essentielle,300,236.97,47.39,2023-12-20,2024-12-19,,
MRH_2022_01127,2022,2,Appartement,67,5,Essentielle,300,244.08,48.82,2024-12-20,2025-12-19,,
MRH_2022_01128,2022,0,Maison,101,5,Confort,150,432.88,86.58,2022-03-11,2023-03-10,,
MRH_2022_01128,2022,1,Maison,101,5,Confort,150,445.87,89.17,2023-03-11,2024-03-10,,
MRH_2022_01128,2022,2,Maison,101,5,Confort,150,459.24,91.85,2024-03-11,2025-03-10,,
MRH_2022_01129,2022,0,Maison,160,3,Essentielle,300,323.0,64.6,2022-10-16,2023-10-15,,
MRH_2022_01129,2022,1,Maison,160,3,Essentielle,300,332.69,66.54,2023-10-16,2024-10-15,,
MRH_2022_01129,2022,2,Maison,160,3,Essentielle,300,342.67,68.53,2024-10-16,2025-10-15,,
MRH_2022_01130,2022,0,Appartement,59,3,Essentielle,300,160.22,32.04,2022-05-23,2023-05-22,,
MRH_2022_01130,2022,1,Appartement,59,3,Essentielle,300,125.24,25.05,2023-05-23,2024-02-23,2024-02-23,Prix trop élevé
MRH_2022_01131,2022,0,Maison,117,1,Premium,150,383.49,76.7,2022-04-01,2023-03-31,,
MRH_2022_01131,2022,1,Maison,117,1,Premium,150,394.99,79.0,2023-04-01,2024-03-31,,
MRH_2022_01131,2022,2,Maison,117,1,Premium,150,406.84,81.37,2024-04-01,2025-03-31,,
MRH_2022_01132,2022,0,Appartement,48,3,Essentielle,300,146.2,29.24,2022-05-23,2023-05-22,,
MRH_2022_01132,2022,1,Appartement,48,3,Essentielle,300,150.59,30.12,2023-05-23,2024-05-22,,
MRH_2022_01132,2022,2,Appartement,48,3,Essentielle,300,155.1,31.02,2024-05-23,2025-05-22,,
MRH_2022_01133,2022,0,Appartement,80,2,Premium,300,271.7,54.34,2022-07-07,2023-07-06,,
MRH_2022_01133,2022,1,Appartement,80,2,Premium,300,165.61,33.12,2023-07-07,2024-02-07,2024-02-07,Prix trop élevé
MRH_2022_01134,2022,0,Maison,105,5,Confort,150,441.79,88.36,2022-03-15,2023-03-14,,
MRH_2022_01134,2022,1,Maison,105,5,Confort,150,455.04,91.01,2023-03-15,2024-03-14,,
MRH_2022_01134,2022,2,Maison,105,5,Confort,150,468.7,93.74,2024-03-15,2025-03-14,,
MRH_2022_01135,2022,0,Appartement,77,1,Confort,500,168.52,33.7,2022-06-09,2023-06-08,,
MRH_2022_01135,2022,1,Appartement,77,1,Confort,500,173.58,34.72,2023-06-09,2024-06-08,,
MRH_2022_01135,2022,2,Appartement,77,1,Confort,500,178.78,35.76,2024-06-09,2025-06-08,,
MRH_2022_01136,2022,0,Appartement,55,2,Confort,500,159.5,31.9,2022-09-11,2023-09-10,,
MRH_2022_01136,2022,1,Appartement,55,2,Confort,500,69.32,13.86,2023-09-11,2024-02-11,2024-02-11,Concurrent moins cher
MRH_2022_01137,2022,0,Appartement,40,3,Essentielle,500,125.12,25.02,2022-03-20,2023-03-19,,
MRH_2022_01137,2022,1,Appartement,40,3,Essentielle,500,128.87,25.77,2023-03-20,2024-03-19,,
MRH_2022_01137,2022,2,Appartement,40,3,Essentielle,500,132.74,26.55,2024-03-20,2025-03-19,,
MRH_2022_01138,2022,0,Appartement,32,1,Essentielle,300,106.93,21.39,2022-02-08,2023-02-07,,
MRH_2022_01138,2022,1,Appartement,32,1,Essentielle,300,110.14,22.03,2023-02-08,2024-02-07,,
MRH_2022_01138,2022,2,Appartement,32,1,Essentielle,300,113.44,22.69,2024-02-08,2025-02-07,,
MRH_2022_01139,2022,0,Appartement,67,2,Premium,500,227.81,45.56,2022-07-13,2023-07-12,,
MRH_2022_01139,2022,1,Appartement,67,2,Premium,500,99.0,19.8,2023-07-13,2023-12-13,2023-12-13,Insatisfaction service
MRH_2022_01140,2022,0,Appartement,95,4,Essentielle,300,237.04,47.41,2022-12-20,2023-12-19,,
MRH_2022_01140,2022,1,Appartement,95,4,Essentielle,300,244.15,48.83,2023-12-20,2024-12-19,,
MRH_2022_01140,2022,2,Appartement,95,4,Essentielle,300,62.7,12.54,2024-12-20,2025-03-20,2025-03-20,Vente du bien
MRH_2022_01141,2022,0,Maison,72,4,Confort,300,285.2,57.04,2022-06-22,2023-06-21,,
MRH_2022_01141,2022,1,Maison,72,4,Confort,300,74.85,14.97,2023-06-22,2023-09-22,2023-09-22,Concurrent moins cher
MRH_2022_01142,2022,0,Maison,74,1,Essentielle,500,166.84,33.37,2022-07-11,2023-07-10,,
MRH_2022_01142,2022,1,Maison,74,1,Essentielle,500,72.5,14.5,2023-07-11,2023-12-11,2023-12-11,Déménagement
MRH_2022_01143,2022,0,Appartement,65,2,Confort,150,206.39,41.28,2022-08-28,2023-08-27,,
MRH_2022_01143,2022,1,Appartement,65,2,Confort,150,212.58,42.52,2023-08-28,2024-08-27,,
MRH_2022_01143,2022,2,Appartement,65,2,Confort,150,218.96,43.79,2024-08-28,2025-08-27,,
MRH_2022_01144,2022,0,Maison,114,3,Premium,300,404.3,80.86,2022-09-17,2023-09-16,,
MRH_2022_01144,2022,1,Maison,114,3,Premium,300,416.43,83.29,2023-09-17,2024-09-16,,
MRH_2022_01144,2022,2,Maison,114,3,Premium,300,428.92,85.78,2024-09-17,2025-09-16,,
MRH_2022_01145,2022,0,Appartement,51,3,Confort,300,176.5,35.3,2022-11-16,2023-11-15,,
MRH_2022_01145,2022,1,Appartement,51,3,Confort,300,181.8,36.36,2023-11-16,2024-11-15,,
MRH_2022_01145,2022,2,Appartement,51,3,Confort,300,187.25,37.45,2024-11-16,2025-11-15,,
MRH_2022_01146,2022,0,Maison,181,2,Essentielle,500,305.7,61.14,2022-02-09,2023-02-08,,
MRH_2022_01146,2022,1,Maison,181,2,Essentielle,500,314.87,62.97,2023-02-09,2024-02-08,,
MRH_2022_01146,2022,2,Maison,181,2,Essentielle,500,324.32,64.86,2024-02-09,2025-02-08,,
MRH_2022_01147,2022,0,Appartement,113,3,Essentielle,500,210.75,42.15,2022-01-08,2023-01-07,,
MRH_2022_01147,2022,1,Appartement,113,3,Essentielle,500,217.07,43.41,2023-01-08,2024-01-07,,
MRH_2022_01147,2022,2,Appartement,113,3,Essentielle,500,223.58,44.72,2024-01-08,2025-01-07,,
MRH_2022_01148,2022,0,Appartement,58,2,Essentielle,500,138.92,27.78,2022-11-04,2023-11-03,,
MRH_2022_01148,2022,1,Appartement,58,2,Essentielle,500,143.09,28.62,2023-11-04,2024-11-03,,
MRH_2022_01148,2022,2,Appartement,58,2,Essentielle,500,147.38,29.48,2024-11-04,2025-11-03,,
MRH_2022_01149,2022,0,Maison,155,5,Confort,300,502.88,100.58,2022-11-12,2023-11-11,,
MRH_2022_01149,2022,1,Maison,155,5,Confort,300,517.97,103.59,2023-11-12,2024-11-11,,
MRH_2022_01149,2022,2,Maison,155,5,Confort,300,533.51,106.7,2024-11-12,2025-11-11,,
MRH_2022_01150,2022,0,Appartement,48,5,Essentielle,150,217.11,43.42,2022-10-17,2023-10-16,,
MRH_2022_01150,2022,1,Appartement,48,5,Essentielle,150,223.62,44.72,2023-10-17,2024-10-16,,
MRH_2022_01150,2022,2,Appartement,48,5,Essentielle,150,230.33,46.07,2024-10-17,2025-10-16,,
MRH_2022_01151,2022,0,Appartement,74,4,Essentielle,150,226.88,45.38,2022-01-16,2023-01-15,,
MRH_2022_01151,2022,1,Appartement,74,4,Essentielle,150,233.69,46.74,2023-01-16,2024-01-15,,
MRH_2022_01151,2022,2,Appartement,74,4,Essentielle,150,240.7,48.14,2024-01-16,2025-01-15,,
MRH_2022_01152,2022,0,Maison,70,3,Essentielle,300,208.25,41.65,2022-05-16,2023-05-15,,
MRH_2022_01152,2022,1,Maison,70,3,Essentielle,300,214.5,42.9,2023-05-16,2024-05-15,,
MRH_2022_01152,2022,2,Maison,70,3,Essentielle,300,220.93,44.19,2024-05-16,2025-05-15,,
MRH_2022_01153,2022,0,Appartement,84,3,Essentielle,300,192.1,38.42,2022-01-14,2023-01-13,,
MRH_2022_01153,2022,1,Appartement,84,3,Essentielle,300,197.86,39.57,2023-01-14,2024-01-13,,
MRH_2022_01153,2022,2,Appartement,84,3,Essentielle,300,203.8,40.76,2024-01-14,2025-01-13,,
MRH_2022_01154,2022,0,Appartement,70,1,Premium,300,226.53,45.31,2022-02-23,2023-02-22,,
MRH_2022_01154,2022,1,Appartement,70,1,Premium,300,233.33,46.67,2023-02-23,2024-02-22,,
MRH_2022_01154,2022,2,Appartement,70,1,Premium,300,240.33,48.07,2024-02-23,2025-02-22,,
MRH_2022_01155,2022,0,Appartement,56,2,Confort,300,174.8,34.96,2022-04-26,2023-04-25,,
MRH_2022_01155,2022,1,Appartement,56,2,Confort,300,180.04,36.01,2023-04-26,2024-04-25,,
MRH_2022_01155,2022,2,Appartement,56,2,Confort,300,185.45,37.09,2024-04-26,2025-04-25,,
MRH_2022_01156,2022,0,Appartement,59,5,Premium,300,330.82,66.16,2022-10-10,2023-10-09,,
MRH_2022_01156,2022,1,Appartement,59,5,Premium,300,340.74,68.15,2023-10-10,2024-10-09,,
MRH_2022_01156,2022,2,Appartement,59,5,Premium,300,350.97,70.19,2024-10-10,2025-10-09,,
MRH_2022_01157,2022,0,Maison,127,4,Essentielle,500,297.22,59.44,2022-09-07,2023-09-06,,
MRH_2022_01157,2022,1,Maison,127,4,Essentielle,500,306.14,61.23,2023-09-07,2024-09-06,,
MRH_2022_01157,2022,2,Maison,127,4,Essentielle,500,262.63,52.53,2024-09-07,2025-07-07,2025-07-07,Insatisfaction service
MRH_2022_01158,2022,0,Appartement,52,2,Premium,500,202.24,40.45,2022-02-05,2023-02-04,,
MRH_2022_01158,2022,1,Appartement,52,2,Premium,500,208.31,41.66,2023-02-05,2024-02-04,,
MRH_2022_01158,2022,2,Appartement,52,2,Premium,500,214.56,42.91,2024-02-05,2025-02-04,,
MRH_2022_01159,2022,0,Appartement,55,2,Confort,500,159.5,31.9,2022-08-01,2023-07-31,,
MRH_2022_01159,2022,1,Appartement,55,2,Confort,500,164.28,32.86,2023-08-01,2024-07-31,,
MRH_2022_01159,2022,2,Appartement,55,2,Confort,500,98.75,19.75,2024-08-01,2025-03-01,2025-03-01,Déménagement
MRH_2022_01160,2022,0,Maison,85,3,Essentielle,300,227.38,45.48,2022-10-17,2023-10-16,,
MRH_2022_01160,2022,1,Maison,85,3,Essentielle,300,234.2,46.84,2023-10-17,2024-10-16,,
MRH_2022_01160,2022,2,Maison,85,3,Essentielle,300,241.23,48.25,2024-10-17,2025-10-16,,
MRH_2022_01161,2022,0,Maison,129,4,Essentielle,150,358.6,71.72,2022-08-26,2023-08-25,,
MRH_2022_01161,2022,1,Maison,129,4,Essentielle,150,369.36,73.87,2023-08-26,2024-08-25,,
MRH_2022_01161,2022,2,Maison,129,4,Essentielle,150,380.44,76.09,2024-08-26,2025-08-25,,
MRH_2022_01162,2022,0,Maison,110,1,Essentielle,150,242.4,48.48,2022-06-20,2023-06-19,,
MRH_2022_01162,2022,1,Maison,110,1,Essentielle,150,105.34,21.07,2023-06-20,2023-11-20,2023-11-20,Vente du bien
MRH_2022_01163,2022,0,Appartement,60,3,Confort,150,209.0,41.8,2022-12-07,2023-12-06,,
MRH_2022_01163,2022,1,Appartement,60,3,Confort,150,215.27,43.05,2023-12-07,2024-12-06,,
MRH_2022_01163,2022,2,Appartement,60,3,Confort,150,221.73,44.35,2024-12-07,2025-12-06,,
MRH_2022_01164,2022,0,Maison,132,1,Premium,300,373.49,74.7,2022-05-21,2023-05-20,,
MRH_2022_01164,2022,1,Maison,132,1,Premium,300,384.69,76.94,2023-05-21,2024-05-20,,
MRH_2022_01164,2022,2,Maison,132,1,Premium,300,396.24,79.25,2024-05-21,2025-05-20,,
MRH_2022_01165,2022,0,Appartement,27,1,Essentielle,150,111.66,22.33,2022-09-04,2023-09-03,,
MRH_2022_01165,2022,1,Appartement,27,1,Essentielle,150,115.01,23.0,2023-09-04,2024-09-03,,
MRH_2022_01165,2022,2,Appartement,27,1,Essentielle,150,118.46,23.69,2024-09-04,2025-09-03,,
MRH_2022_01166,2022,0,Appartement,68,3,Confort,150,222.2,44.44,2022-05-13,2023-05-12,,
MRH_2022_01166,2022,1,Appartement,68,3,Confort,150,228.87,45.77,2023-05-13,2024-05-12,,
MRH_2022_01166,2022,2,Appartement,68,3,Confort,150,235.73,47.15,2024-05-13,2025-05-12,,
MRH_2022_01167,2022,0,Appartement,76,3,Confort,150,235.4,47.08,2022-07-05,2023-07-04,,
MRH_2022_01167,2022,1,Appartement,76,3,Confort,150,242.46,48.49,2023-07-05,2024-07-04,,
MRH_2022_01167,2022,2,Appartement,76,3,Confort,150,249.74,49.95,2024-07-05,2025-07-04,,
MRH_2022_01168,2022,0,Maison,94,3,Essentielle,300,238.85,47.77,2022-08-16,2023-08-15,,
MRH_2022_01168,2022,1,Maison,94,3,Essentielle,300,246.02,49.2,2023-08-16,2024-08-15,,
MRH_2022_01168,2022,2,Maison,94,3,Essentielle,300,253.4,50.68,2024-08-16,2025-08-15,,
MRH_2022_01169,2022,0,Maison,60,2,Confort,150,240.35,48.07,2022-08-14,2023-08-13,,
MRH_2022_01169,2022,1,Maison,60,2,Confort,150,247.56,49.51,2023-08-14,2024-08-13,,
MRH_2022_01169,2022,2,Maison,60,2,Confort,150,254.99,51.0,2024-08-14,2025-08-13,,
MRH_2022_01170,2022,0,Appartement,66,1,Confort,300,169.15,33.83,2022-01-21,2023-01-20,,
MRH_2022_01170,2022,1,Appartement,66,1,Confort,300,174.22,34.84,2023-01-21,2024-01-20,,
MRH_2022_01170,2022,2,Appartement,66,1,Confort,300,179.45,35.89,2024-01-21,2025-01-20,,
MRH_2022_01171,2022,0,Appartement,84,1,Premium,500,229.75,45.95,2022-05-01,2023-04-30,,
MRH_2022_01171,2022,1,Appartement,84,1,Premium,500,236.64,47.33,2023-05-01,2024-04-30,,
MRH_2022_01171,2022,2,Appartement,84,1,Premium,500,243.74,48.75,2024-05-01,2025-04-30,,
MRH_2022_01172,2022,0,Maison,99,3,Essentielle,500,225.61,45.12,2022-09-03,2023-09-02,,
MRH_2022_01172,2022,1,Maison,99,3,Essentielle,500,232.38,46.48,2023-09-03,2024-09-02,,
MRH_2022_01172,2022,2,Maison,99,3,Essentielle,500,239.35,47.87,2024-09-03,2025-09-02,,
MRH_2022_01173,2022,0,Maison,79,4,Essentielle,300,252.68,50.54,2022-07-03,2023-07-02,,
MRH_2022_01173,2022,1,Maison,79,4,Essentielle,300,260.26,52.05,2023-07-03,2024-07-02,,
MRH_2022_01173,2022,2,Maison,79,4,Essentielle,300,268.07,53.61,2024-07-03,2025-07-02,,
MRH_2022_01174,2022,0,Appartement,54,3,Confort,300,181.0,36.2,2022-03-23,2023-03-22,,
MRH_2022_01174,2022,1,Appartement,54,3,Confort,300,186.43,37.29,2023-03-23,2024-03-22,,
MRH_2022_01174,2022,2,Appartement,54,3,Confort,300,192.02,38.4,2024-03-23,2025-03-22,,
MRH_2022_01175,2022,0,Appartement,46,1,Premium,300,186.75,37.35,2022-04-04,2023-04-03,,
MRH_2022_01175,2022,1,Appartement,46,1,Premium,300,192.35,38.47,2023-04-04,2024-04-03,,
MRH_2022_01175,2022,2,Appartement,46,1,Premium,300,198.12,39.62,2024-04-04,2025-04-03,,
MRH_2022_01176,2022,0,Maison,92,2,Essentielle,300,224.48,44.9,2022-02-06,2023-02-05,,
MRH_2022_01176,2022,1,Maison,92,2,Essentielle,300,231.21,46.24,2023-02-06,2024-02-05,,
MRH_2022_01176,2022,2,Maison,92,2,Essentielle,300,238.15,47.63,2024-02-06,2025-02-05,,
MRH_2022_01177,2022,0,Maison,132,2,Essentielle,150,300.23,60.05,2022-08-25,2023-08-24,,
MRH_2022_01177,2022,1,Maison,132,2,Essentielle,150,309.24,61.85,2023-08-25,2024-08-24,,
MRH_2022_01177,2022,2,Maison,132,2,Essentielle,150,318.51,63.7,2024-08-25,2025-08-24,,
MRH_2022_01178,2022,0,Appartement,60,2,Essentielle,500,141.15,28.23,2022-07-05,2023-07-04,,
MRH_2022_01178,2022,1,Appartement,60,2,Essentielle,500,145.38,29.08,2023-07-05,2024-07-04,,
MRH_2022_01178,2022,2,Appartement,60,2,Essentielle,500,149.75,29.95,2024-07-05,2025-07-04,,
MRH_2022_01179,2022,0,Appartement,64,2,Essentielle,300,158.27,31.65,2022-07-27,2023-07-26,,
MRH_2022_01179,2022,1,Appartement,64,2,Essentielle,300,163.02,32.6,2023-07-27,2024-07-26,,
MRH_2022_01179,2022,2,Appartement,64,2,Essentielle,300,167.91,33.58,2024-07-27,2025-07-26,,
MRH_2022_01180,2022,0,Appartement,91,1,Premium,150,287.47,57.49,2022-04-02,2023-04-01,,
MRH_2022_01180,2022,1,Appartement,91,1,Premium,150,296.09,59.22,2023-04-02,2024-04-01,,
MRH_2022_01180,2022,2,Appartement,91,1,Premium,150,304.98,61.0,2024-04-02,2025-04-01,,
MRH_2022_01181,2022,0,Appartement,38,1,Essentielle,500,104.36,20.87,2022-04-27,2023-04-26,,
MRH_2022_01181,2022,1,Appartement,38,1,Essentielle,500,107.49,21.5,2023-04-27,2024-04-26,,
MRH_2022_01181,2022,2,Appartement,38,1,Essentielle,500,110.72,22.14,2024-04-27,2025-04-26,,
MRH_2022_01182,2022,0,Appartement,82,2,Premium,300,275.41,55.08,2022-02-15,2023-02-14,,
MRH_2022_01182,2022,1,Appartement,82,2,Premium,300,283.67,56.73,2023-02-15,2024-02-14,,
MRH_2022_01182,2022,2,Appartement,82,2,Premium,300,292.18,58.44,2024-02-15,2025-02-14,,
MRH_2022_01183,2022,0,Appartement,103,2,Essentielle,300,205.51,41.1,2022-01-20,2023-01-19,,
MRH_2022_01183,2022,1,Appartement,103,2,Essentielle,300,211.68,42.34,2023-01-20,2024-01-19,,
MRH_2022_01183,2022,2,Appartement,103,2,Essentielle,300,91.4,18.28,2024-01-20,2024-06-20,2024-06-20,Concurrent moins cher
MRH_2022_01184,2022,0,Appartement,85,2,Premium,300,280.96,56.19,2022-05-03,2023-05-02,,
MRH_2022_01184,2022,1,Appartement,85,2,Premium,300,289.39,57.88,2023-05-03,2024-05-02,,
MRH_2022_01184,2022,2,Appartement,85,2,Premium,300,298.07,59.61,2024-05-03,2025-05-02,,
MRH_2022_01185,2022,0,Appartement,48,3,Confort,150,189.2,37.84,2022-10-16,2023-10-15,,
MRH_2022_01185,2022,1,Appartement,48,3,Confort,150,194.88,38.98,2023-10-16,2024-10-15,,
MRH_2022_01185,2022,2,Appartement,48,3,Confort,150,200.72,40.14,2024-10-16,2025-10-15,,
MRH_2022_01186,2022,0,Maison,97,1,Confort,300,242.67,48.53,2022-06-25,2023-06-24,,
MRH_2022_01186,2022,1,Maison,97,1,Confort,300,84.23,16.85,2023-06-25,2023-10-25,2023-10-25,Vente du bien
MRH_2022_01187,2022,0,Maison,87,5,Essentielle,500,285.57,57.11,2022-02-26,2023-02-25,,
MRH_2022_01187,2022,1,Maison,87,5,Essentielle,500,294.14,58.83,2023-02-26,2024-02-25,,
MRH_2022_01187,2022,2,Maison,87,5,Essentielle,500,302.96,60.59,2024-02-26,2025-02-25,,
MRH_2022_01188,2022,0,Maison,179,4,Essentielle,150,439.24,87.85,2022-07-20,2023-07-19,,
MRH_2022_01188,2022,1,Maison,179,4,Essentielle,150,452.42,90.48,2023-07-20,2024-07-19,,
MRH_2022_01188,2022,2,Maison,179,4,Essentielle,150,465.99,93.2,2024-07-20,2025-07-19,,
MRH_2022_01189,2022,0,Maison,99,3,Essentielle,500,225.61,45.12,2022-09-08,2023-09-07,,
MRH_2022_01189,2022,1,Maison,99,3,Essentielle,500,232.38,46.48,2023-09-08,2024-09-07,,
MRH_2022_01189,2022,2,Maison,99,3,Essentielle,500,239.35,47.87,2024-09-08,2025-09-07,,
MRH_2022_01190,2022,0,Appartement,66,4,Premium,150,327.26,65.45,2022-01-01,2022-12-31,,
MRH_2022_01190,2022,1,Appartement,66,4,Premium,150,337.08,67.42,2023-01-01,2023-12-31,,
MRH_2022_01190,2022,2,Appartement,66,4,Premium,150,347.19,69.44,2024-01-01,2024-12-31,,
MRH_2022_01191,2022,0,Appartement,89,3,Confort,150,256.85,51.37,2022-07-25,2023-07-24,,
MRH_2022_01191,2022,1,Appartement,89,3,Confort,150,264.56,52.91,2023-07-25,2024-07-24,,
MRH_2022_01191,2022,2,Appartement,89,3,Confort,150,272.49,54.5,2024-07-25,2025-07-24,,
MRH_2022_01192,2022,0,Maison,73,3,Essentielle,150,233.28,46.66,2022-10-12,2023-10-11,,
MRH_2022_01192,2022,1,Maison,73,3,Essentielle,150,240.28,48.06,2023-10-12,2024-10-11,,
MRH_2022_01192,2022,2,Maison,73,3,Essentielle,150,247.49,49.5,2024-10-12,2025-10-11,,
MRH_2022_01193,2022,0,Maison,121,1,Confort,150,300.6,60.12,2022-01-28,2023-01-27,,
MRH_2022_01193,2022,1,Maison,121,1,Confort,150,309.62,61.92,2023-01-28,2024-01-27,,
MRH_2022_01193,2022,2,Maison,121,1,Confort,150,318.91,63.78,2024-01-28,2025-01-27,,
MRH_2022_01194,2022,0,Appartement,75,1,Essentielle,150,168.88,33.78,2022-06-12,2023-06-11,,
MRH_2022_01194,2022,1,Appartement,75,1,Essentielle,150,173.95,34.79,2023-06-12,2024-06-11,,
MRH_2022_01194,2022,2,Appartement,75,1,Essentielle,150,179.16,35.83,2024-06-12,2025-06-11,,
MRH_2022_01195,2022,0,Maison,147,3,Confort,150,396.55,79.31,2022-05-18,2023-05-17,,
MRH_2022_01195,2022,1,Maison,147,3,Confort,150,408.45,81.69,2023-05-18,2024-05-17,,
MRH_2022_01195,2022,2,Maison,147,3,Confort,150,420.7,84.14,2024-05-18,2025-05-17,,
MRH_2022_01196,2022,0,Maison,149,4,Premium,500,499.96,99.99,2022-12-10,2023-12-09,,
MRH_2022_01196,2022,1,Maison,149,4,Premium,500,514.96,102.99,2023-12-10,2024-12-09,,
MRH_2022_01196,2022,2,Maison,149,4,Premium,500,530.41,106.08,2024-12-10,2025-12-09,,
MRH_2022_01197,2022,0,Appartement,47,2,Confort,150,178.17,35.63,2022-01-12,2023-01-11,,
MRH_2022_01197,2022,1,Appartement,47,2,Confort,150,183.52,36.7,2023-01-12,2024-01-11,,
MRH_2022_01197,2022,2,Appartement,47,2,Confort,150,189.02,37.8,2024-01-12,2025-01-11,,
MRH_2022_01198,2022,0,Maison,79,2,Essentielle,300,208.74,41.75,2022-09-08,2023-09-07,,
MRH_2022_01198,2022,1,Maison,79,2,Essentielle,300,215.0,43.0,2023-09-08,2024-09-07,,
MRH_2022_01198,2022,2,Maison,79,2,Essentielle,300,221.45,44.29,2024-09-08,2025-09-07,,
MRH_2022_01199,2022,0,Appartement,58,1,Essentielle,500,124.3,24.86,2022-11-25,2023-11-24,,
MRH_2022_01199,2022,1,Appartement,58,1,Essentielle,500,128.03,25.61,2023-11-25,2024-11-24,,
MRH_2022_01199,2022,2,Appartement,58,1,Essentielle,500,131.87,26.37,2024-11-25,2025-11-24,,
MRH_2022_01200,2022,0,Appartement,21,1,Essentielle,500,87.41,17.48,2022-05-27,2023-05-26,,
MRH_2022_01200,2022,1,Appartement,21,1,Essentielle,500,90.03,18.01,2023-05-27,2024-05-26,,
MRH_2022_01200,2022,2,Appartement,21,1,Essentielle,500,77.49,15.5,2024-05-27,2025-03-27,2025-03-27,Insatisfaction service
MRH_2023_01201,2023,0,Appartement,81,1,Essentielle,300,160.03,32.01,2023-11-14,2024-11-13,,
MRH_2023_01201,2023,1,Appartement,81,1,Essentielle,300,164.83,32.97,2024-11-14,2025-11-13,,
MRH_2023_01202,2023,0,Maison,90,1,Confort,150,257.12,51.42,2023-10-25,2024-10-24,,
MRH_2023_01202,2023,1,Maison,90,1,Confort,150,264.83,52.97,2024-10-25,2025-10-24,,
MRH_2023_01203,2023,0,Maison,180,3,Confort,300,410.0,82.0,2023-12-27,2024-12-26,,
MRH_2023_01203,2023,1,Maison,180,3,Confort,300,422.3,84.46,2024-12-27,2025-12-26,,
MRH_2023_01204,2023,0,Maison,79,4,Premium,150,425.1,85.02,2023-02-18,2024-02-17,,
MRH_2023_01204,2023,1,Maison,79,4,Premium,150,437.85,87.57,2024-02-18,2025-02-17,,
MRH_2023_01205,2023,0,Maison,85,5,Confort,300,361.12,72.22,2023-03-13,2024-03-12,,
MRH_2023_01205,2023,1,Maison,85,5,Confort,300,371.95,74.39,2024-03-13,2025-03-12,,
MRH_2023_01206,2023,0,Maison,50,2,Premium,300,265.53,53.11,2023-11-09,2024-11-08,,
MRH_2023_01206,2023,1,Maison,50,2,Premium,300,273.5,54.7,2024-11-09,2025-11-08,,
MRH_2023_01207,2023,0,Appartement,43,2,Confort,300,156.28,31.26,2023-05-22,2024-05-21,,
MRH_2023_01207,2023,1,Appartement,43,2,Confort,300,160.97,32.19,2024-05-22,2025-05-21,,
MRH_2023_01208,2023,0,Maison,110,4,Essentielle,300,298.14,59.63,2023-10-22,2024-10-21,,
MRH_2023_01208,2023,1,Maison,110,4,Essentielle,300,307.08,61.42,2024-10-22,2025-10-21,,
MRH_2023_01209,2023,0,Appartement,77,3,Confort,300,215.5,43.1,2023-08-21,2024-08-20,,
MRH_2023_01209,2023,1,Appartement,77,3,Confort,300,221.97,44.39,2024-08-21,2025-08-20,,
MRH_2023_01210,2023,0,Appartement,90,1,Premium,300,259.68,51.94,2023-10-18,2024-10-17,,
MRH_2023_01210,2023,1,Appartement,90,1,Premium,300,267.47,53.49,2024-10-18,2025-10-17,,
MRH_2023_01211,2023,0,Appartement,83,2,Premium,300,277.26,55.45,2023-04-21,2024-04-20,,
MRH_2023_01211,2023,1,Appartement,83,2,Premium,300,285.58,57.12,2024-04-21,2025-04-20,,
MRH_2023_01212,2023,0,Maison,181,3,Essentielle,150,384.75,76.95,2023-03-22,2024-03-21,,
MRH_2023_01212,2023,1,Maison,181,3,Essentielle,150,396.29,79.26,2024-03-22,2025-03-21,,
MRH_2023_01213,2023,0,Appartement,51,2,Premium,300,217.98,43.6,2023-05-01,2024-04-30,,
MRH_2023_01213,2023,1,Appartement,51,2,Premium,300,224.52,44.9,2024-05-01,2025-04-30,,
MRH_2023_01214,2023,0,Maison,166,2,Confort,300,369.55,73.91,2023-06-04,2024-06-03,,
MRH_2023_01214,2023,1,Maison,166,2,Confort,300,380.64,76.13,2024-06-04,2025-06-03,,
MRH_2023_01215,2023,0,Appartement,46,2,Confort,500,147.71,29.54,2023-02-21,2024-02-20,,
MRH_2023_01215,2023,1,Appartement,46,2,Confort,500,152.14,30.43,2024-02-21,2025-02-20,,
MRH_2023_01216,2023,0,Appartement,63,1,Confort,300,165.32,33.06,2023-06-14,2024-06-13,,
MRH_2023_01216,2023,1,Appartement,63,1,Confort,300,170.28,34.06,2024-06-14,2025-06-13,,
MRH_2023_01217,2023,0,Appartement,84,1,Confort,300,192.1,38.42,2023-03-19,2024-03-18,,
MRH_2023_01217,2023,1,Appartement,84,1,Confort,300,166.42,33.28,2024-03-19,2025-01-19,2025-01-19,Prix trop élevé
MRH_2023_01218,2023,0,Maison,108,3,Confort,300,302.0,60.4,2023-04-13,2024-04-12,,
MRH_2023_01218,2023,1,Maison,108,3,Confort,300,311.06,62.21,2024-04-13,2025-04-12,,
MRH_2023_01219,2023,0,Appartement,61,5,Essentielle,150,241.72,48.34,2023-04-19,2024-04-18,,
MRH_2023_01219,2023,1,Appartement,61,5,Essentielle,150,248.97,49.79,2024-04-19,2025-04-18,,
MRH_2023_01220,2023,0,Appartement,40,3,Confort,150,176.0,35.2,2023-09-26,2024-09-25,,
MRH_2023_01220,2023,1,Appartement,40,3,Confort,150,120.69,24.14,2024-09-26,2025-05-26,2025-05-26,Vente du bien
MRH_2023_01221,2023,0,Appartement,58,3,Premium,300,243.1,48.62,2023-04-26,2024-04-25,,
MRH_2023_01221,2023,1,Appartement,58,3,Premium,300,250.39,50.08,2024-04-26,2025-04-25,,
MRH_2023_01222,2023,0,Appartement,80,3,Confort,150,242.0,48.4,2023-12-08,2024-12-07,,
MRH_2023_01222,2023,1,Appartement,80,3,Confort,150,249.26,49.85,2024-12-08,2025-12-07,,
MRH_2023_01223,2023,0,Maison,106,3,Essentielle,300,254.15,50.83,2023-11-16,2024-11-15,,
MRH_2023_01223,2023,1,Maison,106,3,Essentielle,300,261.77,52.35,2024-11-16,2025-11-15,,
MRH_2023_01224,2023,0,Appartement,70,3,Confort,300,205.0,41.0,2023-09-08,2024-09-07,,
MRH_2023_01224,2023,1,Appartement,70,3,Confort,300,211.15,42.23,2024-09-08,2025-09-07,,
MRH_2023_01225,2023,0,Appartement,53,2,Essentielle,300,144.95,28.99,2023-02-03,2024-02-02,,
MRH_2023_01225,2023,1,Appartement,53,2,Essentielle,300,149.3,29.86,2024-02-03,2025-02-02,,
MRH_2023_01226,2023,0,Appartement,58,1,Confort,300,158.95,31.79,2023-03-15,2024-03-14,,
MRH_2023_01226,2023,1,Appartement,58,1,Confort,300,27.81,5.56,2024-03-15,2024-05-15,2024-05-15,Insatisfaction service
MRH_2023_01227,2023,0,Appartement,20,3,Essentielle,150,121.55,24.31,2023-07-01,2024-06-30,,
MRH_2023_01227,2023,1,Appartement,20,3,Essentielle,150,125.2,25.04,2024-07-01,2025-06-30,,
MRH_2023_01228,2023,0,Maison,88,1,Premium,500,276.52,55.3,2023-07-12,2024-07-11,,
MRH_2023_01228,2023,1,Maison,88,1,Premium,500,284.82,56.96,2024-07-12,2025-07-11,,
MRH_2023_01229,2023,0,Maison,121,2,Premium,300,397.05,79.41,2023-10-20,2024-10-19,,
MRH_2023_01229,2023,1,Maison,121,2,Premium,300,408.96,81.79,2024-10-20,2025-10-19,,
MRH_2023_01230,2023,0,Maison,153,1,Confort,300,314.07,62.81,2023-08-14,2024-08-13,,
MRH_2023_01230,2023,1,Maison,153,1,Confort,300,323.49,64.7,2024-08-14,2025-08-13,,
MRH_2023_01231,2023,0,Maison,58,3,Confort,150,249.7,49.94,2023-03-01,2024-02-29,,
MRH_2023_01231,2023,1,Maison,58,3,Confort,150,257.19,51.44,2024-03-01,2025-02-28,,
MRH_2023_01232,2023,0,Appartement,81,3,Confort,500,203.78,40.76,2023-03-17,2024-03-16,,
MRH_2023_01232,2023,1,Appartement,81,3,Confort,500,209.89,41.98,2024-03-17,2025-03-16,,
MRH_2023_01233,2023,0,Appartement,67,3,Essentielle,500,156.79,31.36,2023-05-11,2024-05-10,,
MRH_2023_01233,2023,1,Appartement,67,3,Essentielle,500,161.49,32.3,2024-05-11,2025-05-10,,
MRH_2023_01234,2023,0,Maison,91,5,Essentielle,300,317.28,63.46,2023-07-17,2024-07-16,,
MRH_2023_01234,2023,1,Maison,91,5,Essentielle,300,326.8,65.36,2024-07-17,2025-07-16,,
MRH_2023_01235,2023,0,Maison,105,2,Essentielle,500,221.01,44.2,2023-08-08,2024-08-07,,
MRH_2023_01235,2023,1,Maison,105,2,Essentielle,500,227.64,45.53,2024-08-08,2025-08-07,,
MRH_2023_01236,2023,0,Appartement,86,5,Premium,150,442.08,88.42,2023-04-22,2024-04-21,,
MRH_2023_01236,2023,1,Appartement,86,5,Premium,150,455.34,91.07,2024-04-22,2025-04-21,,
MRH_2023_01237,2023,0,Appartement,36,2,Confort,150,160.93,32.19,2023-09-18,2024-09-17,,
MRH_2023_01237,2023,1,Appartement,36,2,Confort,150,165.76,33.15,2024-09-18,2025-09-17,,
MRH_2023_01238,2023,0,Appartement,55,4,Essentielle,300,178.39,35.68,2023-05-19,2024-05-18,,
MRH_2023_01238,2023,1,Appartement,55,4,Essentielle,300,183.74,36.75,2024-05-19,2025-05-18,,
MRH_2023_01239,2023,0,Appartement,84,5,Confort,150,335.61,67.12,2023-08-14,2024-08-13,,
MRH_2023_01239,2023,1,Appartement,84,5,Confort,150,345.68,69.14,2024-08-14,2025-08-13,,
MRH_2023_01240,2023,0,Appartement,84,1,Essentielle,150,179.61,35.92,2023-06-26,2024-06-25,,
MRH_2023_01240,2023,1,Appartement,84,1,Essentielle,150,185.0,37.0,2024-06-26,2025-06-25,,
MRH_2023_01241,2023,0,Maison,114,3,Essentielle,150,290.78,58.16,2023-12-23,2024-12-22,,
MRH_2023_01241,2023,1,Maison,114,3,Essentielle,150,299.5,59.9,2024-12-23,2025-12-22,,
MRH_2023_01242,2023,0,Maison,84,3,Premium,300,345.8,69.16,2023-04-27,2024-04-26,,
MRH_2023_01242,2023,1,Maison,84,3,Premium,300,356.17,71.23,2024-04-27,2025-04-26,,
MRH_2023_01243,2023,0,Maison,51,3,Essentielle,500,169.3,33.86,2023-04-22,2024-04-21,,
MRH_2023_01243,2023,1,Maison,51,3,Essentielle,500,174.38,34.88,2024-04-22,2025-04-21,,
MRH_2023_01244,2023,0,Appartement,21,3,Essentielle,500,102.83,20.57,2023-05-05,2024-05-04,,
MRH_2023_01244,2023,1,Appartement,21,3,Essentielle,500,105.91,21.18,2024-05-05,2025-05-04,,
MRH_2023_01245,2023,0,Maison,195,3,Essentielle,150,404.39,80.88,2023-08-18,2024-08-17,,
MRH_2023_01245,2023,1,Maison,195,3,Essentielle,150,416.52,83.3,2024-08-18,2025-08-17,,
MRH_2023_01246,2023,0,Maison,96,1,Confort,500,222.09,44.42,2023-11-19,2024-11-18,,
MRH_2023_01246,2023,1,Maison,96,1,Confort,500,228.75,45.75,2024-11-19,2025-11-18,,
MRH_2023_01247,2023,0,Appartement,20,4,Premium,300,194.35,38.87,2023-11-16,2024-11-15,,
MRH_2023_01247,2023,1,Appartement,20,4,Premium,300,200.18,40.04,2024-11-16,2025-11-15,,
MRH_2023_01248,2023,0,Maison,101,3,Confort,300,291.5,58.3,2023-02-08,2024-02-07,,
MRH_2023_01248,2023,1,Maison,101,3,Confort,300,300.25,60.05,2024-02-08,2025-02-07,,
MRH_2023_01249,2023,0,Maison,121,5,Essentielle,500,339.41,67.88,2023-02-06,2024-02-05,,
MRH_2023_01249,2023,1,Maison,121,5,Essentielle,500,349.59,69.92,2024-02-06,2025-02-05,,
MRH_2023_01250,2023,0,Appartement,44,1,Confort,300,141.1,28.22,2023-08-27,2024-08-26,,
MRH_2023_01250,2023,1,Appartement,44,1,Confort,300,145.33,29.07,2024-08-27,2025-08-26,,
MRH_2023_01251,2023,0,Appartement,49,2,Confort,500,151.64,30.33,2023-01-18,2024-01-17,,
MRH_2023_01251,2023,1,Appartement,49,2,Confort,500,156.19,31.24,2024-01-18,2025-01-17,,
MRH_2023_01252,2023,0,Appartement,74,2,Confort,500,184.41,36.88,2023-07-13,2024-07-12,,
MRH_2023_01252,2023,1,Appartement,74,2,Confort,500,189.94,37.99,2024-07-13,2025-07-12,,
MRH_2023_01253,2023,0,Appartement,47,3,Essentielle,500,133.33,26.67,2023-07-08,2024-07-07,,
MRH_2023_01253,2023,1,Appartement,47,3,Essentielle,500,137.33,27.47,2024-07-08,2025-07-07,,
MRH_2023_01254,2023,0,Appartement,66,2,Confort,300,189.05,37.81,2023-03-20,2024-03-19,,
MRH_2023_01254,2023,1,Appartement,66,2,Confort,300,194.72,38.94,2024-03-20,2025-03-19,,
MRH_2023_01255,2023,0,Maison,158,4,Essentielle,300,368.52,73.7,2023-09-03,2024-09-02,,
MRH_2023_01255,2023,1,Maison,158,4,Essentielle,300,379.58,75.92,2024-09-03,2025-09-02,,
MRH_2023_01256,2023,0,Appartement,68,2,Essentielle,300,163.11,32.62,2023-09-13,2024-09-12,,
MRH_2023_01256,2023,1,Appartement,68,2,Essentielle,300,168.0,33.6,2024-09-13,2025-09-12,,
MRH_2023_01257,2023,0,Appartement,82,2,Essentielle,300,180.07,36.01,2023-01-02,2024-01-01,,
MRH_2023_01257,2023,1,Appartement,82,2,Essentielle,300,185.47,37.09,2024-01-02,2025-01-01,,
MRH_2023_01258,2023,0,Maison,50,3,Confort,500,197.8,39.56,2023-01-06,2024-01-05,,
MRH_2023_01258,2023,1,Maison,50,3,Confort,500,203.73,40.75,2024-01-06,2025-01-05,,
MRH_2023_01259,2023,0,Appartement,39,1,Confort,500,123.95,24.79,2023-11-13,2024-11-12,,
MRH_2023_01259,2023,1,Appartement,39,1,Confort,500,127.67,25.53,2024-11-13,2025-11-12,,
MRH_2023_01260,2023,0,Maison,75,2,Essentielle,150,224.28,44.86,2023-09-24,2024-09-23,,
MRH_2023_01260,2023,1,Maison,75,2,Essentielle,150,231.01,46.2,2024-09-24,2025-09-23,,
MRH_2023_01261,2023,0,Maison,185,3,Premium,150,597.03,119.41,2023-12-19,2024-12-18,,
MRH_2023_01261,2023,1,Maison,185,3,Premium,150,614.94,122.99,2024-12-19,2025-12-18,,
MRH_2023_01262,2023,0,Appartement,70,3,Essentielle,300,174.25,34.85,2023-07-17,2024-07-16,,
MRH_2023_01262,2023,1,Appartement,70,3,Essentielle,300,179.48,35.9,2024-07-17,2025-07-16,,
MRH_2023_01263,2023,0,Appartement,53,5,Confort,500,222.94,44.59,2023-05-14,2024-05-13,,
MRH_2023_01263,2023,1,Appartement,53,5,Confort,500,229.63,45.93,2024-05-14,2025-05-13,,
MRH_2023_01264,2023,0,Maison,124,3,Confort,300,326.0,65.2,2023-07-01,2024-06-30,,
MRH_2023_01264,2023,1,Maison,124,3,Confort,300,335.78,67.16,2024-07-01,2025-06-30,,
MRH_2023_01265,2023,0,Maison,184,3,Confort,150,457.6,91.52,2023-07-25,2024-07-24,,
MRH_2023_01265,2023,1,Maison,184,3,Confort,150,471.33,94.27,2024-07-25,2025-07-24,,
MRH_2023_01266,2023,0,Appartement,52,3,Confort,300,178.0,35.6,2023-03-26,2024-03-25,,
MRH_2023_01266,2023,1,Appartement,52,3,Confort,300,183.34,36.67,2024-03-26,2025-03-25,,
MRH_2023_01267,2023,0,Appartement,49,5,Confort,150,257.65,51.53,2023-03-13,2024-03-12,,
MRH_2023_01267,2023,1,Appartement,49,5,Confort,150,265.38,53.08,2024-03-13,2025-03-12,,
MRH_2023_01268,2023,0,Appartement,58,3,Confort,300,187.0,37.4,2023-01-25,2024-01-24,,
MRH_2023_01268,2023,1,Appartement,58,3,Confort,300,192.61,38.52,2024-01-25,2025-01-24,,
MRH_2023_01269,2023,0,Appartement,62,1,Confort,500,150.93,30.19,2023-01-09,2024-01-08,,
MRH_2023_01269,2023,1,Appartement,62,1,Confort,500,155.46,31.09,2024-01-09,2025-01-08,,
MRH_2023_01270,2023,0,Maison,50,4,Confort,300,247.25,49.45,2023-11-08,2024-11-07,,
MRH_2023_01270,2023,1,Maison,50,4,Confort,300,254.67,50.93,2024-11-08,2025-11-07,,
MRH_2023_01271,2023,0,Maison,50,5,Essentielle,150,271.38,54.28,2023-07-23,2024-07-22,,
MRH_2023_01271,2023,1,Maison,50,5,Essentielle,150,279.52,55.9,2024-07-23,2025-07-22,,
MRH_2023_01272,2023,0,Appartement,60,1,Confort,150,177.65,35.53,2023-03-07,2024-03-06,,
MRH_2023_01272,2023,1,Appartement,60,1,Confort,150,182.98,36.6,2024-03-07,2025-03-06,,
MRH_2023_01273,2023,0,Maison,160,2,Premium,500,431.76,86.35,2023-03-24,2024-03-23,,
MRH_2023_01273,2023,1,Maison,160,2,Premium,500,444.71,88.94,2024-03-24,2025-03-23,,
MRH_2023_01274,2023,0,Appartement,71,1,Essentielle,300,149.2,29.84,2023-12-22,2024-12-21,,
MRH_2023_01274,2023,1,Appartement,71,1,Essentielle,300,153.68,30.74,2024-12-22,2025-12-21,,
MRH_2023_01275,2023,0,Appartement,89,2,Essentielle,300,188.55,37.71,2023-10-23,2024-10-22,,
MRH_2023_01275,2023,1,Appartement,89,2,Essentielle,300,194.21,38.84,2024-10-23,2025-10-22,,
MRH_2023_01276,2023,0,Maison,87,3,Essentielle,300,229.92,45.98,2023-12-24,2024-12-23,,
MRH_2023_01276,2023,1,Maison,87,3,Essentielle,300,236.82,47.36,2024-12-24,2025-12-23,,
MRH_2023_01277,2023,0,Maison,152,3,Essentielle,300,312.8,62.56,2023-03-16,2024-03-15,,
MRH_2023_01277,2023,1,Maison,152,3,Essentielle,300,322.18,64.44,2024-03-16,2025-03-15,,
MRH_2023_01278,2023,0,Maison,174,2,Essentielle,150,356.19,71.24,2023-09-15,2024-09-14,,
MRH_2023_01278,2023,1,Maison,174,2,Essentielle,150,366.88,73.38,2024-09-15,2025-09-14,,
MRH_2023_01279,2023,0,Appartement,50,2,Confort,300,166.25,33.25,2023-06-21,2024-06-20,,
MRH_2023_01279,2023,1,Appartement,50,2,Confort,300,57.7,11.54,2024-06-21,2024-10-21,2024-10-21,Concurrent moins cher
MRH_2023_01280,2023,0,Appartement,67,5,Confort,300,270.68,54.14,2023-06-20,2024-06-19,,
MRH_2023_01280,2023,1,Appartement,67,5,Confort,300,278.8,55.76,2024-06-20,2025-06-19,,
MRH_2023_01281,2023,0,Maison,66,2,Confort,150,249.75,49.95,2023-12-07,2024-12-06,,
MRH_2023_01281,2023,1,Maison,66,2,Confort,150,257.24,51.45,2024-12-07,2025-12-06,,
MRH_2023_01282,2023,0,Appartement,51,1,Confort,500,138.02,27.6,2023-06-19,2024-06-18,,
MRH_2023_01282,2023,1,Appartement,51,1,Confort,500,142.16,28.43,2024-06-19,2025-06-18,,
MRH_2023_01283,2023,0,Appartement,57,4,Confort,500,196.26,39.25,2023-04-06,2024-04-05,,
MRH_2023_01283,2023,1,Appartement,57,4,Confort,500,68.12,13.62,2024-04-06,2024-08-06,2024-08-06,Prix trop élevé
MRH_2023_01284,2023,0,Appartement,109,4,Essentielle,300,257.57,51.51,2023-08-28,2024-08-27,,
MRH_2023_01284,2023,1,Appartement,109,4,Essentielle,300,45.06,9.01,2024-08-28,2024-10-28,2024-10-28,Déménagement
MRH_2023_01285,2023,0,Appartement,74,3,Essentielle,150,197.28,39.46,2023-04-18,2024-04-17,,
MRH_2023_01285,2023,1,Appartement,74,3,Essentielle,150,203.2,40.64,2024-04-18,2025-04-17,,
MRH_2023_01286,2023,0,Maison,80,3,Confort,300,260.0,52.0,2023-09-03,2024-09-02,,
MRH_2023_01286,2023,1,Maison,80,3,Confort,300,267.8,53.56,2024-09-03,2025-09-02,,
MRH_2023_01287,2023,0,Maison,212,4,Confort,500,484.56,96.91,2023-09-15,2024-09-14,,
MRH_2023_01287,2023,1,Maison,212,4,Confort,500,499.1,99.82,2024-09-15,2025-09-14,,
MRH_2023_01288,2023,0,Maison,93,3,Confort,500,257.14,51.43,2023-11-12,2024-11-11,,
MRH_2023_01288,2023,1,Maison,93,3,Confort,500,264.85,52.97,2024-11-12,2025-11-11,,
MRH_2023_01289,2023,0,Maison,162,2,Confort,300,363.85,72.77,2023-07-12,2024-07-11,,
MRH_2023_01289,2023,1,Maison,162,2,Confort,300,374.77,74.95,2024-07-12,2025-07-11,,
MRH_2023_01290,2023,0,Maison,65,1,Confort,300,201.88,40.38,2023-01-19,2024-01-18,,
MRH_2023_01290,2023,1,Maison,65,1,Confort,300,207.94,41.59,2024-01-19,2025-01-18,,
MRH_2023_01291,2023,0,Appartement,52,5,Confort,150,264.33,52.87,2023-11-09,2024-11-08,,
MRH_2023_01291,2023,1,Appartement,52,5,Confort,150,272.26,54.45,2024-11-09,2025-11-08,,
MRH_2023_01292,2023,0,Appartement,79,5,Confort,300,294.98,59.0,2023-11-02,2024-11-01,,
MRH_2023_01292,2023,1,Appartement,79,5,Confort,300,303.83,60.77,2024-11-02,2025-11-01,,
MRH_2023_01293,2023,0,Maison,179,5,Confort,500,507.36,101.47,2023-03-16,2024-03-15,,
MRH_2023_01293,2023,1,Maison,179,5,Confort,500,522.58,104.52,2024-03-16,2025-03-15,,
MRH_2023_01294,2023,0,Maison,50,3,Essentielle,300,182.75,36.55,2023-01-20,2024-01-19,,
MRH_2023_01294,2023,1,Maison,50,3,Essentielle,300,188.23,37.65,2024-01-20,2025-01-19,,
MRH_2023_01295,2023,0,Appartement,60,1,Confort,150,177.65,35.53,2023-01-15,2024-01-14,,
MRH_2023_01295,2023,1,Appartement,60,1,Confort,150,182.98,36.6,2024-01-15,2025-01-14,,
MRH_2023_01296,2023,0,Appartement,20,1,Confort,300,110.5,22.1,2023-11-20,2024-11-19,,
MRH_2023_01296,2023,1,Appartement,20,1,Confort,300,113.81,22.76,2024-11-20,2025-11-19,,
MRH_2023_01297,2023,0,Appartement,39,4,Essentielle,300,154.93,30.99,2023-09-01,2024-08-31,,
MRH_2023_01297,2023,1,Appartement,39,4,Essentielle,300,159.58,31.92,2024-09-01,2025-08-31,,
MRH_2023_01298,2023,0,Appartement,20,4,Confort,150,164.45,32.89,2023-04-27,2024-04-26,,
MRH_2023_01298,2023,1,Appartement,20,4,Confort,150,169.38,33.88,2024-04-27,2025-04-26,,
MRH_2023_01299,2023,0,Appartement,63,1,Confort,500,152.1,30.42,2023-03-21,2024-03-20,,
MRH_2023_01299,2023,1,Appartement,63,1,Confort,500,156.66,31.33,2024-03-21,2025-03-20,,
MRH_2023_01300,2023,0,Maison,144,1,Essentielle,300,257.21,51.44,2023-02-11,2024-02-10,,
MRH_2023_01300,2023,1,Maison,144,1,Essentielle,300,264.93,52.99,2024-02-11,2025-02-10,,
MRH_2023_01301,2023,0,Maison,199,1,Premium,300,484.54,96.91,2023-12-03,2024-12-02,,
MRH_2023_01301,2023,1,Maison,199,1,Premium,300,499.08,99.82,2024-12-03,2025-12-02,,
MRH_2023_01302,2023,0,Appartement,94,5,Confort,150,357.89,71.58,2023-04-21,2024-04-20,,
MRH_2023_01302,2023,1,Appartement,94,5,Confort,150,368.63,73.73,2024-04-21,2025-04-20,,
MRH_2023_01303,2023,0,Appartement,61,4,Confort,300,220.22,44.04,2023-12-25,2024-12-24,,
MRH_2023_01303,2023,1,Appartement,61,4,Confort,300,226.83,45.37,2024-12-25,2025-12-24,,
MRH_2023_01304,2023,0,Appartement,46,2,Essentielle,300,136.47,27.29,2023-03-19,2024-03-18,,
MRH_2023_01304,2023,1,Appartement,46,2,Essentielle,300,140.56,28.11,2024-03-19,2025-03-18,,
MRH_2023_01305,2023,0,Appartement,84,2,Essentielle,500,167.9,33.58,2023-05-03,2024-05-02,,
MRH_2023_01305,2023,1,Appartement,84,2,Essentielle,500,172.94,34.59,2024-05-03,2025-05-02,,
MRH_2023_01306,2023,0,Appartement,112,2,Confort,500,234.23,46.85,2023-11-22,2024-11-21,,
MRH_2023_01306,2023,1,Appartement,112,2,Confort,500,241.26,48.25,2024-11-22,2025-11-21,,
MRH_2023_01307,2023,0,Appartement,77,3,Essentielle,500,168.52,33.7,2023-06-21,2024-06-20,,
MRH_2023_01307,2023,1,Appartement,77,3,Essentielle,500,173.58,34.72,2024-06-21,2025-06-20,,
MRH_2023_01308,2023,0,Maison,85,2,Confort,300,254.12,50.82,2023-02-17,2024-02-16,,
MRH_2023_01308,2023,1,Maison,85,2,Confort,300,261.74,52.35,2024-02-17,2025-02-16,,
MRH_2023_01309,2023,0,Appartement,58,1,Confort,300,158.95,31.79,2023-08-05,2024-08-04,,
MRH_2023_01309,2023,1,Appartement,58,1,Confort,300,163.72,32.74,2024-08-05,2025-08-04,,
MRH_2023_01310,2023,0,Appartement,66,3,Confort,150,218.9,43.78,2023-06-23,2024-06-22,,
MRH_2023_01310,2023,1,Appartement,66,3,Confort,150,225.47,45.09,2024-06-23,2025-06-22,,
MRH_2023_01311,2023,0,Appartement,76,3,Essentielle,150,200.09,40.02,2023-03-12,2024-03-11,,
MRH_2023_01311,2023,1,Appartement,76,3,Essentielle,150,206.09,41.22,2024-03-12,2025-03-11,,
MRH_2023_01312,2023,0,Appartement,56,2,Essentielle,500,136.69,27.34,2023-10-19,2024-10-18,,
MRH_2023_01312,2023,1,Appartement,56,2,Essentielle,500,140.79,28.16,2024-10-19,2025-10-18,,
MRH_2023_01313,2023,0,Maison,90,3,Confort,500,253.0,50.6,2023-11-13,2024-11-12,,
MRH_2023_01313,2023,1,Maison,90,3,Confort,500,260.59,52.12,2024-11-13,2025-11-12,,
MRH_2023_01314,2023,0,Maison,124,4,Confort,150,412.39,82.48,2023-07-14,2024-07-13,,
MRH_2023_01314,2023,1,Maison,124,4,Confort,150,424.76,84.95,2024-07-14,2025-07-13,,
MRH_2023_01315,2023,0,Maison,112,3,Premium,300,400.4,80.08,2023-10-25,2024-10-24,,
MRH_2023_01315,2023,1,Maison,112,3,Premium,300,412.41,82.48,2024-10-25,2025-10-24,,
MRH_2023_01316,2023,0,Maison,125,4,Essentielle,150,352.14,70.43,2023-05-26,2024-05-25,,
MRH_2023_01316,2023,1,Maison,125,4,Essentielle,150,362.7,72.54,2024-05-26,2025-05-25,,
MRH_2023_01317,2023,0,Maison,96,1,Essentielle,300,205.19,41.04,2023-05-10,2024-05-09,,
MRH_2023_01317,2023,1,Maison,96,1,Essentielle,300,211.35,42.27,2024-05-10,2025-05-09,,
MRH_2023_01318,2023,0,Appartement,68,2,Essentielle,300,163.11,32.62,2023-03-22,2024-03-21,,
MRH_2023_01318,2023,1,Appartement,68,2,Essentielle,300,168.0,33.6,2024-03-22,2025-03-21,,
MRH_2023_01319,2023,0,Maison,143,1,Confort,500,277.22,55.44,2023-12-07,2024-12-06,,
MRH_2023_01319,2023,1,Maison,143,1,Confort,500,285.54,57.11,2024-12-07,2025-12-06,,
MRH_2023_01320,2023,0,Maison,120,4,Confort,150,404.8,80.96,2023-07-05,2024-07-04,,
MRH_2023_01320,2023,1,Maison,120,4,Confort,150,416.94,83.39,2024-07-05,2025-07-04,,
MRH_2023_01321,2023,0,Maison,91,2,Confort,500,241.66,48.33,2023-10-13,2024-10-12,,
MRH_2023_01321,2023,1,Maison,91,2,Confort,500,248.91,49.78,2024-10-13,2025-10-12,,
MRH_2023_01322,2023,0,Appartement,78,3,Premium,150,310.31,62.06,2023-04-20,2024-04-19,,
MRH_2023_01322,2023,1,Appartement,78,3,Premium,150,319.62,63.92,2024-04-20,2025-04-19,,
MRH_2023_01323,2023,0,Appartement,45,1,Confort,500,130.99,26.2,2023-02-21,2024-02-20,,
MRH_2023_01323,2023,1,Appartement,45,1,Confort,500,134.92,26.98,2024-02-21,2025-02-20,,
MRH_2023_01324,2023,0,Appartement,87,1,Essentielle,150,183.19,36.64,2023-06-13,2024-06-12,,
MRH_2023_01324,2023,1,Appartement,87,1,Essentielle,150,188.69,37.74,2024-06-13,2025-06-12,,
MRH_2023_01325,2023,0,Appartement,59,4,Essentielle,500,169.52,33.9,2023-03-06,2024-03-05,,
MRH_2023_01325,2023,1,Appartement,59,4,Essentielle,500,174.61,34.92,2024-03-06,2025-03-05,,
MRH_2023_01326,2023,0,Appartement,89,1,Premium,300,258.02,51.6,2023-11-24,2024-11-23,,
MRH_2023_01326,2023,1,Appartement,89,1,Premium,300,265.76,53.15,2024-11-24,2025-11-23,,
MRH_2023_01327,2023,0,Maison,122,2,Confort,500,282.3,56.46,2023-11-15,2024-11-14,,
MRH_2023_01327,2023,1,Maison,122,2,Confort,500,266.87,53.37,2024-11-15,2025-10-15,2025-10-15,Insatisfaction service
MRH_2023_01328,2023,0,Appartement,61,1,Confort,150,179.05,35.81,2023-10-26,2024-10-25,,
MRH_2023_01328,2023,1,Appartement,61,1,Confort,150,184.42,36.88,2024-10-26,2025-10-25,,
MRH_2023_01329,2023,0,Appartement,45,2,Confort,300,159.12,31.82,2023-02-26,2024-02-25,,
MRH_2023_01329,2023,1,Appartement,45,2,Confort,300,163.89,32.78,2024-02-26,2025-02-25,,
MRH_2023_01330,2023,0,Appartement,85,4,Premium,150,374.12,74.82,2023-03-01,2024-02-29,,
MRH_2023_01330,2023,1,Appartement,85,4,Premium,150,385.34,77.07,2024-03-01,2025-02-28,,
MRH_2023_01331,2023,0,Maison,97,4,Confort,500,302.06,60.41,2023-07-02,2024-07-01,,
MRH_2023_01331,2023,1,Maison,97,4,Confort,500,311.12,62.22,2024-07-02,2025-07-01,,
MRH_2023_01332,2023,0,Appartement,56,4,Confort,150,232.76,46.55,2023-10-22,2024-10-21,,
MRH_2023_01332,2023,1,Appartement,56,4,Confort,150,239.74,47.95,2024-10-22,2025-10-21,,
MRH_2023_01333,2023,0,Appartement,45,1,Essentielle,300,121.02,24.2,2023-06-14,2024-06-13,,
MRH_2023_01333,2023,1,Appartement,45,1,Essentielle,300,62.84,12.57,2024-06-14,2024-12-14,2024-12-14,Concurrent moins cher
MRH_2023_01334,2023,0,Maison,59,3,Confort,150,251.35,50.27,2023-09-24,2024-09-23,,
MRH_2023_01334,2023,1,Maison,59,3,Confort,150,258.89,51.78,2024-09-24,2025-09-23,,
MRH_2023_01335,2023,0,Appartement,52,1,Confort,300,151.3,30.26,2023-06-15,2024-06-14,,
MRH_2023_01335,2023,1,Appartement,52,1,Confort,300,155.84,31.17,2024-06-15,2025-06-14,,
MRH_2023_01336,2023,0,Appartement,62,4,Premium,500,265.45,53.09,2023-01-03,2024-01-02,,
MRH_2023_01336,2023,1,Appartement,62,4,Premium,500,273.41,54.68,2024-01-03,2025-01-02,,
MRH_2023_01337,2023,0,Appartement,33,4,Essentielle,150,160.75,32.15,2023-06-21,2024-06-20,,
MRH_2023_01337,2023,1,Appartement,33,4,Essentielle,150,165.57,33.11,2024-06-21,2025-06-20,,
MRH_2023_01338,2023,0,Appartement,39,1,Premium,300,175.14,35.03,2023-12-21,2024-12-20,,
MRH_2023_01338,2023,1,Appartement,39,1,Premium,300,180.39,36.08,2024-12-21,2025-12-20,,
MRH_2023_01339,2023,0,Appartement,120,4,Confort,300,322.0,64.4,2023-10-17,2024-10-16,,
MRH_2023_01339,2023,1,Appartement,120,4,Confort,300,331.66,66.33,2024-10-17,2025-10-16,,
MRH_2023_01340,2023,0,Maison,65,3,Essentielle,500,185.72,37.14,2023-04-25,2024-04-24,,
MRH_2023_01340,2023,1,Maison,65,3,Essentielle,500,191.29,38.26,2024-04-25,2025-04-24,,
MRH_2023_01341,2023,0,Appartement,58,3,Essentielle,500,146.23,29.25,2023-03-22,2024-03-21,,
MRH_2023_01341,2023,1,Appartement,58,3,Essentielle,500,150.62,30.12,2024-03-22,2025-03-21,,
MRH_2023_01342,2023,0,Appartement,50,2,Confort,300,166.25,33.25,2023-05-09,2024-05-08,,
MRH_2023_01342,2023,1,Appartement,50,2,Confort,300,171.24,34.25,2024-05-09,2025-05-08,,
MRH_2023_01343,2023,0,Maison,108,2,Confort,300,286.9,57.38,2023-02-20,2024-02-19,,
MRH_2023_01343,2023,1,Maison,108,2,Confort,300,295.51,59.1,2024-02-20,2025-02-19,,
MRH_2023_01344,2023,0,Maison,106,4,Confort,300,343.85,68.77,2023-09-13,2024-09-12,,
MRH_2023_01344,2023,1,Maison,106,4,Confort,300,354.17,70.83,2024-09-13,2025-09-12,,
MRH_2023_01345,2023,0,Appartement,52,4,Essentielle,500,160.08,32.02,2023-04-18,2024-04-17,,
MRH_2023_01345,2023,1,Appartement,52,4,Essentielle,500,164.88,32.98,2024-04-18,2025-04-17,,
MRH_2023_01346,2023,0,Maison,149,2,Essentielle,150,322.88,64.58,2023-11-16,2024-11-15,,
MRH_2023_01346,2023,1,Maison,149,2,Essentielle,150,332.57,66.51,2024-11-16,2025-11-15,,
MRH_2023_01347,2023,0,Appartement,84,2,Essentielle,300,182.49,36.5,2023-08-22,2024-08-21,,
MRH_2023_01347,2023,1,Appartement,84,2,Essentielle,300,187.96,37.59,2024-08-22,2025-08-21,,
MRH_2023_01348,2023,0,Appartement,134,3,Confort,500,276.92,55.38,2023-07-25,2024-07-24,,
MRH_2023_01348,2023,1,Appartement,134,3,Confort,500,120.35,24.07,2024-07-25,2024-12-25,2024-12-25,Vente du bien
MRH_2023_01349,2023,0,Maison,158,3,Confort,150,414.7,82.94,2023-02-13,2024-02-12,,
MRH_2023_01349,2023,1,Maison,158,3,Confort,150,427.14,85.43,2024-02-13,2025-02-12,,
MRH_2023_01350,2023,0,Maison,117,3,Essentielle,300,268.18,53.64,2023-12-13,2024-12-12,,
MRH_2023_01350,2023,1,Maison,117,3,Essentielle,300,276.23,55.25,2024-12-13,2025-12-12,,
MRH_2023_01351,2023,0,Appartement,75,2,Confort,150,222.06,44.41,2023-11-22,2024-11-21,,
MRH_2023_01351,2023,1,Appartement,75,2,Confort,150,228.72,45.74,2024-11-22,2025-11-21,,
MRH_2023_01352,2023,0,Maison,204,2,Confort,500,389.8,77.96,2023-04-28,2024-04-27,,
MRH_2023_01352,2023,1,Maison,204,2,Confort,500,401.49,80.3,2024-04-28,2025-04-27,,
MRH_2023_01353,2023,0,Maison,99,2,Premium,500,327.79,65.56,2023-05-01,2024-04-30,,
MRH_2023_01353,2023,1,Maison,99,2,Premium,500,337.62,67.52,2024-05-01,2025-04-30,,
MRH_2023_01354,2023,0,Appartement,120,3,Essentielle,150,261.8,52.36,2023-07-19,2024-07-18,,
MRH_2023_01354,2023,1,Appartement,120,3,Essentielle,150,269.65,53.93,2024-07-19,2025-07-18,,
MRH_2023_01355,2023,0,Maison,71,3,Essentielle,150,230.48,46.1,2023-10-19,2024-10-18,,
MRH_2023_01355,2023,1,Maison,71,3,Essentielle,150,237.39,47.48,2024-10-19,2025-10-18,,
MRH_2023_01356,2023,0,Maison,150,2,Essentielle,500,271.16,54.23,2023-11-03,2024-11-02,,
MRH_2023_01356,2023,1,Maison,150,2,Essentielle,500,279.29,55.86,2024-11-03,2025-11-02,,
MRH_2023_01357,2023,0,Appartement,29,2,Confort,300,136.32,27.26,2023-03-15,2024-03-14,,
MRH_2023_01357,2023,1,Appartement,29,2,Confort,300,140.41,28.08,2024-03-15,2025-03-14,,
MRH_2023_01358,2023,0,Maison,77,2,Premium,300,315.54,63.11,2023-06-05,2024-06-04,,
MRH_2023_01358,2023,1,Maison,77,2,Premium,300,325.01,65.0,2024-06-05,2025-06-04,,
MRH_2023_01359,2023,0,Maison,131,2,Confort,300,319.68,63.94,2023-03-15,2024-03-14,,
MRH_2023_01359,2023,1,Maison,131,2,Confort,300,329.27,65.85,2024-03-15,2025-03-14,,
MRH_2023_01360,2023,0,Appartement,91,3,Essentielle,300,201.03,40.21,2023-04-15,2024-04-14,,
MRH_2023_01360,2023,1,Appartement,91,3,Essentielle,300,207.06,41.41,2024-04-15,2025-04-14,,
MRH_2023_01361,2023,0,Appartement,64,3,Confort,500,180.32,36.06,2023-07-03,2024-07-02,,
MRH_2023_01361,2023,1,Appartement,64,3,Confort,500,185.73,37.15,2024-07-03,2025-07-02,,
MRH_2023_01362,2023,0,Maison,59,4,Confort,150,289.05,57.81,2023-08-16,2024-08-15,,
MRH_2023_01362,2023,1,Maison,59,4,Confort,150,297.72,59.54,2024-08-16,2025-08-15,,
MRH_2023_01363,2023,0,Appartement,82,3,Essentielle,500,174.39,34.88,2023-12-17,2024-12-16,,
MRH_2023_01363,2023,1,Appartement,82,3,Essentielle,500,179.62,35.92,2024-12-17,2025-12-16,,
MRH_2023_01364,2023,0,Appartement,21,4,Essentielle,300,128.54,25.71,2023-10-25,2024-10-24,,
MRH_2023_01364,2023,1,Appartement,21,4,Essentielle,300,132.4,26.48,2024-10-25,2025-10-24,,
MRH_2023_01365,2023,0,Maison,80,1,Essentielle,500,172.82,34.56,2023-04-09,2024-04-08,,
MRH_2023_01365,2023,1,Maison,80,1,Essentielle,500,178.0,35.6,2024-04-09,2025-04-08,,
MRH_2023_01366,2023,0,Maison,163,1,Premium,500,390.88,78.18,2023-04-25,2024-04-24,,
MRH_2023_01366,2023,1,Maison,163,1,Premium,500,402.61,80.52,2024-04-25,2025-04-24,,
MRH_2023_01367,2023,0,Appartement,23,3,Confort,150,147.95,29.59,2023-03-05,2024-03-04,,
MRH_2023_01367,2023,1,Appartement,23,3,Confort,150,152.39,30.48,2024-03-05,2025-03-04,,
MRH_2023_01368,2023,0,Appartement,79,4,Confort,300,251.27,50.25,2023-05-23,2024-05-22,,
MRH_2023_01368,2023,1,Appartement,79,4,Confort,300,258.81,51.76,2024-05-23,2025-05-22,,
MRH_2023_01369,2023,0,Maison,77,2,Confort,300,242.72,48.54,2023-03-20,2024-03-19,,
MRH_2023_01369,2023,1,Maison,77,2,Confort,300,250.0,50.0,2024-03-20,2025-03-19,,
MRH_2023_01370,2023,0,Appartement,69,3,Essentielle,300,172.97,34.59,2023-10-10,2024-10-09,,
MRH_2023_01370,2023,1,Appartement,69,3,Essentielle,300,178.16,35.63,2024-10-10,2025-10-09,,
MRH_2023_01371,2023,0,Appartement,45,4,Confort,500,177.21,35.44,2023-10-06,2024-10-05,,
MRH_2023_01371,2023,1,Appartement,45,4,Confort,500,182.53,36.51,2024-10-06,2025-10-05,,
MRH_2023_01372,2023,0,Maison,155,3,Confort,300,372.5,74.5,2023-07-28,2024-07-27,,
MRH_2023_01372,2023,1,Maison,155,3,Confort,300,383.68,76.74,2024-07-28,2025-07-27,,
MRH_2023_01373,2023,0,Maison,151,3,Confort,150,403.15,80.63,2023-06-08,2024-06-07,,
MRH_2023_01373,2023,1,Maison,151,3,Confort,150,415.24,83.05,2024-06-08,2025-06-07,,
MRH_2023_01374,2023,0,Appartement,44,2,Confort,150,173.47,34.69,2023-11-07,2024-11-06,,
MRH_2023_01374,2023,1,Appartement,44,2,Confort,150,178.67,35.73,2024-11-07,2025-11-06,,
MRH_2023_01375,2023,0,Appartement,111,4,Premium,300,398.42,79.68,2023-12-07,2024-12-06,,
MRH_2023_01375,2023,1,Appartement,111,4,Premium,300,410.37,82.07,2024-12-07,2025-12-06,,
MRH_2023_01376,2023,0,Appartement,36,3,Premium,150,220.22,44.04,2023-05-18,2024-05-17,,
MRH_2023_01376,2023,1,Appartement,36,3,Premium,150,226.83,45.37,2024-05-18,2025-05-17,,
MRH_2023_01377,2023,0,Maison,104,4,Confort,300,340.4,68.08,2023-04-09,2024-04-08,,
MRH_2023_01377,2023,1,Maison,104,4,Confort,300,350.61,70.12,2024-04-09,2025-04-08,,
MRH_2023_01378,2023,0,Appartement,62,5,Premium,300,338.72,67.74,2023-12-23,2024-12-22,,
MRH_2023_01378,2023,1,Appartement,62,5,Premium,300,348.88,69.78,2024-12-23,2025-12-22,,
MRH_2023_01379,2023,0,Appartement,40,1,Essentielle,150,127.16,25.43,2023-03-17,2024-03-16,,
MRH_2023_01379,2023,1,Appartement,40,1,Essentielle,150,130.97,26.19,2024-03-17,2025-03-16,,
MRH_2023_01380,2023,0,Appartement,44,2,Confort,500,145.08,29.02,2023-08-04,2024-08-03,,
MRH_2023_01380,2023,1,Appartement,44,2,Confort,500,149.43,29.89,2024-08-04,2025-08-03,,
MRH_2023_01381,2023,0,Maison,96,2,Essentielle,150,252.26,50.45,2023-08-07,2024-08-06,,
MRH_2023_01381,2023,1,Maison,96,2,Essentielle,150,259.83,51.97,2024-08-07,2025-08-06,,
MRH_2023_01382,2023,0,Appartement,97,3,Essentielle,150,229.54,45.91,2023-10-14,2024-10-13,,
MRH_2023_01382,2023,1,Appartement,97,3,Essentielle,150,236.43,47.29,2024-10-14,2025-10-13,,
MRH_2023_01383,2023,0,Appartement,97,2,Premium,500,278.94,55.79,2023-01-09,2024-01-08,,
MRH_2023_01383,2023,1,Appartement,97,2,Premium,500,287.31,57.46,2024-01-09,2025-01-08,,
MRH_2023_01384,2023,0,Maison,74,3,Essentielle,500,196.28,39.26,2023-09-10,2024-09-09,,
MRH_2023_01384,2023,1,Maison,74,3,Essentielle,500,202.17,40.43,2024-09-10,2025-09-09,,
MRH_2023_01385,2023,0,Appartement,77,2,Confort,300,204.72,40.94,2023-11-15,2024-11-14,,
MRH_2023_01385,2023,1,Appartement,77,2,Confort,300,210.86,42.17,2024-11-15,2025-11-14,,
MRH_2023_01386,2023,0,Maison,97,2,Essentielle,500,212.1,42.42,2023-08-06,2024-08-05,,
MRH_2023_01386,2023,1,Maison,97,2,Essentielle,500,218.46,43.69,2024-08-06,2025-08-05,,
MRH_2023_01387,2023,0,Maison,111,4,Essentielle,300,299.6,59.92,2023-04-25,2024-04-24,,
MRH_2023_01387,2023,1,Maison,111,4,Essentielle,300,308.59,61.72,2024-04-25,2025-04-24,,
MRH_2023_01388,2023,0,Appartement,55,2,Essentielle,500,135.58,27.12,2023-02-22,2024-02-21,,
MRH_2023_01388,2023,1,Appartement,55,2,Essentielle,500,139.65,27.93,2024-02-22,2025-02-21,,
MRH_2023_01389,2023,0,Maison,99,2,Confort,300,274.07,54.81,2023-03-20,2024-03-19,,
MRH_2023_01389,2023,1,Maison,99,2,Confort,300,282.29,56.46,2024-03-20,2025-03-19,,
MRH_2023_01390,2023,0,Appartement,58,3,Confort,500,172.04,34.41,2023-12-09,2024-12-08,,
MRH_2023_01390,2023,1,Appartement,58,3,Confort,500,177.2,35.44,2024-12-09,2025-12-08,,
MRH_2023_01391,2023,0,Appartement,108,2,Essentielle,300,211.56,42.31,2023-12-11,2024-12-10,,
MRH_2023_01391,2023,1,Appartement,108,2,Essentielle,300,217.91,43.58,2024-12-11,2025-12-10,,
MRH_2023_01392,2023,0,Appartement,45,2,Confort,500,146.4,29.28,2023-01-14,2024-01-13,,
MRH_2023_01392,2023,1,Appartement,45,2,Confort,500,150.79,30.16,2024-01-14,2025-01-13,,
MRH_2023_01393,2023,0,Maison,187,1,Confort,300,357.43,71.49,2023-11-23,2024-11-22,,
MRH_2023_01393,2023,1,Maison,187,1,Confort,300,368.15,73.63,2024-11-23,2025-11-22,,
MRH_2023_01394,2023,0,Maison,109,1,Confort,500,237.34,47.47,2023-06-18,2024-06-17,,
MRH_2023_01394,2023,1,Maison,109,1,Confort,500,244.46,48.89,2024-06-18,2025-06-17,,
MRH_2023_01395,2023,0,Appartement,71,4,Essentielle,300,201.85,40.37,2023-03-11,2024-03-10,,
MRH_2023_01395,2023,1,Appartement,71,4,Essentielle,300,207.91,41.58,2024-03-11,2025-03-10,,
MRH_2023_01396,2023,0,Maison,166,3,Premium,150,556.27,111.25,2023-11-13,2024-11-12,,
MRH_2023_01396,2023,1,Maison,166,3,Premium,150,572.96,114.59,2024-11-13,2025-11-12,,
MRH_2023_01397,2023,0,Maison,87,3,Confort,150,297.55,59.51,2023-01-21,2024-01-20,,
MRH_2023_01397,2023,1,Maison,87,3,Confort,150,306.48,61.3,2024-01-21,2025-01-20,,
MRH_2023_01398,2023,0,Appartement,66,3,Essentielle,500,155.62,31.12,2023-03-24,2024-03-23,,
MRH_2023_01398,2023,1,Appartement,66,3,Essentielle,500,160.29,32.06,2024-03-24,2025-03-23,,
MRH_2023_01399,2023,0,Maison,111,4,Confort,300,352.47,70.49,2023-09-03,2024-09-02,,
MRH_2023_01399,2023,1,Maison,111,4,Confort,300,363.04,72.61,2024-09-03,2025-09-02,,
MRH_2023_01400,2023,0,Appartement,20,3,Confort,300,130.0,26.0,2023-12-01,2024-11-30,,
MRH_2023_01400,2023,1,Appartement,20,3,Confort,300,133.9,26.78,2024-12-01,2025-11-30,,
MRH_2023_01401,2023,0,Maison,162,3,Premium,300,497.9,99.58,2023-08-24,2024-08-23,,
MRH_2023_01401,2023,1,Maison,162,3,Premium,300,512.84,102.57,2024-08-24,2025-08-23,,
MRH_2023_01402,2023,0,Appartement,36,3,Confort,300,154.0,30.8,2023-04-22,2024-04-21,,
MRH_2023_01402,2023,1,Appartement,36,3,Confort,300,158.62,31.72,2024-04-22,2025-04-21,,
MRH_2023_01403,2023,0,Appartement,20,1,Confort,500,101.66,20.33,2023-07-26,2024-07-25,,
MRH_2023_01403,2023,1,Appartement,20,1,Confort,500,104.71,20.94,2024-07-26,2025-07-25,,
MRH_2023_01404,2023,0,Appartement,29,3,Premium,300,186.55,37.31,2023-01-19,2024-01-18,,
MRH_2023_01404,2023,1,Appartement,29,3,Premium,300,192.15,38.43,2024-01-19,2025-01-18,,
MRH_2023_01405,2023,0,Appartement,20,4,Confort,300,149.5,29.9,2023-11-03,2024-11-02,,
MRH_2023_01405,2023,1,Appartement,20,4,Confort,300,153.99,30.8,2024-11-03,2025-11-02,,
MRH_2023_01406,2023,0,Appartement,63,5,Confort,300,262.58,52.52,2023-09-28,2024-09-27,,
MRH_2023_01406,2023,1,Appartement,63,5,Confort,300,270.46,54.09,2024-09-28,2025-09-27,,
MRH_2023_01407,2023,0,Appartement,29,2,Essentielle,500,106.61,21.32,2023-05-15,2024-05-14,,
MRH_2023_01407,2023,1,Appartement,29,2,Essentielle,500,109.81,21.96,2024-05-15,2025-05-14,,
MRH_2023_01408,2023,0,Maison,131,3,Confort,150,370.15,74.03,2023-03-21,2024-03-20,,
MRH_2023_01408,2023,1,Maison,131,3,Confort,150,381.25,76.25,2024-03-21,2025-03-20,,
MRH_2023_01409,2023,0,Appartement,72,5,Premium,500,335.84,67.17,2023-10-10,2024-10-09,,
MRH_2023_01409,2023,1,Appartement,72,5,Premium,500,201.86,40.37,2024-10-10,2025-05-10,2025-05-10,Déménagement
MRH_2023_01410,2023,0,Appartement,24,2,Essentielle,300,109.82,21.96,2023-10-22,2024-10-21,,
MRH_2023_01410,2023,1,Appartement,24,2,Essentielle,300,113.11,22.62,2024-10-22,2025-10-21,,
MRH_2023_01411,2023,0,Appartement,55,4,Premium,300,272.84,54.57,2023-04-25,2024-04-24,,
MRH_2023_01411,2023,1,Appartement,55,4,Premium,300,281.03,56.21,2024-04-25,2025-04-24,,
MRH_2023_01412,2023,0,Appartement,51,1,Confort,150,165.03,33.01,2023-03-18,2024-03-17,,
MRH_2023_01412,2023,1,Appartement,51,1,Confort,150,169.98,34.0,2024-03-18,2025-03-17,,
MRH_2023_01413,2023,0,Appartement,104,3,Essentielle,300,217.6,43.52,2023-07-09,2024-07-08,,
MRH_2023_01413,2023,1,Appartement,104,3,Essentielle,300,224.13,44.83,2024-07-09,2025-07-08,,
MRH_2023_01414,2023,0,Maison,53,4,Essentielle,500,197.4,39.48,2023-02-27,2024-02-26,,
MRH_2023_01414,2023,1,Maison,53,4,Essentielle,500,203.32,40.66,2024-02-27,2025-02-26,,
MRH_2023_01415,2023,0,Appartement,98,2,Essentielle,500,183.5,36.7,2023-07-07,2024-07-06,,
MRH_2023_01415,2023,1,Appartement,98,2,Essentielle,500,189.0,37.8,2024-07-07,2025-07-06,,
MRH_2023_01416,2023,0,Appartement,28,4,Essentielle,300,138.8,27.76,2023-09-19,2024-09-18,,
MRH_2023_01416,2023,1,Appartement,28,4,Essentielle,300,142.96,28.59,2024-09-19,2025-09-18,,
MRH_2023_01417,2023,0,Appartement,65,3,Confort,300,197.5,39.5,2023-07-07,2024-07-06,,
MRH_2023_01417,2023,1,Appartement,65,3,Confort,300,203.43,40.69,2024-07-07,2025-07-06,,
MRH_2023_01418,2023,0,Appartement,52,3,Confort,150,195.8,39.16,2023-08-01,2024-07-31,,
MRH_2023_01418,2023,1,Appartement,52,3,Confort,150,117.69,23.54,2024-08-01,2025-03-01,2025-03-01,Insatisfaction service
MRH_2023_01419,2023,0,Maison,150,2,Essentielle,300,294.74,58.95,2023-04-23,2024-04-22,,
MRH_2023_01419,2023,1,Maison,150,2,Essentielle,300,303.58,60.72,2024-04-23,2025-04-22,,
MRH_2023_01420,2023,0,Maison,142,2,Confort,300,335.35,67.07,2023-12-21,2024-12-20,,
MRH_2023_01420,2023,1,Maison,142,2,Confort,300,345.41,69.08,2024-12-21,2025-12-20,,
MRH_2023_01421,2023,0,Appartement,73,1,Confort,300,178.07,35.61,2023-12-16,2024-12-15,,
MRH_2023_01421,2023,1,Appartement,73,1,Confort,300,183.41,36.68,2024-12-16,2025-12-15,,
MRH_2023_01422,2023,0,Appartement,52,4,Premium,300,266.11,53.22,2023-06-20,2024-06-19,,
MRH_2023_01422,2023,1,Appartement,52,4,Premium,300,274.09,54.82,2024-06-20,2025-06-19,,
MRH_2023_01423,2023,0,Appartement,92,5,Confort,300,321.3,64.26,2023-06-04,2024-06-03,,
MRH_2023_01423,2023,1,Appartement,92,5,Confort,300,330.94,66.19,2024-06-04,2025-06-03,,
MRH_2023_01424,2023,0,Appartement,116,2,Confort,300,260.3,52.06,2023-05-20,2024-05-19,,
MRH_2023_01424,2023,1,Appartement,116,2,Confort,300,268.11,53.62,2024-05-20,2025-05-19,,
MRH_2023_01425,2023,0,Maison,78,1,Premium,500,261.27,52.25,2023-01-18,2024-01-17,,
MRH_2023_01425,2023,1,Maison,78,1,Premium,500,269.11,53.82,2024-01-18,2025-01-17,,
MRH_2023_01426,2023,0,Appartement,110,3,Essentielle,150,247.78,49.56,2023-06-08,2024-06-07,,
MRH_2023_01426,2023,1,Appartement,110,3,Essentielle,150,255.21,51.04,2024-06-08,2025-06-07,,
MRH_2023_01427,2023,0,Maison,154,5,Premium,500,599.02,119.8,2023-03-28,2024-03-27,,
MRH_2023_01427,2023,1,Maison,154,5,Premium,500,616.99,123.4,2024-03-28,2025-03-27,,
MRH_2023_01428,2023,0,Maison,149,2,Confort,300,345.32,69.06,2023-03-11,2024-03-10,,
MRH_2023_01428,2023,1,Maison,149,2,Confort,300,355.68,71.14,2024-03-11,2025-03-10,,
MRH_2023_01429,2023,0,Appartement,35,3,Confort,300,152.5,30.5,2023-03-08,2024-03-07,,
MRH_2023_01429,2023,1,Appartement,35,3,Confort,300,157.08,31.42,2024-03-08,2025-03-07,,
MRH_2023_01430,2023,0,Maison,78,1,Confort,150,240.3,48.06,2023-12-13,2024-12-12,,
MRH_2023_01430,2023,1,Maison,78,1,Confort,150,247.51,49.5,2024-12-13,2025-12-12,,
MRH_2023_01431,2023,0,Maison,120,3,Essentielle,500,250.24,50.05,2023-11-19,2024-11-18,,
MRH_2023_01431,2023,1,Maison,120,3,Essentielle,500,257.75,51.55,2024-11-19,2025-11-18,,
MRH_2023_01432,2023,0,Appartement,83,4,Confort,300,258.17,51.63,2023-06-14,2024-06-13,,
MRH_2023_01432,2023,1,Appartement,83,4,Confort,300,265.92,53.18,2024-06-14,2025-06-13,,
MRH_2023_01433,2023,0,Appartement,60,3,Confort,150,209.0,41.8,2023-04-06,2024-04-05,,
MRH_2023_01433,2023,1,Appartement,60,3,Confort,150,197.57,39.51,2024-04-06,2025-03-06,2025-03-06,Déménagement
MRH_2023_01434,2023,0,Maison,50,2,Confort,150,224.68,44.94,2023-10-16,2024-10-15,,
MRH_2023_01434,2023,1,Maison,50,2,Confort,150,231.42,46.28,2024-10-16,2025-10-15,,
MRH_2023_01435,2023,0,Appartement,33,3,Confort,300,149.5,29.9,2023-08-20,2024-08-19,,
MRH_2023_01435,2023,1,Appartement,33,3,Confort,300,153.99,30.8,2024-08-20,2025-08-19,,
MRH_2023_01436,2023,0,Appartement,31,3,Confort,300,146.5,29.3,2023-06-06,2024-06-05,,
MRH_2023_01436,2023,1,Appartement,31,3,Confort,300,150.9,30.18,2024-06-06,2025-06-05,,
MRH_2023_01437,2023,0,Maison,69,3,Confort,300,243.5,48.7,2023-09-09,2024-09-08,,
MRH_2023_01437,2023,1,Maison,69,3,Confort,300,250.81,50.16,2024-09-09,2025-09-08,,
MRH_2023_01438,2023,0,Appartement,67,3,Premium,300,260.65,52.13,2023-02-08,2024-02-07,,
MRH_2023_01438,2023,1,Appartement,67,3,Premium,300,268.47,53.69,2024-02-08,2025-02-07,,
MRH_2023_01439,2023,0,Maison,165,1,Essentielle,500,257.57,51.51,2023-07-18,2024-07-17,,
MRH_2023_01439,2023,1,Maison,165,1,Essentielle,500,265.3,53.06,2024-07-18,2025-07-17,,
MRH_2023_01440,2023,0,Appartement,92,4,Confort,500,251.8,50.36,2023-09-07,2024-09-06,,
MRH_2023_01440,2023,1,Appartement,92,4,Confort,500,259.35,51.87,2024-09-07,2025-09-06,,
MRH_2023_01441,2023,0,Maison,124,3,Confort,300,326.0,65.2,2023-10-28,2024-10-27,,
MRH_2023_01441,2023,1,Maison,124,3,Confort,300,335.78,67.16,2024-10-28,2025-10-27,,
MRH_2023_01442,2023,0,Appartement,48,3,Confort,300,172.0,34.4,2023-06-06,2024-06-05,,
MRH_2023_01442,2023,1,Appartement,48,3,Confort,300,177.16,35.43,2024-06-06,2025-06-05,,
MRH_2023_01443,2023,0,Appartement,41,4,Confort,300,185.72,37.14,2023-09-20,2024-09-19,,
MRH_2023_01443,2023,1,Appartement,41,4,Confort,300,191.29,38.26,2024-09-20,2025-09-19,,
MRH_2023_01444,2023,0,Appartement,39,1,Premium,500,161.13,32.23,2023-05-13,2024-05-12,,
MRH_2023_01444,2023,1,Appartement,39,1,Premium,500,165.96,33.19,2024-05-13,2025-05-12,,
MRH_2023_01445,2023,0,Maison,155,1,Premium,150,452.77,90.55,2023-02-09,2024-02-08,,
MRH_2023_01445,2023,1,Maison,155,1,Premium,150,466.35,93.27,2024-02-09,2025-02-08,,
MRH_2023_01446,2023,0,Maison,92,2,Confort,150,290.51,58.1,2023-01-25,2024-01-24,,
MRH_2023_01446,2023,1,Maison,92,2,Confort,150,299.23,59.85,2024-01-25,2025-01-24,,
MRH_2023_01447,2023,0,Appartement,83,4,Premium,300,335.63,67.13,2023-07-26,2024-07-25,,
MRH_2023_01447,2023,1,Appartement,83,4,Premium,300,345.7,69.14,2024-07-26,2025-07-25,,
MRH_2023_01448,2023,0,Appartement,26,3,Essentielle,300,118.15,23.63,2023-02-08,2024-02-07,,
MRH_2023_01448,2023,1,Appartement,26,3,Essentielle,300,121.69,24.34,2024-02-08,2025-02-07,,
MRH_2023_01449,2023,0,Appartement,75,3,Premium,300,276.25,55.25,2023-04-15,2024-04-14,,
MRH_2023_01449,2023,1,Appartement,75,3,Premium,300,284.54,56.91,2024-04-15,2025-04-14,,
MRH_2023_01450,2023,0,Appartement,56,2,Confort,300,174.8,34.96,2023-09-04,2024-09-03,,
MRH_2023_01450,2023,1,Appartement,56,2,Confort,300,180.04,36.01,2024-09-04,2025-09-03,,
MRH_2023_01451,2023,0,Appartement,67,4,Confort,500,212.13,42.43,2023-03-03,2024-03-02,,
MRH_2023_01451,2023,1,Appartement,67,4,Confort,500,218.49,43.7,2024-03-03,2025-03-02,,
MRH_2023_01452,2023,0,Maison,162,3,Premium,150,547.69,109.54,2023-07-27,2024-07-26,,
MRH_2023_01452,2023,1,Maison,162,3,Premium,150,564.12,112.82,2024-07-27,2025-07-26,,
MRH_2023_01453,2023,0,Appartement,32,4,Confort,500,156.58,31.32,2023-05-08,2024-05-07,,
MRH_2023_01453,2023,1,Appartement,32,4,Confort,500,161.28,32.26,2024-05-08,2025-05-07,,
MRH_2023_01454,2023,0,Appartement,71,3,Premium,300,268.45,53.69,2023-04-28,2024-04-27,,
MRH_2023_01454,2023,1,Appartement,71,3,Premium,300,276.5,55.3,2024-04-28,2025-04-27,,
MRH_2023_01455,2023,0,Appartement,57,1,Essentielle,300,134.02,26.8,2023-12-24,2024-12-23,,
MRH_2023_01455,2023,1,Appartement,57,1,Essentielle,300,138.04,27.61,2024-12-24,2025-12-23,,
MRH_2023_01456,2023,0,Appartement,39,3,Confort,300,158.5,31.7,2023-06-03,2024-06-02,,
MRH_2023_01456,2023,1,Appartement,39,3,Confort,300,110.02,22.0,2024-06-03,2025-02-03,2025-02-03,Prix trop élevé
MRH_2023_01457,2023,0,Appartement,69,2,Premium,500,231.22,46.24,2023-09-20,2024-09-19,,
MRH_2023_01457,2023,1,Appartement,69,2,Premium,500,238.16,47.63,2024-09-20,2025-09-19,,
MRH_2023_01458,2023,0,Appartement,91,3,Premium,500,282.85,56.57,2023-01-20,2024-01-19,,
MRH_2023_01458,2023,1,Appartement,91,3,Premium,500,291.34,58.27,2024-01-20,2025-01-19,,
MRH_2023_01459,2023,0,Maison,108,1,Premium,300,333.71,66.74,2023-06-19,2024-06-18,,
MRH_2023_01459,2023,1,Maison,108,1,Premium,300,343.72,68.74,2024-06-19,2025-06-18,,
MRH_2023_01460,2023,0,Maison,105,3,Confort,150,327.25,65.45,2023-06-21,2024-06-20,,
MRH_2023_01460,2023,1,Maison,105,3,Confort,150,337.07,67.41,2024-06-21,2025-06-20,,
MRH_2023_01461,2023,0,Maison,76,5,Premium,500,410.11,82.02,2023-11-01,2024-10-31,,
MRH_2023_01461,2023,1,Maison,76,5,Premium,500,422.41,84.48,2024-11-01,2025-10-31,,
MRH_2023_01462,2023,0,Appartement,51,3,Essentielle,300,150.03,30.01,2023-07-26,2024-07-25,,
MRH_2023_01462,2023,1,Appartement,51,3,Essentielle,300,103.3,20.66,2024-07-26,2025-03-26,2025-03-26,Concurrent moins cher
MRH_2023_01463,2023,0,Appartement,55,5,Essentielle,150,230.36,46.07,2023-06-15,2024-06-14,,
MRH_2023_01463,2023,1,Appartement,55,5,Essentielle,150,237.27,47.45,2024-06-15,2025-06-14,,
MRH_2023_01464,2023,0,Maison,85,4,Essentielle,300,261.48,52.3,2023-12-13,2024-12-12,,
MRH_2023_01464,2023,1,Maison,85,4,Essentielle,300,269.32,53.86,2024-12-13,2025-12-12,,
MRH_2023_01465,2023,0,Maison,142,1,Confort,300,300.05,60.01,2023-06-27,2024-06-26,,
MRH_2023_01465,2023,1,Maison,142,1,Confort,300,309.05,61.81,2024-06-27,2025-06-26,,
MRH_2023_01466,2023,0,Maison,161,1,Confort,500,298.33,59.67,2023-11-06,2024-11-05,,
MRH_2023_01466,2023,1,Maison,161,1,Confort,500,307.28,61.46,2024-11-06,2025-11-05,,
MRH_2023_01467,2023,0,Appartement,82,2,Confort,300,211.85,42.37,2023-03-06,2024-03-05,,
MRH_2023_01467,2023,1,Appartement,82,2,Confort,300,218.21,43.64,2024-03-06,2025-03-05,,
MRH_2023_01468,2023,0,Appartement,42,3,Premium,300,211.9,42.38,2023-09-18,2024-09-17,,
MRH_2023_01468,2023,1,Appartement,42,3,Premium,300,218.26,43.65,2024-09-18,2025-09-17,,
MRH_2023_01469,2023,0,Maison,135,3,Premium,500,409.63,81.93,2023-05-05,2024-05-04,,
MRH_2023_01469,2023,1,Maison,135,3,Premium,500,421.92,84.38,2024-05-05,2025-05-04,,
MRH_2023_01470,2023,0,Appartement,70,2,Premium,150,278.49,55.7,2023-12-27,2024-12-26,,
MRH_2023_01470,2023,1,Appartement,70,2,Premium,150,286.84,57.37,2024-12-27,2025-12-26,,
MRH_2023_01471,2023,0,Maison,50,2,Essentielle,150,190.97,38.19,2023-04-18,2024-04-17,,
MRH_2023_01471,2023,1,Maison,50,2,Essentielle,150,196.7,39.34,2024-04-18,2025-04-17,,
MRH_2023_01472,2023,0,Maison,50,1,Essentielle,300,155.34,31.07,2023-04-08,2024-04-07,,
MRH_2023_01472,2023,1,Maison,50,1,Essentielle,300,160.0,32.0,2024-04-08,2025-04-07,,
MRH_2023_01473,2023,0,Maison,140,5,Premium,500,565.11,113.02,2023-08-14,2024-08-13,,
MRH_2023_01473,2023,1,Maison,140,5,Premium,500,582.06,116.41,2024-08-14,2025-08-13,,
MRH_2023_01474,2023,0,Maison,146,2,Essentielle,500,266.7,53.34,2023-11-19,2024-11-18,,
MRH_2023_01474,2023,1,Maison,146,2,Essentielle,500,274.7,54.94,2024-11-19,2025-11-18,,
MRH_2023_01475,2023,0,Maison,118,5,Premium,300,556.34,111.27,2023-07-12,2024-07-11,,
MRH_2023_01475,2023,1,Maison,118,5,Premium,300,573.03,114.61,2024-07-12,2025-07-11,,
MRH_2023_01476,2023,0,Maison,57,2,Confort,150,235.65,47.13,2023-12-05,2024-12-04,,
MRH_2023_01476,2023,1,Maison,57,2,Confort,150,242.72,48.54,2024-12-05,2025-12-04,,
MRH_2023_01477,2023,0,Maison,99,3,Essentielle,500,225.61,45.12,2023-09-11,2024-09-10,,
MRH_2023_01477,2023,1,Maison,99,3,Essentielle,500,232.38,46.48,2024-09-11,2025-09-10,,
MRH_2023_01478,2023,0,Maison,51,2,Essentielle,300,174.82,34.96,2023-08-09,2024-08-08,,
MRH_2023_01478,2023,1,Maison,51,2,Essentielle,300,180.06,36.01,2024-08-09,2025-08-08,,
MRH_2023_01479,2023,0,Appartement,43,3,Premium,300,213.85,42.77,2023-01-18,2024-01-17,,
MRH_2023_01479,2023,1,Appartement,43,3,Premium,300,220.27,44.05,2024-01-18,2025-01-17,,
MRH_2023_01480,2023,0,Maison,88,4,Confort,300,312.8,62.56,2023-02-22,2024-02-21,,
MRH_2023_01480,2023,1,Maison,88,4,Confort,300,322.18,64.44,2024-02-22,2025-02-21,,
MRH_2023_01481,2023,0,Maison,115,4,Essentielle,500,281.03,56.21,2023-07-23,2024-07-22,,
MRH_2023_01481,2023,1,Maison,115,4,Essentielle,500,289.46,57.89,2024-07-23,2025-07-22,,
MRH_2023_01482,2023,0,Appartement,83,2,Confort,300,213.27,42.65,2023-09-23,2024-09-22,,
MRH_2023_01482,2023,1,Appartement,83,2,Confort,300,219.67,43.93,2024-09-23,2025-09-22,,
MRH_2023_01483,2023,0,Appartement,20,5,Essentielle,300,149.17,29.83,2023-01-20,2024-01-19,,
MRH_2023_01483,2023,1,Appartement,20,5,Essentielle,300,77.03,15.41,2024-01-20,2024-07-20,2024-07-20,Vente du bien
MRH_2023_01484,2023,0,Appartement,43,5,Confort,500,204.31,40.86,2023-12-06,2024-12-05,,
MRH_2023_01484,2023,1,Appartement,43,5,Confort,500,210.44,42.09,2024-12-06,2025-12-05,,
MRH_2023_01485,2023,0,Appartement,31,2,Essentielle,500,108.83,21.77,2023-12-04,2024-12-03,,
MRH_2023_01485,2023,1,Appartement,31,2,Essentielle,500,112.09,22.42,2024-12-04,2025-12-03,,
MRH_2023_01486,2023,0,Appartement,39,3,Confort,500,145.82,29.16,2023-07-13,2024-07-12,,
MRH_2023_01486,2023,1,Appartement,39,3,Confort,500,150.19,30.04,2024-07-13,2025-07-12,,
MRH_2023_01487,2023,0,Appartement,58,2,Confort,300,177.65,35.53,2023-08-03,2024-08-02,,
MRH_2023_01487,2023,1,Appartement,58,2,Confort,300,182.98,36.6,2024-08-03,2025-08-02,,
MRH_2023_01488,2023,0,Appartement,74,2,Premium,150,286.64,57.33,2023-06-15,2024-06-14,,
MRH_2023_01488,2023,1,Appartement,74,2,Premium,150,295.24,59.05,2024-06-15,2025-06-14,,
MRH_2023_01489,2023,0,Appartement,98,5,Essentielle,300,283.43,56.69,2023-02-06,2024-02-05,,
MRH_2023_01489,2023,1,Appartement,98,5,Essentielle,300,219.95,43.99,2024-02-06,2024-11-06,2024-11-06,Déménagement
MRH_2023_01490,2023,0,Appartement,69,2,Essentielle,300,164.33,32.87,2023-02-06,2024-02-05,,
MRH_2023_01490,2023,1,Appartement,69,2,Essentielle,300,169.26,33.85,2024-02-06,2025-02-05,,
MRH_2023_01491,2023,0,Maison,131,2,Premium,300,415.58,83.12,2023-10-12,2024-10-11,,
MRH_2023_01491,2023,1,Maison,131,2,Premium,300,428.05,85.61,2024-10-12,2025-10-11,,
MRH_2023_01492,2023,0,Maison,145,3,Premium,300,464.75,92.95,2023-09-05,2024-09-04,,
MRH_2023_01492,2023,1,Maison,145,3,Premium,300,478.69,95.74,2024-09-05,2025-09-04,,
MRH_2023_01493,2023,0,Appartement,22,4,Confort,150,168.25,33.65,2023-05-10,2024-05-09,,
MRH_2023_01493,2023,1,Appartement,22,4,Confort,150,173.3,34.66,2024-05-10,2025-05-09,,
MRH_2023_01494,2023,0,Maison,55,3,Essentielle,150,208.04,41.61,2023-08-07,2024-08-06,,
MRH_2023_01494,2023,1,Maison,55,3,Essentielle,150,214.28,42.86,2024-08-07,2025-08-06,,
MRH_2023_01495,2023,0,Maison,202,5,Confort,500,550.21,110.04,2023-08-04,2024-08-03,,
MRH_2023_01495,2023,1,Maison,202,5,Confort,500,566.72,113.34,2024-08-04,2025-08-03,,
MRH_2023_01496,2023,0,Appartement,36,2,Essentielle,500,114.41,22.88,2023-04-26,2024-04-25,,
MRH_2023_01496,2023,1,Appartement,36,2,Essentielle,500,117.84,23.57,2024-04-26,2025-04-25,,
MRH_2023_01497,2023,0,Appartement,113,4,Premium,150,443.19,88.64,2023-09-03,2024-09-02,,
MRH_2023_01497,2023,1,Appartement,113,4,Premium,150,456.49,91.3,2024-09-03,2025-09-02,,
MRH_2023_01498,2023,0,Appartement,36,3,Confort,500,141.68,28.34,2023-09-21,2024-09-20,,
MRH_2023_01498,2023,1,Appartement,36,3,Confort,500,145.93,29.19,2024-09-21,2025-09-20,,
MRH_2023_01499,2023,0,Appartement,49,5,Confort,500,215.49,43.1,2023-07-03,2024-07-02,,
MRH_2023_01499,2023,1,Appartement,49,5,Confort,500,221.95,44.39,2024-07-03,2025-07-02,,
MRH_2023_01500,2023,0,Appartement,70,2,Confort,500,179.17,35.83,2023-05-16,2024-05-15,,
MRH_2023_01500,2023,1,Appartement,70,2,Confort,500,184.55,36.91,2024-05-16,2025-05-15,,
MRH_2023_01501,2023,0,Maison,128,3,Essentielle,150,310.42,62.08,2023-05-19,2024-05-18,,
MRH_2023_01501,2023,1,Maison,128,3,Essentielle,150,319.73,63.95,2024-05-19,2025-05-18,,
MRH_2023_01502,2023,0,Appartement,26,2,Essentielle,150,123.47,24.69,2023-09-01,2024-08-31,,
MRH_2023_01502,2023,1,Appartement,26,2,Essentielle,150,53.65,10.73,2024-09-01,2025-02-01,2025-02-01,Insatisfaction service
MRH_2023_01503,2023,0,Appartement,72,4,Premium,300,310.96,62.19,2023-09-12,2024-09-11,,
MRH_2023_01503,2023,1,Appartement,72,4,Premium,300,320.29,64.06,2024-09-12,2025-09-11,,
MRH_2023_01504,2023,0,Appartement,63,2,Confort,300,184.77,36.95,2023-04-23,2024-04-22,,
MRH_2023_01504,2023,1,Appartement,63,2,Confort,300,190.31,38.06,2024-04-23,2025-04-22,,
MRH_2023_01505,2023,0,Maison,67,3,Essentielle,500,188.07,37.61,2023-04-23,2024-04-22,,
MRH_2023_01505,2023,1,Maison,67,3,Essentielle,500,193.71,38.74,2024-04-23,2025-04-22,,
MRH_2023_01506,2023,0,Appartement,65,5,Confort,300,266.62,53.32,2023-03-13,2024-03-12,,
MRH_2023_01506,2023,1,Appartement,65,5,Confort,300,274.62,54.92,2024-03-13,2025-03-12,,
MRH_2023_01507,2023,0,Appartement,68,1,Essentielle,300,145.94,29.19,2023-07-22,2024-07-21,,
MRH_2023_01507,2023,1,Appartement,68,1,Essentielle,300,150.32,30.06,2024-07-22,2025-07-21,,
MRH_2023_01508,2023,0,Maison,109,3,Essentielle,300,257.97,51.59,2023-07-23,2024-07-22,,
MRH_2023_01508,2023,1,Maison,109,3,Essentielle,300,157.24,31.45,2024-07-23,2025-02-23,2025-02-23,Insatisfaction service
MRH_2023_01509,2023,0,Appartement,102,3,Confort,500,232.76,46.55,2023-01-23,2024-01-22,,
MRH_2023_01509,2023,1,Appartement,102,3,Confort,500,239.74,47.95,2024-01-23,2025-01-22,,
MRH_2023_01510,2023,0,Appartement,38,3,Essentielle,150,146.79,29.36,2023-02-06,2024-02-05,,
MRH_2023_01510,2023,1,Appartement,38,3,Essentielle,150,151.19,30.24,2024-02-06,2025-02-05,,
MRH_2023_01511,2023,0,Appartement,74,5,Essentielle,500,222.75,44.55,2023-05-18,2024-05-17,,
MRH_2023_01511,2023,1,Appartement,74,5,Essentielle,500,229.43,45.89,2024-05-18,2025-05-17,,
MRH_2023_01512,2023,0,Maison,152,2,Confort,500,321.63,64.33,2023-04-03,2024-04-02,,
MRH_2023_01512,2023,1,Maison,152,2,Confort,500,331.28,66.26,2024-04-03,2025-04-02,,
MRH_2023_01513,2023,0,Appartement,122,3,Essentielle,300,240.55,48.11,2023-01-27,2024-01-26,,
MRH_2023_01513,2023,1,Appartement,122,3,Essentielle,300,247.77,49.55,2024-01-27,2025-01-26,,
MRH_2023_01514,2023,0,Appartement,123,3,Essentielle,500,222.48,44.5,2023-10-12,2024-10-11,,
MRH_2023_01514,2023,1,Appartement,123,3,Essentielle,500,229.15,45.83,2024-10-12,2025-10-11,,
MRH_2023_01515,2023,0,Appartement,59,5,Confort,300,254.48,50.9,2023-04-24,2024-04-23,,
MRH_2023_01515,2023,1,Appartement,59,5,Confort,300,262.11,52.42,2024-04-24,2025-04-23,,
MRH_2023_01516,2023,0,Appartement,60,5,Essentielle,300,218.03,43.61,2023-03-12,2024-03-11,,
MRH_2023_01516,2023,1,Appartement,60,5,Essentielle,300,224.57,44.91,2024-03-12,2025-03-11,,
MRH_2023_01517,2023,0,Maison,156,5,Confort,300,504.9,100.98,2023-03-21,2024-03-20,,
MRH_2023_01517,2023,1,Maison,156,5,Confort,300,520.05,104.01,2024-03-21,2025-03-20,,
MRH_2023_01518,2023,0,Maison,133,3,Premium,150,485.49,97.1,2023-04-20,2024-04-19,,
MRH_2023_01518,2023,1,Maison,133,3,Premium,150,500.05,100.01,2024-04-20,2025-04-19,,
MRH_2023_01519,2023,0,Appartement,105,1,Confort,500,201.37,40.27,2023-09-18,2024-09-17,,
MRH_2023_01519,2023,1,Appartement,105,1,Confort,500,52.28,10.46,2024-09-18,2024-12-18,2024-12-18,Concurrent moins cher
MRH_2023_01520,2023,0,Appartement,115,1,Essentielle,300,196.88,39.38,2023-01-13,2024-01-12,,
MRH_2023_01520,2023,1,Appartement,115,1,Essentielle,300,17.78,3.56,2024-01-13,2024-02-13,2024-02-13,Insatisfaction service
MRH_2023_01521,2023,0,Maison,140,3,Confort,150,385.0,77.0,2023-01-21,2024-01-20,,
MRH_2023_01521,2023,1,Maison,140,3,Confort,150,396.55,79.31,2024-01-21,2025-01-20,,
MRH_2023_01522,2023,0,Appartement,77,3,Confort,500,198.26,39.65,2023-08-24,2024-08-23,,
MRH_2023_01522,2023,1,Appartement,77,3,Confort,500,204.21,40.84,2024-08-24,2025-08-23,,
MRH_2023_01523,2023,0,Appartement,64,3,Confort,300,196.0,39.2,2023-08-18,2024-08-17,,
MRH_2023_01523,2023,1,Appartement,64,3,Confort,300,201.88,40.38,2024-08-18,2025-08-17,,
MRH_2023_01524,2023,0,Appartement,134,2,Confort,500,263.07,52.61,2023-05-06,2024-05-05,,
MRH_2023_01524,2023,1,Appartement,134,2,Confort,500,270.96,54.19,2024-05-06,2025-05-05,,
MRH_2023_01525,2023,0,Appartement,69,3,Confort,300,203.5,40.7,2023-07-05,2024-07-04,,
MRH_2023_01525,2023,1,Appartement,69,3,Confort,300,209.61,41.92,2024-07-05,2025-07-04,,
MRH_2023_01526,2023,0,Appartement,51,5,Confort,500,219.21,43.84,2023-08-24,2024-08-23,,
MRH_2023_01526,2023,1,Appartement,51,5,Confort,500,225.79,45.16,2024-08-24,2025-08-23,,
MRH_2023_01527,2023,0,Maison,84,3,Essentielle,300,226.1,45.22,2023-04-07,2024-04-06,,
MRH_2023_01527,2023,1,Maison,84,3,Essentielle,300,232.88,46.58,2024-04-07,2025-04-06,,
MRH_2023_01528,2023,0,Appartement,70,5,Confort,300,276.75,55.35,2023-08-18,2024-08-17,,
MRH_2023_01528,2023,1,Appartement,70,5,Confort,300,285.05,57.01,2024-08-18,2025-08-17,,
MRH_2023_01529,2023,0,Maison,95,2,Confort,500,246.91,49.38,2023-05-27,2024-05-26,,
MRH_2023_01529,2023,1,Maison,95,2,Confort,500,254.32,50.86,2024-05-27,2025-05-26,,
MRH_2023_01530,2023,0,Maison,144,3,Essentielle,300,302.6,60.52,2023-09-06,2024-09-05,,
MRH_2023_01530,2023,1,Maison,144,3,Essentielle,300,311.68,62.34,2024-09-06,2025-09-05,,
MRH_2023_01531,2023,0,Maison,50,1,Essentielle,300,155.34,31.07,2023-05-24,2024-05-23,,
MRH_2023_01531,2023,1,Maison,50,1,Essentielle,300,160.0,32.0,2024-05-24,2025-05-23,,
MRH_2023_01532,2023,0,Maison,159,3,Confort,300,378.5,75.7,2023-03-14,2024-03-13,,
MRH_2023_01532,2023,1,Maison,159,3,Confort,300,389.86,77.97,2024-03-14,2025-03-13,,
MRH_2023_01533,2023,0,Appartement,61,3,Confort,150,210.65,42.13,2023-11-04,2024-11-03,,
MRH_2023_01533,2023,1,Appartement,61,3,Confort,150,216.97,43.39,2024-11-04,2025-11-03,,
MRH_2023_01534,2023,0,Appartement,22,1,Premium,150,161.66,32.33,2023-06-28,2024-06-27,,
MRH_2023_01534,2023,1,Appartement,22,1,Premium,150,166.51,33.3,2024-06-28,2025-06-27,,
MRH_2023_01535,2023,0,Maison,78,5,Essentielle,150,324.4,64.88,2023-06-20,2024-06-19,,
MRH_2023_01535,2023,1,Maison,78,5,Essentielle,150,334.13,66.83,2024-06-20,2025-06-19,,
MRH_2023_01536,2023,0,Appartement,97,4,Confort,300,282.32,56.46,2023-05-10,2024-05-09,,
MRH_2023_01536,2023,1,Appartement,97,4,Confort,300,290.79,58.16,2024-05-10,2025-05-09,,
MRH_2023_01537,2023,0,Appartement,76,3,Confort,500,196.88,39.38,2023-03-18,2024-03-17,,
MRH_2023_01537,2023,1,Appartement,76,3,Confort,500,202.79,40.56,2024-03-18,2025-03-17,,
MRH_2023_01538,2023,0,Appartement,56,5,Confort,300,248.4,49.68,2023-02-22,2024-02-21,,
MRH_2023_01538,2023,1,Appartement,56,5,Confort,300,255.85,51.17,2024-02-22,2025-02-21,,
MRH_2023_01539,2023,0,Maison,129,4,Confort,500,352.84,70.57,2023-03-25,2024-03-24,,
MRH_2023_01539,2023,1,Maison,129,4,Confort,500,184.21,36.84,2024-03-25,2024-09-25,2024-09-25,Insatisfaction service
MRH_2023_01540,2023,0,Appartement,69,2,Premium,500,231.22,46.24,2023-11-19,2024-11-18,,
MRH_2023_01540,2023,1,Appartement,69,2,Premium,500,238.16,47.63,2024-11-19,2025-11-18,,
MRH_2023_01541,2023,0,Appartement,85,2,Confort,500,198.84,39.77,2023-03-04,2024-03-03,,
MRH_2023_01541,2023,1,Appartement,85,2,Confort,500,204.81,40.96,2024-03-04,2025-03-03,,
MRH_2023_01542,2023,0,Maison,139,3,Premium,300,453.05,90.61,2023-05-23,2024-05-22,,
MRH_2023_01542,2023,1,Maison,139,3,Premium,300,466.64,93.33,2024-05-23,2025-05-22,,
MRH_2023_01543,2023,0,Maison,50,3,Confort,500,197.8,39.56,2023-03-12,2024-03-11,,
MRH_2023_01543,2023,1,Maison,50,3,Confort,500,203.73,40.75,2024-03-12,2025-03-11,,
MRH_2023_01544,2023,0,Appartement,121,2,Confort,150,294.17,58.83,2023-08-11,2024-08-10,,
MRH_2023_01544,2023,1,Appartement,121,2,Confort,150,303.0,60.6,2024-08-11,2025-08-10,,
MRH_2023_01545,2023,0,Appartement,66,3,Confort,150,218.9,43.78,2023-05-24,2024-05-23,,
MRH_2023_01545,2023,1,Appartement,66,3,Confort,150,225.47,45.09,2024-05-24,2025-05-23,,
MRH_2023_01546,2023,0,Maison,154,3,Essentielle,150,346.88,69.38,2023-03-28,2024-03-27,,
MRH_2023_01546,2023,1,Maison,154,3,Essentielle,150,357.29,71.46,2024-03-28,2025-03-27,,
MRH_2023_01547,2023,0,Maison,119,2,Premium,500,361.88,72.38,2023-07-02,2024-07-01,,
MRH_2023_01547,2023,1,Maison,119,2,Premium,500,372.74,74.55,2024-07-02,2025-07-01,,
MRH_2023_01548,2023,0,Appartement,60,2,Confort,500,166.06,33.21,2023-07-23,2024-07-22,,
MRH_2023_01548,2023,1,Appartement,60,2,Confort,500,171.04,34.21,2024-07-23,2025-07-22,,
MRH_2023_01549,2023,0,Maison,110,3,Essentielle,500,238.51,47.7,2023-11-03,2024-11-02,,
MRH_2023_01549,2023,1,Maison,110,3,Essentielle,500,245.67,49.13,2024-11-03,2025-11-02,,
MRH_2023_01550,2023,0,Maison,70,4,Premium,150,402.9,80.58,2023-03-26,2024-03-25,,
MRH_2023_01550,2023,1,Maison,70,4,Premium,150,414.99,83.0,2024-03-26,2025-03-25,,
MRH_2023_01551,2023,0,Appartement,69,3,Essentielle,150,190.27,38.05,2023-02-01,2024-01-31,,
MRH_2023_01551,2023,1,Appartement,69,3,Essentielle,150,195.98,39.2,2024-02-01,2025-01-31,,
MRH_2023_01552,2023,0,Maison,133,2,Premium,150,461.21,92.24,2023-03-19,2024-03-18,,
MRH_2023_01552,2023,1,Maison,133,2,Premium,150,475.05,95.01,2024-03-19,2025-03-18,,
MRH_2023_01553,2023,0,Maison,50,4,Essentielle,150,231.18,46.24,2023-01-23,2024-01-22,,
MRH_2023_01553,2023,1,Maison,50,4,Essentielle,150,238.12,47.62,2024-01-23,2025-01-22,,
MRH_2023_01554,2023,0,Maison,139,5,Essentielle,150,439.89,87.98,2023-01-14,2024-01-13,,
MRH_2023_01554,2023,1,Maison,139,5,Essentielle,150,453.09,90.62,2024-01-14,2025-01-13,,
MRH_2023_01555,2023,0,Appartement,74,2,Confort,500,184.41,36.88,2023-04-23,2024-04-22,,
MRH_2023_01555,2023,1,Appartement,74,2,Confort,500,189.94,37.99,2024-04-23,2025-04-22,,
MRH_2023_01556,2023,0,Maison,125,2,Essentielle,150,290.9,58.18,2023-08-06,2024-08-05,,
MRH_2023_01556,2023,1,Maison,125,2,Essentielle,150,299.63,59.93,2024-08-06,2025-08-05,,
MRH_2023_01557,2023,0,Appartement,84,4,Confort,300,259.9,51.98,2023-12-04,2024-12-03,,
MRH_2023_01557,2023,1,Appartement,84,4,Confort,300,267.7,53.54,2024-12-04,2025-12-03,,
MRH_2023_01558,2023,0,Appartement,61,2,Essentielle,300,154.64,30.93,2023-03-13,2024-03-12,,
MRH_2023_01558,2023,1,Appartement,61,2,Essentielle,300,159.28,31.86,2024-03-13,2025-03-12,,
MRH_2023_01559,2023,0,Appartement,41,2,Confort,300,153.42,30.68,2023-12-08,2024-12-07,,
MRH_2023_01559,2023,1,Appartement,41,2,Confort,300,158.02,31.6,2024-12-08,2025-12-07,,
MRH_2023_01560,2023,0,Maison,91,5,Essentielle,300,317.28,63.46,2023-02-02,2024-02-01,,
MRH_2023_01560,2023,1,Maison,91,5,Essentielle,300,163.84,32.77,2024-02-02,2024-08-02,2024-08-02,Déménagement
MRH_2023_01561,2023,0,Maison,126,4,Confort,150,416.19,83.24,2023-12-22,2024-12-21,,
MRH_2023_01561,2023,1,Maison,126,4,Confort,150,428.68,85.74,2024-12-22,2025-12-21,,
MRH_2023_01562,2023,0,Appartement,55,5,Confort,150,271.01,54.2,2023-10-09,2024-10-08,,
MRH_2023_01562,2023,1,Appartement,55,5,Confort,150,279.14,55.83,2024-10-09,2025-10-08,,
MRH_2023_01563,2023,0,Appartement,36,2,Essentielle,500,114.41,22.88,2023-06-18,2024-06-17,,
MRH_2023_01563,2023,1,Appartement,36,2,Essentielle,500,117.84,23.57,2024-06-18,2025-06-17,,
MRH_2023_01564,2023,0,Appartement,100,3,Essentielle,300,212.5,42.5,2023-07-15,2024-07-14,,
MRH_2023_01564,2023,1,Appartement,100,3,Essentielle,300,218.88,43.78,2024-07-15,2025-07-14,,
MRH_2023_01565,2023,0,Appartement,82,3,Premium,500,266.71,53.34,2023-08-05,2024-08-04,,
MRH_2023_01565,2023,1,Appartement,82,3,Premium,500,274.71,54.94,2024-08-05,2025-08-04,,
MRH_2023_01566,2023,0,Maison,50,3,Essentielle,300,182.75,36.55,2023-06-13,2024-06-12,,
MRH_2023_01566,2023,1,Maison,50,3,Essentielle,300,188.23,37.65,2024-06-13,2025-06-12,,
MRH_2023_01567,2023,0,Maison,114,4,Confort,300,357.65,71.53,2023-03-19,2024-03-18,,
MRH_2023_01567,2023,1,Maison,114,4,Confort,300,368.38,73.68,2024-03-19,2025-03-18,,
MRH_2023_01568,2023,0,Appartement,67,1,Confort,300,170.42,34.08,2023-06-07,2024-06-06,,
MRH_2023_01568,2023,1,Appartement,67,1,Confort,300,103.39,20.68,2024-06-07,2025-01-07,2025-01-07,Prix trop élevé
MRH_2023_01569,2023,0,Appartement,95,2,Confort,500,211.95,42.39,2023-07-14,2024-07-13,,
MRH_2023_01569,2023,1,Appartement,95,2,Confort,500,218.31,43.66,2024-07-14,2025-07-13,,
MRH_2023_01570,2023,0,Appartement,56,5,Essentielle,150,232.25,46.45,2023-02-11,2024-02-10,,
MRH_2023_01570,2023,1,Appartement,56,5,Essentielle,150,239.22,47.84,2024-02-11,2025-02-10,,
MRH_2023_01571,2023,0,Maison,150,3,Essentielle,500,285.43,57.09,2023-01-10,2024-01-09,,
MRH_2023_01571,2023,1,Maison,150,3,Essentielle,500,293.99,58.8,2024-01-10,2025-01-09,,
MRH_2023_01572,2023,0,Appartement,88,2,Confort,150,242.44,48.49,2023-10-05,2024-10-04,,
MRH_2023_01572,2023,1,Appartement,88,2,Confort,150,249.71,49.94,2024-10-05,2025-10-04,,
MRH_2023_01573,2023,0,Appartement,38,1,Confort,500,122.77,24.55,2023-02-01,2024-01-31,,
MRH_2023_01573,2023,1,Appartement,38,1,Confort,500,126.45,25.29,2024-02-01,2025-01-31,,
MRH_2023_01574,2023,0,Appartement,92,2,Essentielle,300,192.19,38.44,2023-06-21,2024-06-20,,
MRH_2023_01574,2023,1,Appartement,92,2,Essentielle,300,197.96,39.59,2024-06-21,2025-06-20,,
MRH_2023_01575,2023,0,Maison,131,3,Essentielle,300,286.02,57.2,2023-03-11,2024-03-10,,
MRH_2023_01575,2023,1,Maison,131,3,Essentielle,300,294.6,58.92,2024-03-11,2025-03-10,,
MRH_2023_01576,2023,0,Appartement,34,5,Confort,300,203.85,40.77,2023-04-16,2024-04-15,,
MRH_2023_01576,2023,1,Appartement,34,5,Confort,300,209.97,41.99,2024-04-16,2025-04-15,,
MRH_2023_01577,2023,0,Maison,87,2,Essentielle,300,218.43,43.69,2023-02-17,2024-02-16,,
MRH_2023_01577,2023,1,Maison,87,2,Essentielle,300,224.98,45.0,2024-02-17,2025-02-16,,
MRH_2023_01578,2023,0,Maison,196,4,Premium,300,648.83,129.77,2023-02-15,2024-02-14,,
MRH_2023_01578,2023,1,Maison,196,4,Premium,300,668.29,133.66,2024-02-15,2025-02-14,,
MRH_2023_01579,2023,0,Appartement,69,2,Confort,500,177.86,35.57,2023-04-08,2024-04-07,,
MRH_2023_01579,2023,1,Appartement,69,2,Confort,500,183.2,36.64,2024-04-08,2025-04-07,,
MRH_2023_01580,2023,0,Appartement,25,4,Confort,300,158.12,31.62,2023-05-11,2024-05-10,,
MRH_2023_01580,2023,1,Appartement,25,4,Confort,300,162.86,32.57,2024-05-11,2025-05-10,,
MRH_2023_01581,2023,0,Appartement,77,4,Essentielle,150,231.72,46.34,2023-05-24,2024-05-23,,
MRH_2023_01581,2023,1,Appartement,77,4,Essentielle,150,81.08,16.22,2024-05-24,2024-09-24,2024-09-24,Vente du bien
MRH_2023_01582,2023,0,Maison,102,2,Confort,500,256.08,51.22,2023-12-27,2024-12-26,,
MRH_2023_01582,2023,1,Maison,102,2,Confort,500,263.76,52.75,2024-12-27,2025-12-26,,
MRH_2023_01583,2023,0,Appartement,70,1,Confort,500,160.31,32.06,2023-02-12,2024-02-11,,
MRH_2023_01583,2023,1,Appartement,70,1,Confort,500,165.12,33.02,2024-02-12,2025-02-11,,
MRH_2023_01584,2023,0,Maison,152,1,Confort,300,312.8,62.56,2023-10-15,2024-10-14,,
MRH_2023_01584,2023,1,Maison,152,1,Confort,300,322.18,64.44,2024-10-15,2025-10-14,,
MRH_2023_01585,2023,0,Appartement,62,3,Confort,300,193.0,38.6,2023-10-05,2024-10-04,,
MRH_2023_01585,2023,1,Appartement,62,3,Confort,300,198.79,39.76,2024-10-05,2025-10-04,,
MRH_2023_01586,2023,0,Appartement,84,1,Essentielle,500,150.22,30.04,2023-06-05,2024-06-04,,
MRH_2023_01586,2023,1,Appartement,84,1,Essentielle,500,154.73,30.95,2024-06-05,2025-06-04,,
MRH_2023_01587,2023,0,Maison,66,3,Confort,300,239.0,47.8,2023-10-27,2024-10-26,,
MRH_2023_01587,2023,1,Maison,66,3,Confort,300,246.17,49.23,2024-10-27,2025-10-26,,
MRH_2023_01588,2023,0,Maison,102,2,Confort,150,306.19,61.24,2023-09-02,2024-09-01,,
MRH_2023_01588,2023,1,Maison,102,2,Confort,150,315.38,63.08,2024-09-02,2025-09-01,,
MRH_2023_01589,2023,0,Maison,50,1,Essentielle,300,155.34,31.07,2023-12-08,2024-12-07,,
MRH_2023_01589,2023,1,Maison,50,1,Essentielle,300,160.0,32.0,2024-12-08,2025-12-07,,
MRH_2023_01590,2023,0,Appartement,66,2,Essentielle,300,160.69,32.14,2023-02-16,2024-02-15,,
MRH_2023_01590,2023,1,Appartement,66,2,Essentielle,300,165.51,33.1,2024-02-16,2025-02-15,,
MRH_2023_01591,2023,0,Appartement,26,3,Confort,150,152.9,30.58,2023-04-15,2024-04-14,,
MRH_2023_01591,2023,1,Appartement,26,3,Confort,150,157.49,31.5,2024-04-15,2025-04-14,,
MRH_2023_01592,2023,0,Maison,155,4,Essentielle,150,400.53,80.11,2023-11-22,2024-11-21,,
MRH_2023_01592,2023,1,Maison,155,4,Essentielle,150,412.55,82.51,2024-11-22,2025-11-21,,
MRH_2023_01593,2023,0,Appartement,74,1,Essentielle,300,152.45,30.49,2023-03-28,2024-03-27,,
MRH_2023_01593,2023,1,Appartement,74,1,Essentielle,300,157.02,31.4,2024-03-28,2025-03-27,,
MRH_2023_01594,2023,0,Appartement,50,2,Confort,500,152.95,30.59,2023-01-17,2024-01-16,,
MRH_2023_01594,2023,1,Appartement,50,2,Confort,500,157.54,31.51,2024-01-17,2025-01-16,,
MRH_2023_01595,2023,0,Appartement,46,3,Essentielle,150,158.02,31.6,2023-04-08,2024-04-07,,
MRH_2023_01595,2023,1,Appartement,46,3,Essentielle,150,162.76,32.55,2024-04-08,2025-04-07,,
MRH_2023_01596,2023,0,Appartement,31,3,Confort,300,146.5,29.3,2023-09-27,2024-09-26,,
MRH_2023_01596,2023,1,Appartement,31,3,Confort,300,150.9,30.18,2024-09-27,2025-09-26,,
MRH_2023_01597,2023,0,Appartement,20,3,Essentielle,300,110.5,22.1,2023-09-13,2024-09-12,,
MRH_2023_01597,2023,1,Appartement,20,3,Essentielle,300,113.81,22.76,2024-09-13,2025-09-12,,
MRH_2023_01598,2023,0,Appartement,52,3,Essentielle,300,151.3,30.26,2023-05-13,2024-05-12,,
MRH_2023_01598,2023,1,Appartement,52,3,Essentielle,300,155.84,31.17,2024-05-13,2025-05-12,,
MRH_2023_01599,2023,0,Appartement,98,3,Confort,500,227.24,45.45,2023-04-06,2024-04-05,,
MRH_2023_01599,2023,1,Appartement,98,3,Confort,500,234.06,46.81,2024-04-06,2025-04-05,,
MRH_2023_01600,2023,0,Appartement,71,1,Premium,300,228.18,45.64,2023-04-25,2024-04-24,,
MRH_2023_01600,2023,1,Appartement,71,1,Premium,300,235.03,47.01,2024-04-25,2025-04-24,,
MRH_2023_01601,2023,0,Maison,149,4,Premium,300,543.43,108.69,2023-08-02,2024-08-01,,
MRH_2023_01601,2023,1,Maison,149,4,Premium,300,559.73,111.95,2024-08-02,2025-08-01,,
MRH_2023_01602,2023,0,Appartement,32,4,Premium,300,221.26,44.25,2023-09-01,2024-08-31,,
MRH_2023_01602,2023,1,Appartement,32,4,Premium,300,227.9,45.58,2024-09-01,2025-08-31,,
MRH_2023_01603,2023,0,Appartement,74,3,Confort,300,211.0,42.2,2023-08-13,2024-08-12,,
MRH_2023_01603,2023,1,Appartement,74,3,Confort,300,217.33,43.47,2024-08-13,2025-08-12,,
MRH_2023_01604,2023,0,Appartement,85,3,Confort,300,227.5,45.5,2023-11-28,2024-11-27,,
MRH_2023_01604,2023,1,Appartement,85,3,Confort,300,234.33,46.87,2024-11-28,2025-11-27,,
MRH_2023_01605,2023,0,Appartement,65,1,Essentielle,150,156.96,31.39,2023-05-01,2024-04-30,,
MRH_2023_01605,2023,1,Appartement,65,1,Essentielle,150,161.67,32.33,2024-05-01,2025-04-30,,
MRH_2023_01606,2023,0,Appartement,65,3,Essentielle,150,184.66,36.93,2023-06-07,2024-06-06,,
MRH_2023_01606,2023,1,Appartement,65,3,Essentielle,150,190.2,38.04,2024-06-07,2025-06-06,,
MRH_2023_01607,2023,0,Maison,118,2,Confort,300,301.15,60.23,2023-01-04,2024-01-03,,
MRH_2023_01607,2023,1,Maison,118,2,Confort,300,310.18,62.04,2024-01-04,2025-01-03,,
MRH_2023_01608,2023,0,Appartement,40,5,Premium,300,280.8,56.16,2023-02-21,2024-02-20,,
MRH_2023_01608,2023,1,Appartement,40,5,Premium,300,289.22,57.84,2024-02-21,2025-02-20,,
MRH_2023_01609,2023,0,Maison,210,3,Essentielle,150,425.43,85.09,2023-12-08,2024-12-07,,
MRH_2023_01609,2023,1,Maison,210,3,Essentielle,150,438.19,87.64,2024-12-08,2025-12-07,,
MRH_2023_01610,2023,0,Maison,137,3,Essentielle,150,323.04,64.61,2023-12-19,2024-12-18,,
MRH_2023_01610,2023,1,Maison,137,3,Essentielle,150,332.73,66.55,2024-12-19,2025-12-18,,
MRH_2023_01611,2023,0,Maison,128,3,Essentielle,500,259.62,51.92,2023-07-27,2024-07-26,,
MRH_2023_01611,2023,1,Maison,128,3,Essentielle,500,267.41,53.48,2024-07-27,2025-07-26,,
MRH_2023_01612,2023,0,Appartement,72,1,Premium,150,252.82,50.56,2023-05-23,2024-05-22,,
MRH_2023_01612,2023,1,Appartement,72,1,Premium,150,260.4,52.08,2024-05-23,2025-05-22,,
MRH_2023_01613,2023,0,Appartement,66,2,Premium,300,245.76,49.15,2023-12-15,2024-12-14,,
MRH_2023_01613,2023,1,Appartement,66,2,Premium,300,253.13,50.63,2024-12-15,2025-12-14,,
MRH_2023_01614,2023,0,Maison,111,1,Confort,500,239.68,47.94,2023-09-23,2024-09-22,,
MRH_2023_01614,2023,1,Maison,111,1,Confort,500,246.87,49.37,2024-09-23,2025-09-22,,
MRH_2023_01615,2023,0,Appartement,69,2,Confort,500,177.86,35.57,2023-08-18,2024-08-17,,
MRH_2023_01615,2023,1,Appartement,69,2,Confort,500,183.2,36.64,2024-08-18,2025-08-17,,
MRH_2023_01616,2023,0,Maison,109,2,Confort,300,288.32,57.66,2023-06-24,2024-06-23,,
MRH_2023_01616,2023,1,Maison,109,2,Confort,300,296.97,59.39,2024-06-24,2025-06-23,,
MRH_2023_01617,2023,0,Appartement,43,5,Confort,300,222.08,44.42,2023-11-25,2024-11-24,,
MRH_2023_01617,2023,1,Appartement,43,5,Confort,300,228.74,45.75,2024-11-25,2025-11-24,,
MRH_2023_01618,2023,0,Maison,101,3,Premium,150,416.85,83.37,2023-10-09,2024-10-08,,
MRH_2023_01618,2023,1,Maison,101,3,Premium,150,429.36,85.87,2024-10-09,2025-10-08,,
MRH_2023_01619,2023,0,Appartement,47,4,Premium,300,254.9,50.98,2023-01-11,2024-01-10,,
MRH_2023_01619,2023,1,Appartement,47,4,Premium,300,262.55,52.51,2024-01-11,2025-01-10,,
MRH_2023_01620,2023,0,Maison,154,3,Confort,300,371.0,74.2,2023-10-05,2024-10-04,,
MRH_2023_01620,2023,1,Maison,154,3,Confort,300,382.13,76.43,2024-10-05,2025-10-04,,
MRH_2023_01621,2023,0,Maison,138,4,Premium,150,570.64,114.13,2023-09-04,2024-09-03,,
MRH_2023_01621,2023,1,Maison,138,4,Premium,150,587.76,117.55,2024-09-04,2025-09-03,,
MRH_2023_01622,2023,0,Appartement,42,3,Premium,300,211.9,42.38,2023-11-23,2024-11-22,,
MRH_2023_01622,2023,1,Appartement,42,3,Premium,300,218.26,43.65,2024-11-23,2025-11-22,,
MRH_2023_01623,2023,0,Appartement,43,2,Premium,500,186.9,37.38,2023-04-19,2024-04-18,,
MRH_2023_01623,2023,1,Appartement,43,2,Premium,500,192.51,38.5,2024-04-19,2025-04-18,,
MRH_2023_01624,2023,0,Appartement,107,4,Essentielle,500,234.27,46.85,2023-03-27,2024-03-26,,
MRH_2023_01624,2023,1,Appartement,107,4,Essentielle,500,241.3,48.26,2024-03-27,2025-03-26,,
MRH_2023_01625,2023,0,Maison,102,5,Confort,500,363.91,72.78,2023-03-03,2024-03-02,,
MRH_2023_01625,2023,1,Maison,102,5,Confort,500,374.83,74.97,2024-03-03,2025-03-02,,
MRH_2023_01626,2023,0,Appartement,20,4,Essentielle,300,127.08,25.42,2023-09-21,2024-09-20,,
MRH_2023_01626,2023,1,Appartement,20,4,Essentielle,300,130.89,26.18,2024-09-21,2025-09-20,,
MRH_2023_01627,2023,0,Maison,129,1,Essentielle,150,265.05,53.01,2023-02-09,2024-02-08,,
MRH_2023_01627,2023,1,Maison,129,1,Essentielle,150,273.0,54.6,2024-02-09,2025-02-08,,
MRH_2023_01628,2023,0,Appartement,65,5,Confort,150,293.29,58.66,2023-12-20,2024-12-19,,
MRH_2023_01628,2023,1,Appartement,65,5,Confort,150,302.09,60.42,2024-12-20,2025-12-19,,
MRH_2023_01629,2023,0,Appartement,71,3,Confort,150,227.15,45.43,2023-11-16,2024-11-15,,
MRH_2023_01629,2023,1,Appartement,71,3,Confort,150,233.96,46.79,2024-11-16,2025-11-15,,
MRH_2023_01630,2023,0,Appartement,90,2,Essentielle,500,174.58,34.92,2023-07-25,2024-07-24,,
MRH_2023_01630,2023,1,Appartement,90,2,Essentielle,500,179.82,35.96,2024-07-25,2025-07-24,,
MRH_2023_01631,2023,0,Appartement,51,2,Premium,500,200.54,40.11,2023-01-13,2024-01-12,,
MRH_2023_01631,2023,1,Appartement,51,2,Premium,500,138.65,27.73,2024-01-13,2024-09-13,2024-09-13,Déménagement
MRH_2023_01632,2023,0,Appartement,32,3,Essentielle,150,138.38,27.68,2023-08-13,2024-08-12,,
MRH_2023_01632,2023,1,Appartement,32,3,Essentielle,150,142.53,28.51,2024-08-13,2025-08-12,,
MRH_2023_01633,2023,0,Appartement,71,2,Confort,500,180.48,36.1,2023-04-20,2024-04-19,,
MRH_2023_01633,2023,1,Appartement,71,2,Confort,500,185.89,37.18,2024-04-20,2025-04-19,,
MRH_2023_01634,2023,0,Appartement,64,1,Premium,150,238.24,47.65,2023-09-15,2024-09-14,,
MRH_2023_01634,2023,1,Appartement,64,1,Premium,150,245.39,49.08,2024-09-15,2025-09-14,,
MRH_2023_01635,2023,0,Appartement,60,4,Confort,150,240.35,48.07,2023-05-19,2024-05-18,,
MRH_2023_01635,2023,1,Appartement,60,4,Confort,150,247.56,49.51,2024-05-19,2025-05-18,,
MRH_2023_01636,2023,0,Appartement,96,2,Confort,300,231.8,46.36,2023-01-10,2024-01-09,,
MRH_2023_01636,2023,1,Appartement,96,2,Confort,300,238.75,47.75,2024-01-10,2025-01-09,,
MRH_2023_01637,2023,0,Appartement,39,1,Confort,300,134.72,26.94,2023-01-13,2024-01-12,,
MRH_2023_01637,2023,1,Appartement,39,1,Confort,300,138.76,27.75,2024-01-13,2025-01-12,,
MRH_2023_01638,2023,0,Maison,50,5,Confort,150,319.28,63.86,2023-05-06,2024-05-05,,
MRH_2023_01638,2023,1,Maison,50,5,Confort,150,328.86,65.77,2024-05-06,2025-05-05,,
MRH_2023_01639,2023,0,Maison,79,3,Premium,150,369.66,73.93,2023-02-06,2024-02-05,,
MRH_2023_01639,2023,1,Maison,79,3,Premium,150,380.75,76.15,2024-02-06,2025-02-05,,
MRH_2023_01640,2023,0,Maison,96,5,Confort,500,352.73,70.55,2023-08-12,2024-08-11,,
MRH_2023_01640,2023,1,Maison,96,5,Confort,500,363.31,72.66,2024-08-12,2025-08-11,,
MRH_2023_01641,2023,0,Appartement,51,2,Confort,500,154.26,30.85,2023-08-02,2024-08-01,,
MRH_2023_01641,2023,1,Appartement,51,2,Confort,500,158.89,31.78,2024-08-02,2025-08-01,,
MRH_2023_01642,2023,0,Appartement,20,3,Essentielle,300,110.5,22.1,2023-11-12,2024-11-11,,
MRH_2023_01642,2023,1,Appartement,20,3,Essentielle,300,113.81,22.76,2024-11-12,2025-11-11,,
MRH_2023_01643,2023,0,Appartement,67,1,Essentielle,150,159.35,31.87,2023-10-06,2024-10-05,,
MRH_2023_01643,2023,1,Appartement,67,1,Essentielle,150,164.13,32.83,2024-10-06,2025-10-05,,
MRH_2023_01644,2023,0,Appartement,122,5,Confort,300,382.05,76.41,2023-08-03,2024-08-02,,
MRH_2023_01644,2023,1,Appartement,122,5,Confort,300,393.51,78.7,2024-08-03,2025-08-02,,
MRH_2023_01645,2023,0,Maison,102,1,Essentielle,300,211.69,42.34,2023-03-24,2024-03-23,,
MRH_2023_01645,2023,1,Maison,102,1,Essentielle,300,218.04,43.61,2024-03-24,2025-03-23,,
MRH_2023_01646,2023,0,Appartement,58,1,Confort,150,174.84,34.97,2023-09-22,2024-09-21,,
MRH_2023_01646,2023,1,Appartement,58,1,Confort,150,180.09,36.02,2024-09-22,2025-09-21,,
MRH_2023_01647,2023,0,Appartement,49,2,Essentielle,500,128.89,25.78,2023-04-07,2024-04-06,,
MRH_2023_01647,2023,1,Appartement,49,2,Essentielle,500,132.76,26.55,2024-04-07,2025-04-06,,
MRH_2023_01648,2023,0,Appartement,108,2,Essentielle,150,232.72,46.54,2023-03-22,2024-03-21,,
MRH_2023_01648,2023,1,Appartement,108,2,Essentielle,150,239.7,47.94,2024-03-22,2025-03-21,,
MRH_2023_01649,2023,0,Appartement,71,3,Premium,300,268.45,53.69,2023-04-21,2024-04-20,,
MRH_2023_01649,2023,1,Appartement,71,3,Premium,300,276.5,55.3,2024-04-21,2025-04-20,,
MRH_2023_01650,2023,0,Maison,108,2,Essentielle,300,243.86,48.77,2023-07-02,2024-07-01,,
MRH_2023_01650,2023,1,Maison,108,2,Essentielle,300,251.18,50.24,2024-07-02,2025-07-01,,
MRH_2023_01651,2023,0,Appartement,54,2,Confort,300,171.95,34.39,2023-07-15,2024-07-14,,
MRH_2023_01651,2023,1,Appartement,54,2,Confort,300,177.11,35.42,2024-07-15,2025-07-14,,
MRH_2023_01652,2023,0,Maison,156,3,Essentielle,500,292.47,58.49,2023-11-28,2024-11-27,,
MRH_2023_01652,2023,1,Maison,156,3,Essentielle,500,301.24,60.25,2024-11-28,2025-11-27,,
MRH_2023_01653,2023,0,Appartement,48,4,Confort,150,217.58,43.52,2023-07-03,2024-07-02,,
MRH_2023_01653,2023,1,Appartement,48,4,Confort,150,224.11,44.82,2024-07-03,2025-07-02,,
MRH_2023_01654,2023,0,Maison,100,4,Confort,150,366.85,73.37,2023-06-09,2024-06-08,,
MRH_2023_01654,2023,1,Maison,100,4,Confort,150,377.86,75.57,2024-06-09,2025-06-08,,
MRH_2023_01655,2023,0,Appartement,84,2,Confort,300,214.7,42.94,2023-05-28,2024-05-27,,
MRH_2023_01655,2023,1,Appartement,84,2,Confort,300,221.14,44.23,2024-05-28,2025-05-27,,
MRH_2023_01656,2023,0,Appartement,20,2,Premium,300,160.55,32.11,2023-08-11,2024-08-10,,
MRH_2023_01656,2023,1,Appartement,20,2,Premium,300,165.37,33.07,2024-08-11,2025-08-10,,
MRH_2023_01657,2023,0,Appartement,48,3,Essentielle,300,146.2,29.24,2023-05-28,2024-05-27,,
MRH_2023_01657,2023,1,Appartement,48,3,Essentielle,300,150.59,30.12,2024-05-28,2025-05-27,,
MRH_2023_01658,2023,0,Appartement,90,2,Premium,300,290.23,58.05,2023-10-07,2024-10-06,,
MRH_2023_01658,2023,1,Appartement,90,2,Premium,300,298.94,59.79,2024-10-07,2025-10-06,,
MRH_2023_01659,2023,0,Appartement,78,3,Essentielle,500,169.69,33.94,2023-11-22,2024-11-21,,
MRH_2023_01659,2023,1,Appartement,78,3,Essentielle,500,174.78,34.96,2024-11-22,2025-11-21,,
MRH_2023_01660,2023,0,Maison,77,4,Premium,300,381.97,76.39,2023-04-22,2024-04-21,,
MRH_2023_01660,2023,1,Maison,77,4,Premium,300,393.43,78.69,2024-04-22,2025-04-21,,
MRH_2023_01661,2023,0,Maison,94,3,Confort,150,309.1,61.82,2023-12-24,2024-12-23,,
MRH_2023_01661,2023,1,Maison,94,3,Confort,150,318.37,63.67,2024-12-24,2025-12-23,,
MRH_2023_01662,2023,0,Maison,111,2,Confort,300,291.18,58.24,2023-03-21,2024-03-20,,
MRH_2023_01662,2023,1,Maison,111,2,Confort,300,299.92,59.98,2024-03-21,2025-03-20,,
MRH_2023_01663,2023,0,Appartement,34,5,Confort,300,203.85,40.77,2023-03-09,2024-03-08,,
MRH_2023_01663,2023,1,Appartement,34,5,Confort,300,209.97,41.99,2024-03-09,2025-03-08,,
MRH_2023_01664,2023,0,Appartement,90,5,Premium,500,379.43,75.89,2023-01-03,2024-01-02,,
MRH_2023_01664,2023,1,Appartement,90,5,Premium,500,390.81,78.16,2024-01-03,2025-01-02,,
MRH_2023_01665,2023,0,Maison,159,5,Confort,300,510.98,102.2,2023-09-19,2024-09-18,,
MRH_2023_01665,2023,1,Maison,159,5,Confort,300,526.31,105.26,2024-09-19,2025-09-18,,
MRH_2023_01666,2023,0,Appartement,52,5,Confort,500,221.08,44.22,2023-10-04,2024-10-03,,
MRH_2023_01666,2023,1,Appartement,52,5,Confort,500,227.71,45.54,2024-10-04,2025-10-03,,
MRH_2023_01667,2023,0,Appartement,76,2,Premium,150,290.72,58.14,2023-01-28,2024-01-27,,
MRH_2023_01667,2023,1,Appartement,76,2,Premium,150,299.44,59.89,2024-01-28,2025-01-27,,
MRH_2023_01668,2023,0,Appartement,75,3,Essentielle,150,198.69,39.74,2023-12-22,2024-12-21,,
MRH_2023_01668,2023,1,Appartement,75,3,Essentielle,150,204.65,40.93,2024-12-22,2025-12-21,,
MRH_2023_01669,2023,0,Appartement,60,1,Premium,300,209.95,41.99,2023-05-14,2024-05-13,,
MRH_2023_01669,2023,1,Appartement,60,1,Premium,300,216.25,43.25,2024-05-14,2025-05-13,,
MRH_2023_01670,2023,0,Appartement,57,3,Confort,300,185.5,37.1,2023-04-05,2024-04-04,,
MRH_2023_01670,2023,1,Appartement,57,3,Confort,300,160.7,32.14,2024-04-05,2025-02-05,2025-02-05,Concurrent moins cher
MRH_2023_01671,2023,0,Maison,169,2,Confort,150,411.21,82.24,2023-03-03,2024-03-02,,
MRH_2023_01671,2023,1,Maison,169,2,Confort,150,423.55,84.71,2024-03-03,2025-03-02,,
MRH_2023_01672,2023,0,Maison,211,5,Premium,150,881.27,176.25,2023-02-08,2024-02-07,,
MRH_2023_01672,2023,1,Maison,211,5,Premium,150,907.71,181.54,2024-02-08,2025-02-07,,
MRH_2023_01673,2023,0,Appartement,50,2,Essentielle,150,155.44,31.09,2023-01-08,2024-01-07,,
MRH_2023_01673,2023,1,Appartement,50,2,Essentielle,150,160.1,32.02,2024-01-08,2025-01-07,,
MRH_2023_01674,2023,0,Appartement,68,4,Premium,500,277.83,55.57,2023-04-08,2024-04-07,,
MRH_2023_01674,2023,1,Appartement,68,4,Premium,500,286.16,57.23,2024-04-08,2025-04-07,,
MRH_2023_01675,2023,0,Appartement,58,3,Confort,500,172.04,34.41,2023-01-18,2024-01-17,,
MRH_2023_01675,2023,1,Appartement,58,3,Confort,500,177.2,35.44,2024-01-18,2025-01-17,,
MRH_2023_01676,2023,0,Appartement,38,3,Confort,300,157.0,31.4,2023-06-01,2024-05-31,,
MRH_2023_01676,2023,1,Appartement,38,3,Confort,300,161.71,32.34,2024-06-01,2025-05-31,,
MRH_2023_01677,2023,0,Maison,148,2,Confort,500,316.39,63.28,2023-03-26,2024-03-25,,
MRH_2023_01677,2023,1,Maison,148,2,Confort,500,325.88,65.18,2024-03-26,2025-03-25,,
MRH_2023_01678,2023,0,Appartement,35,2,Essentielle,300,123.14,24.63,2023-04-13,2024-04-12,,
MRH_2023_01678,2023,1,Appartement,35,2,Essentielle,300,126.83,25.37,2024-04-13,2025-04-12,,
MRH_2023_01679,2023,0,Appartement,122,2,Confort,500,247.34,49.47,2023-12-26,2024-12-25,,
MRH_2023_01679,2023,1,Appartement,122,2,Confort,500,212.88,42.58,2024-12-26,2025-10-26,2025-10-26,Concurrent moins cher
MRH_2023_01680,2023,0,Appartement,73,1,Confort,500,163.83,32.77,2023-07-03,2024-07-02,,
MRH_2023_01680,2023,1,Appartement,73,1,Confort,500,168.74,33.75,2024-07-03,2025-07-02,,
MRH_2023_01681,2023,0,Appartement,58,2,Essentielle,300,151.0,30.2,2023-10-21,2024-10-20,,
MRH_2023_01681,2023,1,Appartement,58,2,Essentielle,300,155.53,31.11,2024-10-21,2025-10-20,,
MRH_2023_01682,2023,0,Appartement,119,2,Essentielle,500,206.9,41.38,2023-06-02,2024-06-01,,
MRH_2023_01682,2023,1,Appartement,119,2,Essentielle,500,213.11,42.62,2024-06-02,2025-06-01,,
MRH_2023_01683,2023,0,Appartement,74,3,Essentielle,150,197.28,39.46,2023-09-09,2024-09-08,,
MRH_2023_01683,2023,1,Appartement,74,3,Essentielle,150,203.2,40.64,2024-09-09,2025-09-08,,
MRH_2023_01684,2023,0,Appartement,59,4,Essentielle,300,184.26,36.85,2023-04-14,2024-04-13,,
MRH_2023_01684,2023,1,Appartement,59,4,Essentielle,300,189.79,37.96,2024-04-14,2025-04-13,,
MRH_2023_01685,2023,0,Appartement,66,1,Confort,300,169.15,33.83,2023-05-18,2024-05-17,,
MRH_2023_01685,2023,1,Appartement,66,1,Confort,300,174.22,34.84,2024-05-18,2025-05-17,,
MRH_2023_01686,2023,0,Appartement,75,2,Essentielle,300,171.59,34.32,2023-10-23,2024-10-22,,
MRH_2023_01686,2023,1,Appartement,75,2,Essentielle,300,176.74,35.35,2024-10-23,2025-10-22,,
MRH_2023_01687,2023,0,Maison,111,3,Confort,300,306.5,61.3,2023-12-06,2024-12-05,,
MRH_2023_01687,2023,1,Maison,111,3,Confort,300,315.69,63.14,2024-12-06,2025-12-05,,
MRH_2023_01688,2023,0,Maison,189,2,Essentielle,300,341.98,68.4,2023-05-17,2024-05-16,,
MRH_2023_01688,2023,1,Maison,189,2,Essentielle,300,352.24,70.45,2024-05-17,2025-05-16,,
MRH_2023_01689,2023,0,Appartement,84,2,Confort,300,214.7,42.94,2023-04-28,2024-04-27,,
MRH_2023_01689,2023,1,Appartement,84,2,Confort,300,221.14,44.23,2024-04-28,2025-04-27,,
MRH_2023_01690,2023,0,Appartement,49,4,Confort,500,183.56,36.71,2023-03-23,2024-03-22,,
MRH_2023_01690,2023,1,Appartement,49,4,Confort,500,189.07,37.81,2024-03-23,2025-03-22,,
MRH_2023_01691,2023,0,Appartement,38,1,Confort,150,146.79,29.36,2023-05-15,2024-05-14,,
MRH_2023_01691,2023,1,Appartement,38,1,Confort,150,151.19,30.24,2024-05-15,2025-05-14,,
MRH_2023_01692,2023,0,Appartement,32,4,Confort,500,156.58,31.32,2023-09-15,2024-09-14,,
MRH_2023_01692,2023,1,Appartement,32,4,Confort,500,161.28,32.26,2024-09-15,2025-09-14,,
MRH_2023_01693,2023,0,Maison,86,3,Confort,300,269.0,53.8,2023-09-14,2024-09-13,,
MRH_2023_01693,2023,1,Maison,86,3,Confort,300,277.07,55.41,2024-09-14,2025-09-13,,
MRH_2023_01694,2023,0,Maison,163,1,Essentielle,150,305.58,61.12,2023-10-12,2024-10-11,,
MRH_2023_01694,2023,1,Maison,163,1,Essentielle,150,314.75,62.95,2024-10-12,2025-10-11,,
MRH_2023_01695,2023,0,Appartement,85,2,Essentielle,500,169.01,33.8,2023-04-25,2024-04-24,,
MRH_2023_01695,2023,1,Appartement,85,2,Essentielle,500,102.54,20.51,2024-04-25,2024-11-25,2024-11-25,Prix trop élevé
MRH_2023_01696,2023,0,Appartement,51,3,Confort,300,176.5,35.3,2023-11-26,2024-11-25,,
MRH_2023_01696,2023,1,Appartement,51,3,Confort,300,181.8,36.36,2024-11-26,2025-11-25,,
MRH_2023_01697,2023,0,Appartement,82,3,Confort,500,205.16,41.03,2023-12-15,2024-12-14,,
MRH_2023_01697,2023,1,Appartement,82,3,Confort,500,211.31,42.26,2024-12-15,2025-12-14,,
MRH_2023_01698,2023,0,Appartement,66,1,Premium,300,219.9,43.98,2023-03-21,2024-03-20,,
MRH_2023_01698,2023,1,Appartement,66,1,Premium,300,226.5,45.3,2024-03-21,2025-03-20,,
MRH_2023_01699,2023,0,Appartement,91,2,Confort,500,206.7,41.34,2023-02-20,2024-02-19,,
MRH_2023_01699,2023,1,Appartement,91,2,Confort,500,212.9,42.58,2024-02-20,2025-02-19,,
MRH_2023_01700,2023,0,Maison,134,3,Essentielle,500,266.66,53.33,2023-02-12,2024-02-11,,
MRH_2023_01700,2023,1,Maison,134,3,Essentielle,500,274.66,54.93,2024-02-12,2025-02-11,,
MRH_2023_01701,2023,0,Appartement,61,1,Confort,300,162.78,32.56,2023-01-01,2023-12-31,,
MRH_2023_01701,2023,1,Appartement,61,1,Confort,300,167.66,33.53,2024-01-01,2024-12-31,,
MRH_2023_01702,2023,0,Maison,119,2,Confort,300,302.57,60.51,2023-10-15,2024-10-14,,
MRH_2023_01702,2023,1,Maison,119,2,Confort,300,311.65,62.33,2024-10-15,2025-10-14,,
MRH_2023_01703,2023,0,Appartement,34,3,Premium,500,180.6,36.12,2023-07-25,2024-07-24,,
MRH_2023_01703,2023,1,Appartement,34,3,Premium,500,186.02,37.2,2024-07-25,2025-07-24,,
MRH_2023_01704,2023,0,Maison,173,3,Confort,150,439.45,87.89,2023-03-27,2024-03-26,,
MRH_2023_01704,2023,1,Maison,173,3,Confort,150,452.63,90.53,2024-03-27,2025-03-26,,
MRH_2023_01705,2023,0,Maison,60,2,Essentielle,300,185.72,37.14,2023-02-20,2024-02-19,,
MRH_2023_01705,2023,1,Maison,60,2,Essentielle,300,191.29,38.26,2024-02-20,2025-02-19,,
MRH_2023_01706,2023,0,Appartement,79,1,Essentielle,300,157.87,31.57,2023-04-14,2024-04-13,,
MRH_2023_01706,2023,1,Appartement,79,1,Essentielle,300,162.61,32.52,2024-04-14,2025-04-13,,
MRH_2023_01707,2023,0,Appartement,71,3,Essentielle,300,175.53,35.11,2023-01-03,2024-01-02,,
MRH_2023_01707,2023,1,Appartement,71,3,Essentielle,300,180.8,36.16,2024-01-03,2025-01-02,,
MRH_2023_01708,2023,0,Appartement,52,3,Confort,300,178.0,35.6,2023-08-06,2024-08-05,,
MRH_2023_01708,2023,1,Appartement,52,3,Confort,300,183.34,36.67,2024-08-06,2025-08-05,,
MRH_2023_01709,2023,0,Appartement,89,4,Confort,300,268.52,53.7,2023-08-09,2024-08-08,,
MRH_2023_01709,2023,1,Appartement,89,4,Confort,300,276.58,55.32,2024-08-09,2025-08-08,,
MRH_2023_01710,2023,0,Appartement,78,5,Confort,300,292.95,58.59,2023-09-05,2024-09-04,,
MRH_2023_01710,2023,1,Appartement,78,5,Confort,300,301.74,60.35,2024-09-05,2025-09-04,,
MRH_2023_01711,2023,0,Maison,68,4,Confort,300,278.3,55.66,2023-04-27,2024-04-26,,
MRH_2023_01711,2023,1,Maison,68,4,Confort,300,192.4,38.48,2024-04-27,2024-12-27,2024-12-27,Concurrent moins cher
MRH_2023_01712,2023,0,Appartement,44,3,Confort,500,152.72,30.54,2023-01-19,2024-01-18,,
MRH_2023_01712,2023,1,Appartement,44,3,Confort,500,157.3,31.46,2024-01-19,2025-01-18,,
MRH_2023_01713,2023,0,Maison,137,2,Confort,300,328.22,65.64,2023-08-05,2024-08-04,,
MRH_2023_01713,2023,1,Maison,137,2,Confort,300,338.07,67.61,2024-08-05,2025-08-04,,
MRH_2023_01714,2023,0,Maison,134,3,Confort,500,313.72,62.74,2023-07-19,2024-07-18,,
MRH_2023_01714,2023,1,Maison,134,3,Confort,500,323.13,64.63,2024-07-19,2025-07-18,,
MRH_2023_01715,2023,0,Appartement,79,5,Essentielle,300,250.73,50.15,2023-01-14,2024-01-13,,
MRH_2023_01715,2023,1,Appartement,79,5,Essentielle,300,258.25,51.65,2024-01-14,2025-01-13,,
MRH_2023_01716,2023,0,Appartement,89,3,Premium,300,303.55,60.71,2023-06-04,2024-06-03,,
MRH_2023_01716,2023,1,Appartement,89,3,Premium,300,312.66,62.53,2024-06-04,2025-06-03,,
MRH_2023_01717,2023,0,Appartement,122,2,Essentielle,500,210.24,42.05,2023-04-10,2024-04-09,,
MRH_2023_01717,2023,1,Appartement,122,2,Essentielle,500,216.55,43.31,2024-04-10,2025-04-09,,
MRH_2023_01718,2023,0,Maison,118,2,Confort,500,277.06,55.41,2023-02-04,2024-02-03,,
MRH_2023_01718,2023,1,Maison,118,2,Confort,500,285.37,57.07,2024-02-04,2025-02-03,,
MRH_2023_01719,2023,0,Maison,169,3,Essentielle,300,334.47,66.89,2023-01-01,2023-12-31,,
MRH_2023_01719,2023,1,Maison,169,3,Essentielle,300,344.5,68.9,2024-01-01,2024-12-31,,
MRH_2023_01720,2023,0,Appartement,66,2,Premium,300,245.76,49.15,2023-11-19,2024-11-18,,
MRH_2023_01720,2023,1,Appartement,66,2,Premium,300,253.13,50.63,2024-11-19,2025-11-18,,
MRH_2023_01721,2023,0,Appartement,60,5,Essentielle,150,239.83,47.97,2023-10-01,2024-09-30,,
MRH_2023_01721,2023,1,Appartement,60,5,Essentielle,150,247.02,49.4,2024-10-01,2025-09-30,,
MRH_2023_01722,2023,0,Appartement,75,2,Confort,500,185.72,37.14,2023-02-09,2024-02-08,,
MRH_2023_01722,2023,1,Appartement,75,2,Confort,500,191.29,38.26,2024-02-09,2025-02-08,,
MRH_2023_01723,2023,0,Maison,50,2,Essentielle,300,173.61,34.72,2023-03-21,2024-03-20,,
MRH_2023_01723,2023,1,Maison,50,2,Essentielle,300,178.82,35.76,2024-03-21,2025-03-20,,
MRH_2023_01724,2023,0,Appartement,57,3,Essentielle,300,157.67,31.53,2023-01-13,2024-01-12,,
MRH_2023_01724,2023,1,Appartement,57,3,Essentielle,300,162.4,32.48,2024-01-13,2025-01-12,,
MRH_2023_01725,2023,0,Maison,95,2,Confort,300,268.38,53.68,2023-11-23,2024-11-22,,
MRH_2023_01725,2023,1,Maison,95,2,Confort,300,276.43,55.29,2024-11-23,2025-11-22,,
MRH_2023_01726,2023,0,Appartement,22,5,Confort,300,179.55,35.91,2023-11-11,2024-11-10,,
MRH_2023_01726,2023,1,Appartement,22,5,Confort,300,184.94,36.99,2024-11-11,2025-11-10,,
MRH_2023_01727,2023,0,Appartement,63,1,Premium,300,214.92,42.98,2023-02-15,2024-02-14,,
MRH_2023_01727,2023,1,Appartement,63,1,Premium,300,221.37,44.27,2024-02-15,2025-02-14,,
MRH_2023_01728,2023,0,Maison,109,2,Essentielle,300,245.08,49.02,2023-10-08,2024-10-07,,
MRH_2023_01728,2023,1,Maison,109,2,Essentielle,300,252.43,50.49,2024-10-08,2025-10-07,,
MRH_2023_01729,2023,0,Appartement,90,5,Confort,300,317.25,63.45,2023-12-07,2024-12-06,,
MRH_2023_01729,2023,1,Appartement,90,5,Confort,300,326.77,65.35,2024-12-07,2025-12-06,,
MRH_2023_01730,2023,0,Maison,160,2,Confort,300,361.0,72.2,2023-02-02,2024-02-01,,
MRH_2023_01730,2023,1,Maison,160,2,Confort,300,154.84,30.97,2024-02-02,2024-07-02,2024-07-02,Insatisfaction service
MRH_2023_01731,2023,0,Appartement,28,2,Confort,300,134.9,26.98,2023-08-05,2024-08-04,,
MRH_2023_01731,2023,1,Appartement,28,2,Confort,300,138.95,27.79,2024-08-05,2025-08-04,,
MRH_2023_01732,2023,0,Maison,120,3,Confort,300,320.0,64.0,2023-01-28,2024-01-27,,
MRH_2023_01732,2023,1,Maison,120,3,Confort,300,329.6,65.92,2024-01-28,2025-01-27,,
MRH_2023_01733,2023,0,Maison,80,5,Essentielle,300,298.35,59.67,2023-04-17,2024-04-16,,
MRH_2023_01733,2023,1,Maison,80,5,Essentielle,300,307.3,61.46,2024-04-17,2025-04-16,,
MRH_2023_01734,2023,0,Maison,143,5,Confort,500,440.29,88.06,2023-01-25,2024-01-24,,
MRH_2023_01734,2023,1,Maison,143,5,Confort,500,227.37,45.47,2024-01-25,2024-07-25,2024-07-25,Concurrent moins cher
MRH_2023_01735,2023,0,Maison,117,3,Premium,300,410.15,82.03,2023-04-05,2024-04-04,,
MRH_2023_01735,2023,1,Maison,117,3,Premium,300,422.45,84.49,2024-04-05,2025-04-04,,
MRH_2023_01736,2023,0,Maison,122,3,Confort,500,297.16,59.43,2023-09-19,2024-09-18,,
MRH_2023_01736,2023,1,Maison,122,3,Confort,500,306.07,61.21,2024-09-19,2025-09-18,,
MRH_2023_01737,2023,0,Maison,50,4,Confort,300,247.25,49.45,2023-09-25,2024-09-24,,
MRH_2023_01737,2023,1,Maison,50,4,Confort,300,254.67,50.93,2024-09-25,2025-09-24,,
MRH_2023_01738,2023,0,Appartement,89,1,Confort,150,218.32,43.66,2023-08-27,2024-08-26,,
MRH_2023_01738,2023,1,Appartement,89,1,Confort,150,224.87,44.97,2024-08-27,2025-08-26,,
MRH_2023_01739,2023,0,Maison,167,2,Essentielle,300,315.33,63.07,2023-08-09,2024-08-08,,
MRH_2023_01739,2023,1,Maison,167,2,Essentielle,300,324.79,64.96,2024-08-09,2025-08-08,,
MRH_2023_01740,2023,0,Maison,91,1,Essentielle,300,199.77,39.95,2023-07-09,2024-07-08,,
MRH_2023_01740,2023,1,Maison,91,1,Essentielle,300,69.91,13.98,2024-07-09,2024-11-09,2024-11-09,Déménagement
MRH_2023_01741,2023,0,Appartement,73,1,Essentielle,150,166.5,33.3,2023-05-18,2024-05-17,,
MRH_2023_01741,2023,1,Appartement,73,1,Essentielle,150,171.5,34.3,2024-05-18,2025-05-17,,
MRH_2023_01742,2023,0,Appartement,48,3,Confort,300,172.0,34.4,2023-10-22,2024-10-21,,
MRH_2023_01742,2023,1,Appartement,48,3,Confort,300,148.04,29.61,2024-10-22,2025-08-22,2025-08-22,Prix trop élevé
MRH_2023_01743,2023,0,Appartement,23,4,Premium,500,184.99,37.0,2023-09-24,2024-09-23,,
MRH_2023_01743,2023,1,Appartement,23,4,Premium,500,190.54,38.11,2024-09-24,2025-09-23,,
MRH_2023_01744,2023,0,Appartement,50,2,Confort,150,182.88,36.58,2023-06-21,2024-06-20,,
MRH_2023_01744,2023,1,Appartement,50,2,Confort,150,188.37,37.67,2024-06-21,2025-06-20,,
MRH_2023_01745,2023,0,Appartement,111,3,Essentielle,300,226.53,45.31,2023-11-09,2024-11-08,,
MRH_2023_01745,2023,1,Appartement,111,3,Essentielle,300,233.33,46.67,2024-11-09,2025-11-08,,
MRH_2023_01746,2023,0,Maison,174,2,Essentielle,150,356.19,71.24,2023-05-10,2024-05-09,,
MRH_2023_01746,2023,1,Maison,174,2,Essentielle,150,366.88,73.38,2024-05-10,2025-05-09,,
MRH_2023_01747,2023,0,Maison,109,2,Essentielle,150,269.58,53.92,2023-04-03,2024-04-02,,
MRH_2023_01747,2023,1,Maison,109,2,Essentielle,150,277.67,55.53,2024-04-03,2025-04-02,,
MRH_2023_01748,2023,0,Maison,107,5,Premium,150,580.12,116.02,2023-08-11,2024-08-10,,
MRH_2023_01748,2023,1,Maison,107,5,Premium,150,597.52,119.5,2024-08-11,2025-08-10,,
MRH_2023_01749,2023,0,Maison,128,1,Confort,300,282.2,56.44,2023-02-12,2024-02-11,,
MRH_2023_01749,2023,1,Maison,128,1,Confort,300,290.67,58.13,2024-02-12,2025-02-11,,
MRH_2023_01750,2023,0,Appartement,37,2,Essentielle,300,125.57,25.11,2023-12-01,2024-11-30,,
MRH_2023_01750,2023,1,Appartement,37,2,Essentielle,300,129.34,25.87,2024-12-01,2025-11-30,,
MRH_2023_01751,2023,0,Maison,186,5,Essentielle,300,480.8,96.16,2023-03-17,2024-03-16,,
MRH_2023_01751,2023,1,Maison,186,5,Essentielle,300,495.22,99.04,2024-03-17,2025-03-16,,
MRH_2023_01752,2023,0,Appartement,56,3,Premium,300,239.2,47.84,2023-01-11,2024-01-10,,
MRH_2023_01752,2023,1,Appartement,56,3,Premium,300,246.38,49.28,2024-01-11,2025-01-10,,
MRH_2023_01753,2023,0,Maison,53,4,Confort,300,252.42,50.48,2023-04-20,2024-04-19,,
MRH_2023_01753,2023,1,Maison,53,4,Confort,300,259.99,52.0,2024-04-20,2025-04-19,,
MRH_2023_01754,2023,0,Maison,149,3,Essentielle,300,308.97,61.79,2023-11-25,2024-11-24,,
MRH_2023_01754,2023,1,Maison,149,3,Essentielle,300,318.24,63.65,2024-11-25,2025-11-24,,
MRH_2023_01755,2023,0,Maison,76,2,Essentielle,500,188.7,37.74,2023-04-01,2024-03-31,,
MRH_2023_01755,2023,1,Maison,76,2,Essentielle,500,194.36,38.87,2024-04-01,2025-03-31,,
MRH_2023_01756,2023,0,Appartement,88,3,Confort,300,232.0,46.4,2023-07-24,2024-07-23,,
MRH_2023_01756,2023,1,Appartement,88,3,Confort,300,238.96,47.79,2024-07-24,2025-07-23,,
MRH_2023_01757,2023,0,Maison,130,4,Confort,150,423.77,84.75,2023-10-05,2024-10-04,,
MRH_2023_01757,2023,1,Maison,130,4,Confort,150,436.48,87.3,2024-10-05,2025-10-04,,
MRH_2023_01758,2023,0,Appartement,56,3,Confort,150,202.4,40.48,2023-10-26,2024-10-25,,
MRH_2023_01758,2023,1,Appartement,56,3,Confort,150,191.91,38.38,2024-10-26,2025-09-26,2025-09-26,Concurrent moins cher
MRH_2023_01759,2023,0,Appartement,39,1,Essentielle,300,114.52,22.9,2023-11-05,2024-11-04,,
MRH_2023_01759,2023,1,Appartement,39,1,Essentielle,300,117.96,23.59,2024-11-05,2025-11-04,,
MRH_2023_01760,2023,0,Maison,110,5,Essentielle,500,321.99,64.4,2023-02-17,2024-02-16,,
MRH_2023_01760,2023,1,Maison,110,5,Essentielle,500,331.65,66.33,2024-02-17,2025-02-16,,
MRH_2023_01761,2023,0,Appartement,63,1,Essentielle,300,140.53,28.11,2023-12-03,2024-12-02,,
MRH_2023_01761,2023,1,Appartement,63,1,Essentielle,300,144.75,28.95,2024-12-03,2025-12-02,,
MRH_2023_01762,2023,0,Maison,79,3,Premium,300,336.05,67.21,2023-02-04,2024-02-03,,
MRH_2023_01762,2023,1,Maison,79,3,Premium,300,346.13,69.23,2024-02-04,2025-02-03,,
MRH_2023_01763,2023,0,Maison,111,3,Confort,150,337.15,67.43,2023-04-02,2024-04-01,,
MRH_2023_01763,2023,1,Maison,111,3,Confort,150,347.26,69.45,2024-04-02,2025-04-01,,
MRH_2023_01764,2023,0,Maison,138,3,Confort,150,381.7,76.34,2023-12-18,2024-12-17,,
MRH_2023_01764,2023,1,Maison,138,3,Confort,150,393.15,78.63,2024-12-18,2025-12-17,,
MRH_2023_01765,2023,0,Maison,50,3,Essentielle,500,168.13,33.63,2023-01-10,2024-01-09,,
MRH_2023_01765,2023,1,Maison,50,3,Essentielle,500,173.17,34.63,2024-01-10,2025-01-09,,
MRH_2023_01766,2023,0,Appartement,49,3,Essentielle,150,162.22,32.44,2023-03-03,2024-03-02,,
MRH_2023_01766,2023,1,Appartement,49,3,Essentielle,150,167.09,33.42,2024-03-03,2025-03-02,,
MRH_2023_01767,2023,0,Maison,204,1,Premium,500,453.4,90.68,2023-09-04,2024-09-03,,
MRH_2023_01767,2023,1,Maison,204,1,Premium,500,467.0,93.4,2024-09-04,2025-09-03,,
MRH_2023_01768,2023,0,Appartement,66,3,Confort,150,218.9,43.78,2023-06-06,2024-06-05,,
MRH_2023_01768,2023,1,Appartement,66,3,Confort,150,225.47,45.09,2024-06-06,2025-06-05,,
MRH_2023_01769,2023,0,Maison,114,4,Confort,300,357.65,71.53,2023-03-24,2024-03-23,,
MRH_2023_01769,2023,1,Maison,114,4,Confort,300,368.38,73.68,2024-03-24,2025-03-23,,
MRH_2023_01770,2023,0,Maison,102,3,Premium,150,418.99,83.8,2023-11-17,2024-11-16,,
MRH_2023_01770,2023,1,Maison,102,3,Premium,150,431.56,86.31,2024-11-17,2025-11-16,,
MRH_2023_01771,2023,0,Appartement,58,3,Essentielle,500,146.23,29.25,2023-04-20,2024-04-19,,
MRH_2023_01771,2023,1,Appartement,58,3,Essentielle,500,150.62,30.12,2024-04-20,2025-04-19,,
MRH_2023_01772,2023,0,Appartement,20,3,Essentielle,500,101.66,20.33,2023-10-14,2024-10-13,,
MRH_2023_01772,2023,1,Appartement,20,3,Essentielle,500,104.71,20.94,2024-10-14,2025-10-13,,
MRH_2023_01773,2023,0,Appartement,65,1,Confort,500,154.44,30.89,2023-01-04,2024-01-03,,
MRH_2023_01773,2023,1,Appartement,65,1,Confort,500,159.07,31.81,2024-01-04,2025-01-03,,
MRH_2023_01774,2023,0,Appartement,114,2,Essentielle,300,218.83,43.77,2023-11-19,2024-11-18,,
MRH_2023_01774,2023,1,Appartement,114,2,Essentielle,300,225.39,45.08,2024-11-19,2025-11-18,,
MRH_2023_01775,2023,0,Maison,127,5,Confort,150,490.79,98.16,2023-11-13,2024-11-12,,
MRH_2023_01775,2023,1,Maison,127,5,Confort,150,505.51,101.1,2024-11-13,2025-11-12,,
MRH_2023_01776,2023,0,Appartement,70,5,Confort,300,276.75,55.35,2023-12-04,2024-12-03,,
MRH_2023_01776,2023,1,Appartement,70,5,Confort,300,285.05,57.01,2024-12-04,2025-12-03,,
MRH_2023_01777,2023,0,Appartement,78,1,Confort,150,202.9,40.58,2023-06-11,2024-06-10,,
MRH_2023_01777,2023,1,Appartement,78,1,Confort,150,208.99,41.8,2024-06-11,2025-06-10,,
MRH_2023_01778,2023,0,Appartement,75,3,Essentielle,300,180.62,36.12,2023-11-05,2024-11-04,,
MRH_2023_01778,2023,1,Appartement,75,3,Essentielle,300,186.04,37.21,2024-11-05,2025-11-04,,
MRH_2023_01779,2023,0,Appartement,98,3,Confort,300,247.0,49.4,2023-07-02,2024-07-01,,
MRH_2023_01779,2023,1,Appartement,98,3,Confort,300,254.41,50.88,2024-07-02,2025-07-01,,
MRH_2023_01780,2023,0,Appartement,28,2,Confort,150,148.39,29.68,2023-12-15,2024-12-14,,
MRH_2023_01780,2023,1,Appartement,28,2,Confort,150,152.84,30.57,2024-12-15,2025-12-14,,
MRH_2023_01781,2023,0,Appartement,80,2,Essentielle,150,195.42,39.08,2023-08-26,2024-08-25,,
MRH_2023_01781,2023,1,Appartement,80,2,Essentielle,150,201.28,40.26,2024-08-26,2025-08-25,,
MRH_2023_01782,2023,0,Appartement,78,3,Essentielle,300,184.45,36.89,2023-08-07,2024-08-06,,
MRH_2023_01782,2023,1,Appartement,78,3,Essentielle,300,189.98,38.0,2024-08-07,2025-08-06,,
MRH_2023_01783,2023,0,Appartement,40,2,Essentielle,300,129.2,25.84,2023-01-25,2024-01-24,,
MRH_2023_01783,2023,1,Appartement,40,2,Essentielle,300,133.08,26.62,2024-01-25,2025-01-24,,
MRH_2023_01784,2023,0,Appartement,68,2,Premium,300,249.47,49.89,2023-02-09,2024-02-08,,
MRH_2023_01784,2023,1,Appartement,68,2,Premium,300,256.95,51.39,2024-02-09,2025-02-08,,
MRH_2023_01785,2023,0,Appartement,57,3,Confort,500,170.66,34.13,2023-01-03,2024-01-02,,
MRH_2023_01785,2023,1,Appartement,57,3,Confort,500,175.78,35.16,2024-01-03,2025-01-02,,
MRH_2023_01786,2023,0,Maison,90,2,Essentielle,300,222.06,44.41,2023-11-18,2024-11-17,,
MRH_2023_01786,2023,1,Maison,90,2,Essentielle,300,228.72,45.74,2024-11-18,2025-11-17,,
MRH_2023_01787,2023,0,Appartement,115,3,Premium,150,389.68,77.94,2023-03-01,2024-02-29,,
MRH_2023_01787,2023,1,Appartement,115,3,Premium,150,401.37,80.27,2024-03-01,2025-02-28,,
MRH_2023_01788,2023,0,Maison,78,3,Confort,150,282.7,56.54,2023-08-07,2024-08-06,,
MRH_2023_01788,2023,1,Maison,78,3,Confort,150,291.18,58.24,2024-08-07,2025-08-06,,
MRH_2023_01789,2023,0,Maison,112,3,Essentielle,300,261.8,52.36,2023-11-13,2024-11-12,,
MRH_2023_01789,2023,1,Maison,112,3,Essentielle,300,269.65,53.93,2024-11-13,2025-11-12,,
MRH_2023_01790,2023,0,Maison,78,3,Confort,500,236.44,47.29,2023-08-20,2024-08-19,,
MRH_2023_01790,2023,1,Maison,78,3,Confort,500,243.53,48.71,2024-08-20,2025-08-19,,
MRH_2023_01791,2023,0,Appartement,86,3,Essentielle,300,194.65,38.93,2023-08-08,2024-08-07,,
MRH_2023_01791,2023,1,Appartement,86,3,Essentielle,300,200.49,40.1,2024-08-08,2025-08-07,,
MRH_2023_01792,2023,0,Appartement,71,3,Essentielle,300,175.53,35.11,2023-04-14,2024-04-13,,
MRH_2023_01792,2023,1,Appartement,71,3,Essentielle,300,180.8,36.16,2024-04-14,2025-04-13,,
MRH_2023_01793,2023,0,Appartement,20,1,Confort,500,101.66,20.33,2023-12-05,2024-12-04,,
MRH_2023_01793,2023,1,Appartement,20,1,Confort,500,104.71,20.94,2024-12-05,2025-12-04,,
MRH_2023_01794,2023,0,Appartement,108,2,Essentielle,150,232.72,46.54,2023-10-14,2024-10-13,,
MRH_2023_01794,2023,1,Appartement,108,2,Essentielle,150,239.7,47.94,2024-10-14,2025-10-13,,
MRH_2023_01795,2023,0,Appartement,41,2,Essentielle,300,130.41,26.08,2023-10-04,2024-10-03,,
MRH_2023_01795,2023,1,Appartement,41,2,Essentielle,300,134.32,26.86,2024-10-04,2025-10-03,,
MRH_2023_01796,2023,0,Appartement,50,3,Confort,300,175.0,35.0,2023-01-16,2024-01-15,,
MRH_2023_01796,2023,1,Appartement,50,3,Confort,300,180.25,36.05,2024-01-16,2025-01-15,,
MRH_2023_01797,2023,0,Appartement,43,1,Premium,300,181.77,36.35,2023-07-11,2024-07-10,,
MRH_2023_01797,2023,1,Appartement,43,1,Premium,300,187.22,37.44,2024-07-11,2025-07-10,,
MRH_2023_01798,2023,0,Appartement,32,2,Confort,150,154.66,30.93,2023-07-23,2024-07-22,,
MRH_2023_01798,2023,1,Appartement,32,2,Confort,150,159.3,31.86,2024-07-23,2025-07-22,,
MRH_2023_01799,2023,0,Appartement,28,1,Essentielle,150,112.85,22.57,2023-11-09,2024-11-08,,
MRH_2023_01799,2023,1,Appartement,28,1,Essentielle,150,116.24,23.25,2024-11-09,2025-11-08,,
MRH_2023_01800,2023,0,Maison,138,2,Essentielle,300,280.2,56.04,2023-04-27,2024-04-26,,
MRH_2023_01800,2023,1,Maison,138,2,Essentielle,300,288.61,57.72,2024-04-27,2025-04-26,,
MRH_2023_01801,2023,0,Appartement,29,2,Essentielle,150,127.46,25.49,2023-12-24,2024-12-23,,
MRH_2023_01801,2023,1,Appartement,29,2,Essentielle,150,131.28,26.26,2024-12-24,2025-12-23,,
MRH_2023_01802,2023,0,Maison,134,4,Essentielle,500,306.66,61.33,2023-03-23,2024-03-22,,
MRH_2023_01802,2023,1,Maison,134,4,Essentielle,500,80.48,16.1,2024-03-23,2024-06-23,2024-06-23,Insatisfaction service
MRH_2023_01803,2023,0,Appartement,68,2,Premium,500,229.51,45.9,2023-02-03,2024-02-02,,
MRH_2023_01803,2023,1,Appartement,68,2,Premium,500,236.4,47.28,2024-02-03,2025-02-02,,
MRH_2023_01804,2023,0,Appartement,70,2,Essentielle,300,165.54,33.11,2023-12-27,2024-12-26,,
MRH_2023_01804,2023,1,Appartement,70,2,Essentielle,300,170.51,34.1,2024-12-27,2025-12-26,,
MRH_2023_01805,2023,0,Maison,101,3,Premium,300,378.95,75.79,2023-08-06,2024-08-05,,
MRH_2023_01805,2023,1,Maison,101,3,Premium,300,390.32,78.06,2024-08-06,2025-08-05,,
MRH_2023_01806,2023,0,Appartement,20,3,Essentielle,500,101.66,20.33,2023-07-06,2024-07-05,,
MRH_2023_01806,2023,1,Appartement,20,3,Essentielle,500,104.71,20.94,2024-07-06,2025-07-05,,
MRH_2023_01807,2023,0,Maison,114,2,Confort,150,325.0,65.0,2023-04-13,2024-04-12,,
MRH_2023_01807,2023,1,Maison,114,2,Confort,150,334.75,66.95,2024-04-13,2025-04-12,,
MRH_2023_01808,2023,0,Maison,150,3,Essentielle,150,341.28,68.26,2023-12-05,2024-12-04,,
MRH_2023_01808,2023,1,Maison,150,3,Essentielle,150,351.52,70.3,2024-12-05,2025-12-04,,
MRH_2023_01809,2023,0,Appartement,46,1,Confort,300,143.65,28.73,2023-01-17,2024-01-16,,
MRH_2023_01809,2023,1,Appartement,46,1,Confort,300,147.96,29.59,2024-01-17,2025-01-16,,
MRH_2023_01810,2023,0,Maison,50,4,Essentielle,150,231.18,46.24,2023-09-28,2024-09-27,,
MRH_2023_01810,2023,1,Maison,50,4,Essentielle,150,238.12,47.62,2024-09-28,2025-09-27,,
MRH_2023_01811,2023,0,Maison,122,2,Confort,300,306.85,61.37,2023-05-11,2024-05-10,,
MRH_2023_01811,2023,1,Maison,122,2,Confort,300,316.06,63.21,2024-05-11,2025-05-10,,
MRH_2023_01812,2023,0,Maison,170,1,Confort,300,335.75,67.15,2023-03-26,2024-03-25,,
MRH_2023_01812,2023,1,Maison,170,1,Confort,300,345.82,69.16,2024-03-26,2025-03-25,,
MRH_2023_01813,2023,0,Maison,139,3,Confort,150,383.35,76.67,2023-12-25,2024-12-24,,
MRH_2023_01813,2023,1,Maison,139,3,Confort,150,394.85,78.97,2024-12-25,2025-12-24,,
MRH_2023_01814,2023,0,Appartement,72,2,Premium,150,282.57,56.51,2023-01-25,2024-01-24,,
MRH_2023_01814,2023,1,Appartement,72,2,Premium,150,25.51,5.1,2024-01-25,2024-02-25,2024-02-25,Déménagement
MRH_2023_01815,2023,0,Maison,117,2,Confort,150,329.7,65.94,2023-02-23,2024-02-22,,
MRH_2023_01815,2023,1,Maison,117,2,Confort,150,339.59,67.92,2024-02-23,2025-02-22,,
MRH_2023_01816,2023,0,Maison,103,1,Confort,300,250.32,50.06,2023-01-26,2024-01-25,,
MRH_2023_01816,2023,1,Maison,103,1,Confort,300,257.83,51.57,2024-01-26,2025-01-25,,
MRH_2023_01817,2023,0,Maison,142,2,Confort,150,368.88,73.78,2023-09-21,2024-09-20,,
MRH_2023_01817,2023,1,Maison,142,2,Confort,150,379.95,75.99,2024-09-21,2025-09-20,,
MRH_2023_01818,2023,0,Appartement,67,2,Confort,300,190.47,38.09,2023-10-22,2024-10-21,,
MRH_2023_01818,2023,1,Appartement,67,2,Confort,300,196.18,39.24,2024-10-22,2025-10-21,,
MRH_2023_01819,2023,0,Appartement,20,1,Essentielle,300,93.92,18.78,2023-09-20,2024-09-19,,
MRH_2023_01819,2023,1,Appartement,20,1,Essentielle,300,96.74,19.35,2024-09-20,2025-09-19,,
MRH_2023_01820,2023,0,Appartement,68,3,Confort,500,185.84,37.17,2023-01-02,2024-01-01,,
MRH_2023_01820,2023,1,Appartement,68,3,Confort,500,191.42,38.28,2024-01-02,2025-01-01,,
MRH_2023_01821,2023,0,Appartement,63,2,Essentielle,300,157.06,31.41,2023-12-17,2024-12-16,,
MRH_2023_01821,2023,1,Appartement,63,2,Essentielle,300,161.77,32.35,2024-12-17,2025-12-16,,
MRH_2023_01822,2023,0,Appartement,83,2,Essentielle,500,166.78,33.36,2023-03-26,2024-03-25,,
MRH_2023_01822,2023,1,Appartement,83,2,Essentielle,500,171.78,34.36,2024-03-26,2025-03-25,,
MRH_2023_01823,2023,0,Appartement,48,2,Premium,500,195.43,39.09,2023-12-02,2024-12-01,,
MRH_2023_01823,2023,1,Appartement,48,2,Premium,500,201.29,40.26,2024-12-02,2025-12-01,,
MRH_2023_01824,2023,0,Appartement,98,3,Confort,300,247.0,49.4,2023-07-20,2024-07-19,,
MRH_2023_01824,2023,1,Appartement,98,3,Confort,300,254.41,50.88,2024-07-20,2025-07-19,,
MRH_2023_01825,2023,0,Appartement,32,1,Confort,300,125.8,25.16,2023-03-03,2024-03-02,,
MRH_2023_01825,2023,1,Appartement,32,1,Confort,300,129.57,25.91,2024-03-03,2025-03-02,,
MRH_2023_01826,2023,0,Maison,72,5,Premium,300,435.24,87.05,2023-09-04,2024-09-03,,
MRH_2023_01826,2023,1,Maison,72,5,Premium,300,448.3,89.66,2024-09-04,2025-09-03,,
MRH_2023_01827,2023,0,Maison,117,3,Premium,300,410.15,82.03,2023-09-16,2024-09-15,,
MRH_2023_01827,2023,1,Maison,117,3,Premium,300,422.45,84.49,2024-09-16,2025-09-15,,
MRH_2023_01828,2023,0,Maison,88,3,Confort,300,272.0,54.4,2023-09-21,2024-09-20,,
MRH_2023_01828,2023,1,Maison,88,3,Confort,300,280.16,56.03,2024-09-21,2025-09-20,,
MRH_2023_01829,2023,0,Appartement,70,3,Confort,300,205.0,41.0,2023-12-06,2024-12-05,,
MRH_2023_01829,2023,1,Appartement,70,3,Confort,300,211.15,42.23,2024-12-06,2025-12-05,,
MRH_2023_01830,2023,0,Maison,132,3,Essentielle,300,287.3,57.46,2023-03-01,2024-02-29,,
MRH_2023_01830,2023,1,Maison,132,3,Essentielle,300,295.92,59.18,2024-03-01,2025-02-28,,
MRH_2023_01831,2023,0,Appartement,60,3,Confort,300,190.0,38.0,2023-02-10,2024-02-09,,
MRH_2023_01831,2023,1,Appartement,60,3,Confort,300,195.7,39.14,2024-02-10,2025-02-09,,
MRH_2023_01832,2023,0,Appartement,41,3,Essentielle,500,126.29,25.26,2023-05-21,2024-05-20,,
MRH_2023_01832,2023,1,Appartement,41,3,Essentielle,500,130.08,26.02,2024-05-21,2025-05-20,,
MRH_2023_01833,2023,0,Appartement,65,4,Essentielle,500,177.61,35.52,2023-04-24,2024-04-23,,
MRH_2023_01833,2023,1,Appartement,65,4,Essentielle,500,182.94,36.59,2024-04-24,2025-04-23,,
MRH_2023_01834,2023,0,Appartement,22,3,Essentielle,150,124.36,24.87,2023-11-03,2024-11-02,,
MRH_2023_01834,2023,1,Appartement,22,3,Essentielle,150,128.09,25.62,2024-11-03,2025-11-02,,
MRH_2023_01835,2023,0,Appartement,78,3,Premium,150,310.31,62.06,2023-04-24,2024-04-23,,
MRH_2023_01835,2023,1,Appartement,78,3,Premium,150,319.62,63.92,2024-04-24,2025-04-23,,
MRH_2023_01836,2023,0,Appartement,20,3,Confort,300,130.0,26.0,2023-06-24,2024-06-23,,
MRH_2023_01836,2023,1,Appartement,20,3,Confort,300,133.9,26.78,2024-06-24,2025-06-23,,
MRH_2023_01837,2023,0,Appartement,69,3,Essentielle,150,190.27,38.05,2023-05-08,2024-05-07,,
MRH_2023_01837,2023,1,Appartement,69,3,Essentielle,150,195.98,39.2,2024-05-08,2025-05-07,,
MRH_2023_01838,2023,0,Appartement,57,5,Premium,300,325.55,65.11,2023-09-09,2024-09-08,,
MRH_2023_01838,2023,1,Appartement,57,5,Premium,300,335.32,67.06,2024-09-09,2025-09-08,,
MRH_2023_01839,2023,0,Maison,166,4,Premium,150,639.71,127.94,2023-02-23,2024-02-22,,
MRH_2023_01839,2023,1,Maison,166,4,Premium,150,658.9,131.78,2024-02-23,2025-02-22,,
MRH_2023_01840,2023,0,Appartement,93,3,Confort,150,263.45,52.69,2023-10-07,2024-10-06,,
MRH_2023_01840,2023,1,Appartement,93,3,Confort,150,271.35,54.27,2024-10-07,2025-10-06,,
MRH_2023_01841,2023,0,Appartement,52,1,Confort,300,151.3,30.26,2023-01-14,2024-01-13,,
MRH_2023_01841,2023,1,Appartement,52,1,Confort,300,155.84,31.17,2024-01-14,2025-01-13,,
MRH_2023_01842,2023,0,Maison,77,5,Premium,500,412.53,82.51,2023-06-13,2024-06-12,,
MRH_2023_01842,2023,1,Maison,77,5,Premium,500,424.91,84.98,2024-06-13,2025-06-12,,
MRH_2023_01843,2023,0,Maison,163,3,Confort,150,422.95,84.59,2023-01-06,2024-01-05,,
MRH_2023_01843,2023,1,Maison,163,3,Confort,150,435.64,87.13,2024-01-06,2025-01-05,,
MRH_2023_01844,2023,0,Appartement,31,4,Confort,300,168.47,33.69,2023-07-04,2024-07-03,,
MRH_2023_01844,2023,1,Appartement,31,4,Confort,300,173.52,34.7,2024-07-04,2025-07-03,,
MRH_2023_01845,2023,0,Maison,113,3,Essentielle,500,242.03,48.41,2023-05-24,2024-05-23,,
MRH_2023_01845,2023,1,Maison,113,3,Essentielle,500,249.29,49.86,2024-05-24,2025-05-23,,
MRH_2023_01846,2023,0,Maison,119,1,Confort,500,249.07,49.81,2023-01-20,2024-01-19,,
MRH_2023_01846,2023,1,Maison,119,1,Confort,500,256.54,51.31,2024-01-20,2025-01-19,,
MRH_2023_01847,2023,0,Appartement,47,4,Essentielle,150,183.33,36.67,2023-02-28,2024-02-27,,
MRH_2023_01847,2023,1,Appartement,47,4,Essentielle,150,188.83,37.77,2024-02-28,2025-02-27,,
MRH_2023_01848,2023,0,Maison,96,2,Confort,300,269.8,53.96,2023-04-13,2024-04-12,,
MRH_2023_01848,2023,1,Maison,96,2,Confort,300,277.89,55.58,2024-04-13,2025-04-12,,
MRH_2023_01849,2023,0,Appartement,78,5,Essentielle,300,249.01,49.8,2023-04-20,2024-04-19,,
MRH_2023_01849,2023,1,Appartement,78,5,Essentielle,300,256.48,51.3,2024-04-20,2025-04-19,,
MRH_2023_01850,2023,0,Appartement,67,2,Essentielle,300,161.9,32.38,2023-07-03,2024-07-02,,
MRH_2023_01850,2023,1,Appartement,67,2,Essentielle,300,166.76,33.35,2024-07-03,2025-07-02,,
MRH_2023_01851,2023,0,Maison,93,2,Confort,500,244.28,48.86,2023-12-02,2024-12-01,,
MRH_2023_01851,2023,1,Maison,93,2,Confort,500,251.61,50.32,2024-12-02,2025-12-01,,
MRH_2023_01852,2023,0,Maison,50,4,Essentielle,500,193.35,38.67,2023-07-14,2024-07-13,,
MRH_2023_01852,2023,1,Maison,50,4,Essentielle,500,199.15,39.83,2024-07-14,2025-07-13,,
MRH_2023_01853,2023,0,Maison,178,1,Essentielle,150,323.46,64.69,2023-01-07,2024-01-06,,
MRH_2023_01853,2023,1,Maison,178,1,Essentielle,150,333.16,66.63,2024-01-07,2025-01-06,,
MRH_2023_01854,2023,0,Appartement,76,4,Confort,500,226.41,45.28,2023-10-03,2024-10-02,,
MRH_2023_01854,2023,1,Appartement,76,4,Confort,500,233.2,46.64,2024-10-03,2025-10-02,,
MRH_2023_01855,2023,0,Maison,74,1,Premium,300,277.36,55.47,2023-02-06,2024-02-05,,
MRH_2023_01855,2023,1,Maison,74,1,Premium,300,285.68,57.14,2024-02-06,2025-02-05,,
MRH_2023_01856,2023,0,Appartement,89,2,Essentielle,500,173.47,34.69,2023-09-18,2024-09-17,,
MRH_2023_01856,2023,1,Appartement,89,2,Essentielle,500,178.67,35.73,2024-09-18,2025-09-17,,
MRH_2023_01857,2023,0,Appartement,20,3,Confort,300,130.0,26.0,2023-10-07,2024-10-06,,
MRH_2023_01857,2023,1,Appartement,20,3,Confort,300,133.9,26.78,2024-10-07,2025-10-06,,
MRH_2023_01858,2023,0,Maison,127,2,Premium,150,448.98,89.8,2023-04-10,2024-04-09,,
MRH_2023_01858,2023,1,Maison,127,2,Premium,150,462.45,92.49,2024-04-10,2025-04-09,,
MRH_2023_01859,2023,0,Appartement,38,2,Essentielle,500,116.64,23.33,2023-11-18,2024-11-17,,
MRH_2023_01859,2023,1,Appartement,38,2,Essentielle,500,120.14,24.03,2024-11-18,2025-11-17,,
MRH_2023_01860,2023,0,Appartement,60,3,Essentielle,300,161.5,32.3,2023-10-24,2024-10-23,,
MRH_2023_01860,2023,1,Appartement,60,3,Essentielle,300,166.34,33.27,2024-10-24,2025-10-23,,
MRH_2023_01861,2023,0,Appartement,38,1,Premium,300,173.48,34.7,2023-10-19,2024-10-18,,
MRH_2023_01861,2023,1,Appartement,38,1,Premium,300,178.68,35.74,2024-10-19,2025-10-18,,
MRH_2023_01862,2023,0,Maison,164,2,Essentielle,150,342.86,68.57,2023-12-15,2024-12-14,,
MRH_2023_01862,2023,1,Maison,164,2,Essentielle,150,353.15,70.63,2024-12-15,2025-12-14,,
MRH_2023_01863,2023,0,Appartement,86,3,Confort,500,210.68,42.14,2023-10-19,2024-10-18,,
MRH_2023_01863,2023,1,Appartement,86,3,Confort,500,217.0,43.4,2024-10-19,2025-10-18,,
MRH_2023_01864,2023,0,Maison,177,3,Premium,500,484.98,97.0,2023-02-17,2024-02-16,,
MRH_2023_01864,2023,1,Maison,177,3,Premium,500,499.53,99.91,2024-02-17,2025-02-16,,
MRH_2023_01865,2023,0,Appartement,48,5,Essentielle,300,197.37,39.47,2023-10-04,2024-10-03,,
MRH_2023_01865,2023,1,Appartement,48,5,Essentielle,300,203.29,40.66,2024-10-04,2025-10-03,,
MRH_2023_01866,2023,0,Maison,149,4,Confort,300,418.02,83.6,2023-03-07,2024-03-06,,
MRH_2023_01866,2023,1,Maison,149,4,Confort,300,430.56,86.11,2024-03-07,2025-03-06,,
MRH_2023_01867,2023,0,Maison,129,4,Confort,500,352.84,70.57,2023-07-19,2024-07-18,,
MRH_2023_01867,2023,1,Maison,129,4,Confort,500,363.43,72.69,2024-07-19,2025-07-18,,
MRH_2023_01868,2023,0,Maison,93,3,Confort,500,257.14,51.43,2023-03-13,2024-03-12,,
MRH_2023_01868,2023,1,Maison,93,3,Confort,500,264.85,52.97,2024-03-13,2025-03-12,,
MRH_2023_01869,2023,0,Appartement,20,3,Essentielle,300,110.5,22.1,2023-05-18,2024-05-17,,
MRH_2023_01869,2023,1,Appartement,20,3,Essentielle,300,113.81,22.76,2024-05-18,2025-05-17,,
MRH_2023_01870,2023,0,Maison,161,3,Essentielle,300,324.27,64.85,2023-11-08,2024-11-07,,
MRH_2023_01870,2023,1,Maison,161,3,Essentielle,300,334.0,66.8,2024-11-08,2025-11-07,,
MRH_2023_01871,2023,0,Appartement,47,1,Premium,300,188.4,37.68,2023-01-12,2024-01-11,,
MRH_2023_01871,2023,1,Appartement,47,1,Premium,300,194.05,38.81,2024-01-12,2025-01-11,,
MRH_2023_01872,2023,0,Maison,77,1,Essentielle,500,169.83,33.97,2023-06-01,2024-05-31,,
MRH_2023_01872,2023,1,Maison,77,1,Essentielle,500,174.92,34.98,2024-06-01,2025-05-31,,
MRH_2023_01873,2023,0,Maison,152,2,Confort,500,321.63,64.33,2023-11-09,2024-11-08,,
MRH_2023_01873,2023,1,Maison,152,2,Confort,500,331.28,66.26,2024-11-09,2025-11-08,,
MRH_2023_01874,2023,0,Appartement,91,3,Essentielle,150,221.13,44.23,2023-04-01,2024-03-31,,
MRH_2023_01874,2023,1,Appartement,91,3,Essentielle,150,227.76,45.55,2024-04-01,2025-03-31,,
MRH_2023_01875,2023,0,Maison,181,4,Confort,300,473.22,94.64,2023-10-11,2024-10-10,,
MRH_2023_01875,2023,1,Maison,181,4,Confort,300,487.42,97.48,2024-10-11,2025-10-10,,
MRH_2023_01876,2023,0,Maison,163,2,Essentielle,300,310.48,62.1,2023-07-18,2024-07-17,,
MRH_2023_01876,2023,1,Maison,163,2,Essentielle,300,319.79,63.96,2024-07-18,2025-07-17,,
MRH_2023_01877,2023,0,Appartement,72,2,Premium,150,282.57,56.51,2023-03-16,2024-03-15,,
MRH_2023_01877,2023,1,Appartement,72,2,Premium,150,291.05,58.21,2024-03-16,2025-03-15,,
MRH_2023_01878,2023,0,Appartement,20,3,Confort,500,119.6,23.92,2023-07-03,2024-07-02,,
MRH_2023_01878,2023,1,Appartement,20,3,Confort,500,123.19,24.64,2024-07-03,2025-07-02,,
MRH_2023_01879,2023,0,Appartement,89,2,Essentielle,300,188.55,37.71,2023-10-11,2024-10-10,,
MRH_2023_01879,2023,1,Appartement,89,2,Essentielle,300,194.21,38.84,2024-10-11,2025-10-10,,
MRH_2023_01880,2023,0,Maison,114,1,Premium,500,316.16,63.23,2023-09-02,2024-09-01,,
MRH_2023_01880,2023,1,Maison,114,1,Premium,500,325.64,65.13,2024-09-02,2025-09-01,,
MRH_2023_01881,2023,0,Appartement,55,4,Essentielle,500,164.12,32.82,2023-07-25,2024-07-24,,
MRH_2023_01881,2023,1,Appartement,55,4,Essentielle,500,169.04,33.81,2024-07-25,2025-07-24,,
MRH_2023_01882,2023,0,Maison,172,2,Confort,500,347.85,69.57,2023-11-14,2024-11-13,,
MRH_2023_01882,2023,1,Maison,172,2,Confort,500,358.29,71.66,2024-11-14,2025-11-13,,
MRH_2023_01883,2023,0,Appartement,40,2,Premium,500,181.79,36.36,2023-08-20,2024-08-19,,
MRH_2023_01883,2023,1,Appartement,40,2,Premium,500,187.24,37.45,2024-08-20,2025-08-19,,
MRH_2023_01884,2023,0,Appartement,91,3,Confort,300,236.5,47.3,2023-12-13,2024-12-12,,
MRH_2023_01884,2023,1,Appartement,91,3,Confort,300,243.59,48.72,2024-12-13,2025-12-12,,
MRH_2023_01885,2023,0,Appartement,74,1,Confort,500,165.0,33.0,2023-12-21,2024-12-20,,
MRH_2023_01885,2023,1,Appartement,74,1,Confort,500,169.95,33.99,2024-12-21,2025-12-20,,
MRH_2023_01886,2023,0,Maison,135,5,Premium,150,661.2,132.24,2023-05-01,2024-04-30,,
MRH_2023_01886,2023,1,Maison,135,5,Premium,150,681.04,136.21,2024-05-01,2025-04-30,,
MRH_2023_01887,2023,0,Appartement,55,2,Essentielle,300,147.37,29.47,2023-02-05,2024-02-04,,
MRH_2023_01887,2023,1,Appartement,55,2,Essentielle,300,151.79,30.36,2024-02-05,2025-02-04,,
MRH_2023_01888,2023,0,Appartement,63,3,Essentielle,300,165.32,33.06,2023-07-04,2024-07-03,,
MRH_2023_01888,2023,1,Appartement,63,3,Essentielle,300,170.28,34.06,2024-07-04,2025-07-03,,
MRH_2023_01889,2023,0,Maison,93,5,Premium,150,539.57,107.91,2023-02-20,2024-02-19,,
MRH_2023_01889,2023,1,Maison,93,5,Premium,150,555.76,111.15,2024-02-20,2025-02-19,,
MRH_2023_01890,2023,0,Appartement,68,2,Confort,300,191.9,38.38,2023-03-15,2024-03-14,,
MRH_2023_01890,2023,1,Appartement,68,2,Confort,300,197.66,39.53,2024-03-15,2025-03-14,,
MRH_2023_01891,2023,0,Appartement,57,2,Essentielle,300,149.79,29.96,2023-05-09,2024-05-08,,
MRH_2023_01891,2023,1,Appartement,57,2,Essentielle,300,154.28,30.86,2024-05-09,2025-05-08,,
MRH_2023_01892,2023,0,Maison,136,2,Confort,150,359.48,71.9,2023-03-28,2024-03-27,,
MRH_2023_01892,2023,1,Maison,136,2,Confort,150,370.26,74.05,2024-03-28,2025-03-27,,
MRH_2023_01893,2023,0,Appartement,75,2,Premium,300,262.44,52.49,2023-08-07,2024-08-06,,
MRH_2023_01893,2023,1,Appartement,75,2,Premium,300,270.31,54.06,2024-08-07,2025-08-06,,
MRH_2023_01894,2023,0,Maison,116,2,Confort,300,298.3,59.66,2023-08-24,2024-08-23,,
MRH_2023_01894,2023,1,Maison,116,2,Confort,300,307.25,61.45,2024-08-24,2025-08-23,,
MRH_2023_01895,2023,0,Maison,132,1,Essentielle,150,268.63,53.73,2023-08-27,2024-08-26,,
MRH_2023_01895,2023,1,Maison,132,1,Essentielle,150,276.69,55.34,2024-08-27,2025-08-26,,
MRH_2023_01896,2023,0,Maison,142,1,Essentielle,500,234.64,46.93,2023-03-19,2024-03-18,,
MRH_2023_01896,2023,1,Maison,142,1,Essentielle,500,241.68,48.34,2024-03-19,2025-03-18,,
MRH_2023_01897,2023,0,Maison,55,3,Essentielle,500,174.0,34.8,2023-04-28,2024-04-27,,
MRH_2023_01897,2023,1,Maison,55,3,Essentielle,500,179.22,35.84,2024-04-28,2025-04-27,,
MRH_2023_01898,2023,0,Appartement,67,1,Confort,300,170.42,34.08,2023-07-01,2024-06-30,,
MRH_2023_01898,2023,1,Appartement,67,1,Confort,300,175.53,35.11,2024-07-01,2025-06-30,,
MRH_2023_01899,2023,0,Appartement,26,3,Confort,500,127.88,25.58,2023-07-22,2024-07-21,,
MRH_2023_01899,2023,1,Appartement,26,3,Confort,500,131.72,26.34,2024-07-22,2025-07-21,,
MRH_2023_01900,2023,0,Appartement,77,3,Essentielle,500,168.52,33.7,2023-04-13,2024-04-12,,
MRH_2023_01900,2023,1,Appartement,77,3,Essentielle,500,173.58,34.72,2024-04-13,2025-04-12,,
MRH_2023_01901,2023,0,Maison,124,4,Confort,300,374.9,74.98,2023-02-22,2024-02-21,,
MRH_2023_01901,2023,1,Maison,124,4,Confort,300,386.15,77.23,2024-02-22,2025-02-21,,
MRH_2023_01902,2023,0,Appartement,61,3,Essentielle,300,162.78,32.56,2023-02-13,2024-02-12,,
MRH_2023_01902,2023,1,Appartement,61,3,Essentielle,300,167.66,33.53,2024-02-13,2025-02-12,,
MRH_2023_01903,2023,0,Maison,155,5,Premium,300,653.74,130.75,2023-07-19,2024-07-18,,
MRH_2023_01903,2023,1,Maison,155,5,Premium,300,673.35,134.67,2024-07-19,2025-07-18,,
MRH_2023_01904,2023,0,Appartement,67,3,Premium,150,286.72,57.34,2023-10-05,2024-10-04,,
MRH_2023_01904,2023,1,Appartement,67,3,Premium,150,295.32,59.06,2024-10-05,2025-10-04,,
MRH_2023_01905,2023,0,Appartement,32,1,Confort,300,125.8,25.16,2023-04-14,2024-04-13,,
MRH_2023_01905,2023,1,Appartement,32,1,Confort,300,129.57,25.91,2024-04-14,2025-04-13,,
MRH_2023_01906,2023,0,Appartement,74,4,Premium,300,315.44,63.09,2023-03-02,2024-03-01,,
MRH_2023_01906,2023,1,Appartement,74,4,Premium,300,324.9,64.98,2024-03-02,2025-03-01,,
MRH_2023_01907,2023,0,Maison,178,2,Premium,500,462.43,92.49,2023-12-20,2024-12-19,,
MRH_2023_01907,2023,1,Maison,178,2,Premium,500,476.3,95.26,2024-12-20,2025-12-19,,
MRH_2023_01908,2023,0,Appartement,53,5,Confort,300,242.33,48.47,2023-10-11,2024-10-10,,
MRH_2023_01908,2023,1,Appartement,53,5,Confort,300,249.6,49.92,2024-10-11,2025-10-10,,
MRH_2023_01909,2023,0,Maison,106,1,Essentielle,500,198.75,39.75,2023-01-23,2024-01-22,,
MRH_2023_01909,2023,1,Maison,106,1,Essentielle,500,204.71,40.94,2024-01-23,2025-01-22,,
MRH_2023_01910,2023,0,Appartement,61,5,Essentielle,500,202.17,40.43,2023-08-13,2024-08-12,,
MRH_2023_01910,2023,1,Appartement,61,5,Essentielle,500,208.24,41.65,2024-08-13,2025-08-12,,
MRH_2023_01911,2023,0,Appartement,80,5,Confort,500,273.24,54.65,2023-02-20,2024-02-19,,
MRH_2023_01911,2023,1,Appartement,80,5,Confort,500,259.08,51.82,2024-02-20,2025-01-20,2025-01-20,Insatisfaction service
MRH_2023_01912,2023,0,Appartement,62,3,Confort,300,193.0,38.6,2023-10-19,2024-10-18,,
MRH_2023_01912,2023,1,Appartement,62,3,Confort,300,198.79,39.76,2024-10-19,2025-10-18,,
MRH_2023_01913,2023,0,Appartement,62,4,Essentielle,300,188.66,37.73,2023-08-24,2024-08-23,,
MRH_2023_01913,2023,1,Appartement,62,4,Essentielle,300,178.34,35.67,2024-08-24,2025-07-24,2025-07-24,Vente du bien
MRH_2023_01914,2023,0,Appartement,50,3,Confort,300,175.0,35.0,2023-11-21,2024-11-20,,
MRH_2023_01914,2023,1,Appartement,50,3,Confort,300,180.25,36.05,2024-11-21,2025-11-20,,
MRH_2023_01915,2023,0,Appartement,47,3,Premium,500,203.92,40.78,2023-07-24,2024-07-23,,
MRH_2023_01915,2023,1,Appartement,47,3,Premium,500,210.04,42.01,2024-07-24,2025-07-23,,
MRH_2023_01916,2023,0,Maison,50,3,Essentielle,150,201.03,40.21,2023-03-09,2024-03-08,,
MRH_2023_01916,2023,1,Maison,50,3,Essentielle,150,207.06,41.41,2024-03-09,2025-03-08,,
MRH_2023_01917,2023,0,Appartement,63,2,Essentielle,500,144.49,28.9,2023-08-19,2024-08-18,,
MRH_2023_01917,2023,1,Appartement,63,2,Essentielle,500,148.82,29.76,2024-08-19,2025-08-18,,
MRH_2023_01918,2023,0,Appartement,20,4,Confort,300,149.5,29.9,2023-11-08,2024-11-07,,
MRH_2023_01918,2023,1,Appartement,20,4,Confort,300,153.99,30.8,2024-11-08,2025-11-07,,
MRH_2023_01919,2023,0,Appartement,32,2,Confort,300,140.6,28.12,2023-04-18,2024-04-17,,
MRH_2023_01919,2023,1,Appartement,32,2,Confort,300,144.82,28.96,2024-04-18,2025-04-17,,
MRH_2023_01920,2023,0,Maison,109,5,Essentielle,300,348.27,69.65,2023-05-03,2024-05-02,,
MRH_2023_01920,2023,1,Maison,109,5,Essentielle,300,358.72,71.74,2024-05-03,2025-05-02,,
MRH_2023_01921,2023,0,Maison,146,3,Premium,300,466.7,93.34,2023-06-13,2024-06-12,,
MRH_2023_01921,2023,1,Maison,146,3,Premium,300,480.7,96.14,2024-06-13,2025-06-12,,
MRH_2023_01922,2023,0,Appartement,104,3,Confort,300,256.0,51.2,2023-06-17,2024-06-16,,
MRH_2023_01922,2023,1,Appartement,104,3,Confort,300,263.68,52.74,2024-06-17,2025-06-16,,
MRH_2023_01923,2023,0,Maison,183,5,Essentielle,500,437.59,87.52,2023-06-12,2024-06-11,,
MRH_2023_01923,2023,1,Maison,183,5,Essentielle,500,413.67,82.73,2024-06-12,2025-05-12,2025-05-12,Insatisfaction service
MRH_2023_01924,2023,0,Appartement,94,5,Premium,300,422.96,84.59,2023-01-20,2024-01-19,,
MRH_2023_01924,2023,1,Appartement,94,5,Premium,300,435.65,87.13,2024-01-20,2025-01-19,,
MRH_2023_01925,2023,0,Appartement,45,2,Essentielle,150,148.78,29.76,2023-11-17,2024-11-16,,
MRH_2023_01925,2023,1,Appartement,45,2,Essentielle,150,153.24,30.65,2024-11-17,2025-11-16,,
MRH_2023_01926,2023,0,Appartement,22,4,Premium,500,182.93,36.59,2023-03-02,2024-03-01,,
MRH_2023_01926,2023,1,Appartement,22,4,Premium,500,188.42,37.68,2024-03-02,2025-03-01,,
MRH_2023_01927,2023,0,Maison,105,4,Essentielle,300,290.81,58.16,2023-04-13,2024-04-12,,
MRH_2023_01927,2023,1,Maison,105,4,Essentielle,300,299.53,59.91,2024-04-13,2025-04-12,,
MRH_2023_01928,2023,0,Appartement,80,3,Essentielle,300,187.0,37.4,2023-04-04,2024-04-03,,
MRH_2023_01928,2023,1,Appartement,80,3,Essentielle,300,192.61,38.52,2024-04-04,2025-04-03,,
MRH_2023_01929,2023,0,Appartement,52,3,Confort,150,195.8,39.16,2023-04-26,2024-04-25,,
MRH_2023_01929,2023,1,Appartement,52,3,Confort,150,201.67,40.33,2024-04-26,2025-04-25,,
MRH_2023_01930,2023,0,Maison,101,1,Premium,300,322.11,64.42,2023-03-23,2024-03-22,,
MRH_2023_01930,2023,1,Maison,101,1,Premium,300,331.77,66.35,2024-03-23,2025-03-22,,
MRH_2023_01931,2023,0,Maison,105,1,Confort,300,252.88,50.58,2023-08-13,2024-08-12,,
MRH_2023_01931,2023,1,Maison,105,1,Confort,300,260.47,52.09,2024-08-13,2025-08-12,,
MRH_2023_01932,2023,0,Maison,187,1,Confort,500,328.83,65.77,2023-09-02,2024-09-01,,
MRH_2023_01932,2023,1,Maison,187,1,Confort,500,338.69,67.74,2024-09-02,2025-09-01,,
MRH_2023_01933,2023,0,Maison,120,2,Essentielle,300,258.4,51.68,2023-07-06,2024-07-05,,
MRH_2023_01933,2023,1,Maison,120,2,Essentielle,300,266.15,53.23,2024-07-06,2025-07-05,,
MRH_2023_01934,2023,0,Maison,115,3,Premium,500,373.75,74.75,2023-07-02,2024-07-01,,
MRH_2023_01934,2023,1,Maison,115,3,Premium,500,384.96,76.99,2024-07-02,2025-07-01,,
MRH_2023_01935,2023,0,Maison,84,4,Confort,300,305.9,61.18,2023-05-28,2024-05-27,,
MRH_2023_01935,2023,1,Maison,84,4,Confort,300,315.08,63.02,2024-05-28,2025-05-27,,
MRH_2023_01936,2023,0,Appartement,52,2,Essentielle,300,143.73,28.75,2023-09-21,2024-09-20,,
MRH_2023_01936,2023,1,Appartement,52,2,Essentielle,300,148.04,29.61,2024-09-21,2025-09-20,,
MRH_2023_01937,2023,0,Appartement,108,2,Confort,300,248.9,49.78,2023-03-17,2024-03-16,,
MRH_2023_01937,2023,1,Appartement,108,2,Confort,300,256.37,51.27,2024-03-17,2025-03-16,,
MRH_2023_01938,2023,0,Maison,104,5,Premium,500,477.92,95.58,2023-06-01,2024-05-31,,
MRH_2023_01938,2023,1,Maison,104,5,Premium,500,492.26,98.45,2024-06-01,2025-05-31,,
MRH_2023_01939,2023,0,Maison,128,4,Confort,300,381.8,76.36,2023-10-21,2024-10-20,,
MRH_2023_01939,2023,1,Maison,128,4,Confort,300,393.25,78.65,2024-10-21,2025-10-20,,
MRH_2023_01940,2023,0,Appartement,60,2,Confort,150,198.55,39.71,2023-06-28,2024-06-27,,
MRH_2023_01940,2023,1,Appartement,60,2,Confort,150,204.51,40.9,2024-06-28,2025-06-27,,
MRH_2023_01941,2023,0,Appartement,52,3,Confort,500,163.76,32.75,2023-09-24,2024-09-23,,
MRH_2023_01941,2023,1,Appartement,52,3,Confort,500,168.67,33.73,2024-09-24,2025-09-23,,
MRH_2023_01942,2023,0,Appartement,90,2,Premium,500,267.01,53.4,2023-07-19,2024-07-18,,
MRH_2023_01942,2023,1,Appartement,90,2,Premium,500,275.02,55.0,2024-07-19,2025-07-18,,
MRH_2023_01943,2023,0,Maison,183,3,Premium,500,495.74,99.15,2023-08-21,2024-08-20,,
MRH_2023_01943,2023,1,Maison,183,3,Premium,500,510.61,102.12,2024-08-21,2025-08-20,,
MRH_2023_01944,2023,0,Maison,200,2,Confort,150,459.8,91.96,2023-03-12,2024-03-11,,
MRH_2023_01944,2023,1,Maison,200,2,Confort,150,473.59,94.72,2024-03-12,2025-03-11,,
MRH_2023_01945,2023,0,Maison,94,2,Premium,150,381.74,76.35,2023-09-07,2024-09-06,,
MRH_2023_01945,2023,1,Maison,94,2,Premium,150,393.19,78.64,2024-09-07,2025-09-06,,
MRH_2023_01946,2023,0,Appartement,20,3,Premium,300,169.0,33.8,2023-04-27,2024-04-26,,
MRH_2023_01946,2023,1,Appartement,20,3,Premium,300,174.07,34.81,2024-04-27,2025-04-26,,
MRH_2023_01947,2023,0,Appartement,94,1,Essentielle,150,191.53,38.31,2023-01-13,2024-01-12,,
MRH_2023_01947,2023,1,Appartement,94,1,Essentielle,150,197.28,39.46,2024-01-13,2025-01-12,,
MRH_2023_01948,2023,0,Maison,180,3,Confort,500,377.2,75.44,2023-03-07,2024-03-06,,
MRH_2023_01948,2023,1,Maison,180,3,Confort,500,388.52,77.7,2024-03-07,2025-03-06,,
MRH_2023_01949,2023,0,Appartement,79,3,Confort,150,240.35,48.07,2023-11-15,2024-11-14,,
MRH_2023_01949,2023,1,Appartement,79,3,Confort,150,247.56,49.51,2024-11-15,2025-11-14,,
MRH_2023_01950,2023,0,Appartement,67,2,Confort,300,190.47,38.09,2023-12-12,2024-12-11,,
MRH_2023_01950,2023,1,Appartement,67,2,Confort,300,196.18,39.24,2024-12-12,2025-12-11,,
MRH_2023_01951,2023,0,Appartement,74,3,Essentielle,300,179.35,35.87,2023-10-03,2024-10-02,,
MRH_2023_01951,2023,1,Appartement,74,3,Essentielle,300,184.73,36.95,2024-10-03,2025-10-02,,
MRH_2023_01952,2023,0,Maison,137,3,Confort,300,345.5,69.1,2023-12-04,2024-12-03,,
MRH_2023_01952,2023,1,Maison,137,3,Confort,300,355.87,71.17,2024-12-04,2025-12-03,,
MRH_2023_01953,2023,0,Appartement,76,1,Confort,150,200.09,40.02,2023-08-22,2024-08-21,,
MRH_2023_01953,2023,1,Appartement,76,1,Confort,150,206.09,41.22,2024-08-22,2025-08-21,,
MRH_2023_01954,2023,0,Appartement,89,3,Essentielle,300,198.47,39.69,2023-01-11,2024-01-10,,
MRH_2023_01954,2023,1,Appartement,89,3,Essentielle,300,204.42,40.88,2024-01-11,2025-01-10,,
MRH_2023_01955,2023,0,Appartement,117,2,Confort,300,261.72,52.34,2023-02-24,2024-02-23,,
MRH_2023_01955,2023,1,Appartement,117,2,Confort,300,269.57,53.91,2024-02-24,2025-02-23,,
MRH_2023_01956,2023,0,Appartement,49,4,Essentielle,300,169.6,33.92,2023-04-18,2024-04-17,,
MRH_2023_01956,2023,1,Appartement,49,4,Essentielle,300,174.69,34.94,2024-04-18,2025-04-17,,
MRH_2023_01957,2023,0,Appartement,83,3,Essentielle,300,190.82,38.16,2023-06-18,2024-06-17,,
MRH_2023_01957,2023,1,Appartement,83,3,Essentielle,300,196.54,39.31,2024-06-18,2025-06-17,,
MRH_2023_01958,2023,0,Appartement,96,1,Confort,500,190.81,38.16,2023-12-24,2024-12-23,,
MRH_2023_01958,2023,1,Appartement,96,1,Confort,500,196.53,39.31,2024-12-24,2025-12-23,,
MRH_2023_01959,2023,0,Appartement,72,5,Confort,300,280.8,56.16,2023-05-19,2024-05-18,,
MRH_2023_01959,2023,1,Appartement,72,5,Confort,300,289.22,57.84,2024-05-19,2025-05-18,,
MRH_2023_01960,2023,0,Maison,89,3,Confort,300,273.5,54.7,2023-08-20,2024-08-19,,
MRH_2023_01960,2023,1,Maison,89,3,Confort,300,281.7,56.34,2024-08-20,2025-08-19,,
MRH_2023_01961,2023,0,Maison,96,2,Essentielle,150,252.26,50.45,2023-06-08,2024-06-07,,
MRH_2023_01961,2023,1,Maison,96,2,Essentielle,150,259.83,51.97,2024-06-08,2025-06-07,,
MRH_2023_01962,2023,0,Appartement,71,4,Premium,150,339.59,67.92,2023-04-16,2024-04-15,,
MRH_2023_01962,2023,1,Appartement,71,4,Premium,150,349.78,69.96,2024-04-16,2025-04-15,,
MRH_2023_01963,2023,0,Maison,183,5,Confort,300,559.58,111.92,2023-03-01,2024-02-29,,
MRH_2023_01963,2023,1,Maison,183,5,Confort,300,576.37,115.27,2024-03-01,2025-02-28,,
MRH_2023_01964,2023,0,Maison,195,1,Confort,500,338.22,67.64,2023-12-26,2024-12-25,,
MRH_2023_01964,2023,1,Maison,195,1,Confort,500,348.37,69.67,2024-12-26,2025-12-25,,
MRH_2023_01965,2023,0,Appartement,67,1,Confort,500,156.79,31.36,2023-10-26,2024-10-25,,
MRH_2023_01965,2023,1,Appartement,67,1,Confort,500,161.49,32.3,2024-10-26,2025-10-25,,
MRH_2023_01966,2023,0,Maison,130,3,Confort,500,308.2,61.64,2023-06-22,2024-06-21,,
MRH_2023_01966,2023,1,Maison,130,3,Confort,500,317.45,63.49,2024-06-22,2025-06-21,,
MRH_2023_01967,2023,0,Maison,109,3,Essentielle,500,237.34,47.47,2023-01-26,2024-01-25,,
MRH_2023_01967,2023,1,Maison,109,3,Essentielle,500,244.46,48.89,2024-01-26,2025-01-25,,
MRH_2023_01968,2023,0,Maison,82,5,Confort,300,355.05,71.01,2023-01-09,2024-01-08,,
MRH_2023_01968,2023,1,Maison,82,5,Confort,300,365.7,73.14,2024-01-09,2025-01-08,,
MRH_2023_01969,2023,0,Appartement,57,3,Confort,300,185.5,37.1,2023-02-15,2024-02-14,,
MRH_2023_01969,2023,1,Appartement,57,3,Confort,300,191.06,38.21,2024-02-15,2025-02-14,,
MRH_2023_01970,2023,0,Maison,130,2,Essentielle,150,297.56,59.51,2023-01-25,2024-01-24,,
MRH_2023_01970,2023,1,Maison,130,2,Essentielle,150,306.49,61.3,2024-01-25,2025-01-24,,
MRH_2023_01971,2023,0,Appartement,72,3,Essentielle,150,194.48,38.9,2023-02-10,2024-02-09,,
MRH_2023_01971,2023,1,Appartement,72,3,Essentielle,150,200.31,40.06,2024-02-10,2025-02-09,,
MRH_2023_01972,2023,0,Appartement,25,4,Confort,150,173.94,34.79,2023-10-27,2024-10-26,,
MRH_2023_01972,2023,1,Appartement,25,4,Confort,150,179.16,35.83,2024-10-27,2025-10-26,,
MRH_2023_01973,2023,0,Appartement,40,2,Confort,150,167.2,33.44,2023-10-04,2024-10-03,,
MRH_2023_01973,2023,1,Appartement,40,2,Confort,150,172.22,34.44,2024-10-04,2025-10-03,,
MRH_2023_01974,2023,0,Appartement,79,2,Essentielle,300,176.44,35.29,2023-03-04,2024-03-03,,
MRH_2023_01974,2023,1,Appartement,79,2,Essentielle,300,181.73,36.35,2024-03-04,2025-03-03,,
MRH_2023_01975,2023,0,Maison,159,4,Essentielle,150,406.98,81.4,2023-10-25,2024-10-24,,
MRH_2023_01975,2023,1,Maison,159,4,Essentielle,150,419.19,83.84,2024-10-25,2025-10-24,,
MRH_2023_01976,2023,0,Appartement,58,1,Confort,300,158.95,31.79,2023-03-02,2024-03-01,,
MRH_2023_01976,2023,1,Appartement,58,1,Confort,300,163.72,32.74,2024-03-02,2025-03-01,,
MRH_2023_01977,2023,0,Maison,59,3,Premium,500,273.29,54.66,2023-04-07,2024-04-06,,
MRH_2023_01977,2023,1,Maison,59,3,Premium,500,281.49,56.3,2024-04-07,2025-04-06,,
MRH_2023_01978,2023,0,Maison,141,2,Essentielle,300,283.84,56.77,2023-07-13,2024-07-12,,
MRH_2023_01978,2023,1,Maison,141,2,Essentielle,300,292.36,58.47,2024-07-13,2025-07-12,,
MRH_2023_01979,2023,0,Appartement,50,4,Premium,150,287.79,57.56,2023-03-25,2024-03-24,,
MRH_2023_01979,2023,1,Appartement,50,4,Premium,150,296.42,59.28,2024-03-25,2025-03-24,,
MRH_2023_01980,2023,0,Appartement,41,1,Essentielle,500,107.35,21.47,2023-11-17,2024-11-16,,
MRH_2023_01980,2023,1,Appartement,41,1,Essentielle,500,110.57,22.11,2024-11-17,2025-11-16,,
MRH_2023_01981,2023,0,Appartement,101,5,Essentielle,300,288.6,57.72,2023-07-05,2024-07-04,,
MRH_2023_01981,2023,1,Appartement,101,5,Essentielle,300,248.39,49.68,2024-07-05,2025-05-05,2025-05-05,Prix trop élevé
MRH_2023_01982,2023,0,Maison,123,2,Premium,500,368.7,73.74,2023-02-26,2024-02-25,,
MRH_2023_01982,2023,1,Maison,123,2,Premium,500,379.76,75.95,2024-02-26,2025-02-25,,
MRH_2023_01983,2023,0,Maison,129,3,Confort,300,333.5,66.7,2023-12-19,2024-12-18,,
MRH_2023_01983,2023,1,Maison,129,3,Confort,300,343.5,68.7,2024-12-19,2025-12-18,,
MRH_2023_01984,2023,0,Appartement,48,1,Premium,150,209.07,41.81,2023-03-09,2024-03-08,,
MRH_2023_01984,2023,1,Appartement,48,1,Premium,150,215.34,43.07,2024-03-09,2025-03-08,,
MRH_2023_01985,2023,0,Maison,72,2,Confort,300,235.6,47.12,2023-04-28,2024-04-27,,
MRH_2023_01985,2023,1,Maison,72,2,Confort,300,41.22,8.24,2024-04-28,2024-06-28,2024-06-28,Prix trop élevé
MRH_2023_01986,2023,0,Appartement,55,5,Premium,500,294.66,58.93,2023-02-12,2024-02-11,,
MRH_2023_01986,2023,1,Appartement,55,5,Premium,500,303.5,60.7,2024-02-12,2025-02-11,,
MRH_2023_01987,2023,0,Appartement,46,2,Confort,500,147.71,29.54,2023-12-24,2024-12-23,,
MRH_2023_01987,2023,1,Appartement,46,2,Confort,500,152.14,30.43,2024-12-24,2025-12-23,,
MRH_2023_01988,2023,0,Appartement,57,4,Essentielle,300,181.33,36.27,2023-03-05,2024-03-04,,
MRH_2023_01988,2023,1,Appartement,57,4,Essentielle,300,186.77,37.35,2024-03-05,2025-03-04,,
MRH_2023_01989,2023,0,Appartement,76,2,Premium,300,264.29,52.86,2023-11-21,2024-11-20,,
MRH_2023_01989,2023,1,Appartement,76,2,Premium,300,272.22,54.44,2024-11-21,2025-11-20,,
MRH_2023_01990,2023,0,Appartement,60,3,Essentielle,300,161.5,32.3,2023-01-04,2024-01-03,,
MRH_2023_01990,2023,1,Appartement,60,3,Essentielle,300,83.4,16.68,2024-01-04,2024-07-04,2024-07-04,Insatisfaction service
MRH_2023_01991,2023,0,Maison,57,3,Confort,300,225.5,45.1,2023-10-03,2024-10-02,,
MRH_2023_01991,2023,1,Maison,57,3,Confort,300,232.27,46.45,2024-10-03,2025-10-02,,
MRH_2023_01992,2023,0,Appartement,48,4,Essentielle,300,168.13,33.63,2023-07-27,2024-07-26,,
MRH_2023_01992,2023,1,Appartement,48,4,Essentielle,300,173.17,34.63,2024-07-27,2025-07-26,,
MRH_2023_01993,2023,0,Appartement,53,4,Essentielle,500,161.42,32.28,2023-01-04,2024-01-03,,
MRH_2023_01993,2023,1,Appartement,53,4,Essentielle,500,14.57,2.91,2024-01-04,2024-02-04,2024-02-04,Déménagement
MRH_2023_01994,2023,0,Maison,122,3,Essentielle,150,302.01,60.4,2023-12-26,2024-12-25,,
MRH_2023_01994,2023,1,Maison,122,3,Essentielle,150,311.07,62.21,2024-12-26,2025-12-25,,
MRH_2023_01995,2023,0,Appartement,45,5,Confort,500,208.04,41.61,2023-09-02,2024-09-01,,
MRH_2023_01995,2023,1,Appartement,45,5,Confort,500,214.28,42.86,2024-09-02,2025-09-01,,
MRH_2023_01996,2023,0,Appartement,71,4,Confort,500,218.48,43.7,2023-02-05,2024-02-04,,
MRH_2023_01996,2023,1,Appartement,71,4,Confort,500,225.03,45.01,2024-02-05,2025-02-04,,
MRH_2023_01997,2023,0,Maison,148,1,Essentielle,150,287.7,57.54,2023-07-15,2024-07-14,,
MRH_2023_01997,2023,1,Maison,148,1,Essentielle,150,296.33,59.27,2024-07-15,2025-07-14,,
MRH_2023_01998,2023,0,Appartement,79,3,Essentielle,150,204.3,40.86,2023-05-12,2024-05-11,,
MRH_2023_01998,2023,1,Appartement,79,3,Essentielle,150,210.43,42.09,2024-05-12,2025-05-11,,
MRH_2023_01999,2023,0,Maison,93,3,Essentielle,300,237.57,47.51,2023-01-01,2023-12-31,,
MRH_2023_01999,2023,1,Maison,93,3,Essentielle,300,244.7,48.94,2024-01-01,2024-12-31,,
MRH_2023_02000,2023,0,Appartement,65,3,Confort,300,197.5,39.5,2023-08-14,2024-08-13,,
MRH_2023_02000,2023,1,Appartement,65,3,Confort,300,203.43,40.69,2024-08-14,2025-08-13,,
MRH_2023_02001,2023,0,Appartement,48,3,Essentielle,300,146.2,29.24,2023-10-13,2024-10-12,,
MRH_2023_02001,2023,1,Appartement,48,3,Essentielle,300,150.59,30.12,2024-10-13,2025-10-12,,
MRH_2023_02002,2023,0,Maison,120,5,Premium,500,516.67,103.33,2023-07-14,2024-07-13,,
MRH_2023_02002,2023,1,Maison,120,5,Premium,500,532.17,106.43,2024-07-14,2025-07-13,,
MRH_2023_02003,2023,0,Appartement,38,4,Confort,500,166.11,33.22,2023-01-02,2024-01-01,,
MRH_2023_02003,2023,1,Appartement,38,4,Confort,500,71.72,14.34,2024-01-02,2024-06-02,2024-06-02,Insatisfaction service
MRH_2023_02004,2023,0,Appartement,49,1,Premium,150,210.89,42.18,2023-02-26,2024-02-25,,
MRH_2023_02004,2023,1,Appartement,49,1,Premium,150,217.22,43.44,2024-02-26,2025-02-25,,
MRH_2023_02005,2023,0,Appartement,37,5,Essentielle,300,178.44,35.69,2023-10-08,2024-10-07,,
MRH_2023_02005,2023,1,Appartement,37,5,Essentielle,300,183.79,36.76,2024-10-08,2025-10-07,,
MRH_2023_02006,2023,0,Maison,124,1,Confort,300,277.1,55.42,2023-10-01,2024-09-30,,
MRH_2023_02006,2023,1,Maison,124,1,Confort,300,285.41,57.08,2024-10-01,2025-09-30,,
MRH_2023_02007,2023,0,Maison,110,2,Essentielle,150,270.92,54.18,2023-10-10,2024-10-09,,
MRH_2023_02007,2023,1,Maison,110,2,Essentielle,150,279.05,55.81,2024-10-10,2025-10-09,,
MRH_2023_02008,2023,0,Appartement,43,3,Premium,500,196.74,39.35,2023-11-08,2024-11-07,,
MRH_2023_02008,2023,1,Appartement,43,3,Premium,500,202.64,40.53,2024-11-08,2025-11-07,,
MRH_2023_02009,2023,0,Appartement,32,4,Confort,300,170.2,34.04,2023-02-14,2024-02-13,,
MRH_2023_02009,2023,1,Appartement,32,4,Confort,300,175.31,35.06,2024-02-14,2025-02-13,,
MRH_2023_02010,2023,0,Maison,87,1,Confort,150,252.92,50.58,2023-08-16,2024-08-15,,
MRH_2023_02010,2023,1,Maison,87,1,Confort,150,260.51,52.1,2024-08-16,2025-08-15,,
MRH_2023_02011,2023,0,Appartement,85,3,Essentielle,300,193.38,38.68,2023-10-19,2024-10-18,,
MRH_2023_02011,2023,1,Appartement,85,3,Essentielle,300,199.18,39.84,2024-10-19,2025-10-18,,
MRH_2023_02012,2023,0,Maison,60,3,Essentielle,300,195.5,39.1,2023-03-14,2024-03-13,,
MRH_2023_02012,2023,1,Maison,60,3,Essentielle,300,201.37,40.27,2024-03-14,2025-03-13,,
MRH_2023_02013,2023,0,Maison,137,1,Confort,300,293.68,58.74,2023-02-03,2024-02-02,,
MRH_2023_02013,2023,1,Maison,137,1,Confort,300,302.49,60.5,2024-02-03,2025-02-02,,
MRH_2023_02014,2023,0,Maison,141,3,Confort,300,351.5,70.3,2023-02-28,2024-02-27,,
MRH_2023_02014,2023,1,Maison,141,3,Confort,300,362.05,72.41,2024-02-28,2025-02-27,,
MRH_2023_02015,2023,0,Maison,187,2,Confort,500,367.52,73.5,2023-03-04,2024-03-03,,
MRH_2023_02015,2023,1,Maison,187,2,Confort,500,378.55,75.71,2024-03-04,2025-03-03,,
MRH_2023_02016,2023,0,Appartement,49,1,Premium,300,191.72,38.34,2023-11-17,2024-11-16,,
MRH_2023_02016,2023,1,Appartement,49,1,Premium,300,33.55,6.71,2024-11-17,2025-01-17,2025-01-17,Vente du bien
MRH_2023_02017,2023,0,Maison,146,1,Confort,500,280.74,56.15,2023-06-17,2024-06-16,,
MRH_2023_02017,2023,1,Maison,146,1,Confort,500,289.16,57.83,2024-06-17,2025-06-16,,
MRH_2023_02018,2023,0,Maison,98,3,Confort,300,287.0,57.4,2023-08-01,2024-07-31,,
MRH_2023_02018,2023,1,Maison,98,3,Confort,300,295.61,59.12,2024-08-01,2025-07-31,,
MRH_2023_02019,2023,0,Appartement,95,3,Essentielle,150,226.74,45.35,2023-03-27,2024-03-26,,
MRH_2023_02019,2023,1,Appartement,95,3,Essentielle,150,233.54,46.71,2024-03-27,2025-03-26,,
MRH_2023_02020,2023,0,Appartement,70,2,Confort,150,214.23,42.85,2023-03-17,2024-03-16,,
MRH_2023_02020,2023,1,Appartement,70,2,Confort,150,220.66,44.13,2024-03-17,2025-03-16,,
MRH_2023_02021,2023,0,Maison,60,3,Confort,300,230.0,46.0,2023-08-24,2024-08-23,,
MRH_2023_02021,2023,1,Maison,60,3,Confort,300,236.9,47.38,2024-08-24,2025-08-23,,
MRH_2023_02022,2023,0,Appartement,41,5,Premium,500,260.76,52.15,2023-11-21,2024-11-20,,
MRH_2023_02022,2023,1,Appartement,41,5,Premium,500,22.81,4.56,2024-11-21,2024-12-21,2024-12-21,Vente du bien
MRH_2023_02023,2023,0,Appartement,60,4,Confort,500,201.02,40.2,2023-02-12,2024-02-11,,
MRH_2023_02023,2023,1,Appartement,60,4,Confort,500,207.05,41.41,2024-02-12,2025-02-11,,
MRH_2023_02024,2023,0,Appartement,46,3,Essentielle,500,132.16,26.43,2023-05-22,2024-05-21,,
MRH_2023_02024,2023,1,Appartement,46,3,Essentielle,500,136.12,27.22,2024-05-22,2025-05-21,,
MRH_2023_02025,2023,0,Maison,86,2,Essentielle,500,199.84,39.97,2023-10-26,2024-10-25,,
MRH_2023_02025,2023,1,Maison,86,2,Essentielle,500,205.84,41.17,2024-10-26,2025-10-25,,
MRH_2023_02026,2023,0,Maison,107,3,Essentielle,150,280.97,56.19,2023-10-14,2024-10-13,,
MRH_2023_02026,2023,1,Maison,107,3,Essentielle,150,289.4,57.88,2024-10-14,2025-10-13,,
MRH_2023_02027,2023,0,Appartement,46,2,Essentielle,500,125.55,25.11,2023-01-09,2024-01-08,,
MRH_2023_02027,2023,1,Appartement,46,2,Essentielle,500,129.32,25.86,2024-01-09,2025-01-08,,
MRH_2023_02028,2023,0,Appartement,49,1,Essentielle,300,125.35,25.07,2023-02-13,2024-02-12,,
MRH_2023_02028,2023,1,Appartement,49,1,Essentielle,300,129.11,25.82,2024-02-13,2025-02-12,,
MRH_2023_02029,2023,0,Maison,78,4,Confort,300,295.55,59.11,2023-01-17,2024-01-16,,
MRH_2023_02029,2023,1,Maison,78,4,Confort,300,304.42,60.88,2024-01-17,2025-01-16,,
MRH_2023_02030,2023,0,Maison,173,4,Essentielle,500,359.27,71.85,2023-09-23,2024-09-22,,
MRH_2023_02030,2023,1,Maison,173,4,Essentielle,500,370.05,74.01,2024-09-23,2025-09-22,,
MRH_2023_02031,2023,0,Maison,135,2,Confort,500,299.35,59.87,2023-10-19,2024-10-18,,
MRH_2023_02031,2023,1,Maison,135,2,Confort,500,308.33,61.67,2024-10-19,2025-10-18,,
MRH_2023_02032,2023,0,Appartement,55,4,Essentielle,150,196.23,39.25,2023-04-27,2024-04-26,,
MRH_2023_02032,2023,1,Appartement,55,4,Essentielle,150,202.12,40.42,2024-04-27,2025-04-26,,
MRH_2023_02033,2023,0,Maison,150,3,Premium,300,474.5,94.9,2023-04-23,2024-04-22,,
MRH_2023_02033,2023,1,Maison,150,3,Premium,300,488.74,97.75,2024-04-23,2025-04-22,,
MRH_2023_02034,2023,0,Appartement,64,3,Confort,150,215.6,43.12,2023-06-06,2024-06-05,,
MRH_2023_02034,2023,1,Appartement,64,3,Confort,150,222.07,44.41,2024-06-06,2025-06-05,,
MRH_2023_02035,2023,0,Appartement,64,1,Essentielle,150,155.77,31.15,2023-03-12,2024-03-11,,
MRH_2023_02035,2023,1,Appartement,64,1,Essentielle,150,160.44,32.09,2024-03-12,2025-03-11,,
MRH_2023_02036,2023,0,Appartement,96,2,Essentielle,150,216.73,43.35,2023-10-04,2024-10-03,,
MRH_2023_02036,2023,1,Appartement,96,2,Essentielle,150,223.23,44.65,2024-10-04,2025-10-03,,
MRH_2023_02037,2023,0,Maison,163,2,Confort,500,336.05,67.21,2023-07-28,2024-07-27,,
MRH_2023_02037,2023,1,Maison,163,2,Confort,500,346.13,69.23,2024-07-28,2025-07-27,,
MRH_2023_02038,2023,0,Maison,75,3,Premium,150,361.08,72.22,2023-09-05,2024-09-04,,
MRH_2023_02038,2023,1,Maison,75,3,Premium,150,371.91,74.38,2024-09-05,2025-09-04,,
MRH_2023_02039,2023,0,Appartement,36,1,Confort,150,143.99,28.8,2023-07-15,2024-07-14,,
MRH_2023_02039,2023,1,Appartement,36,1,Confort,150,148.31,29.66,2024-07-15,2025-07-14,,
MRH_2023_02040,2023,0,Appartement,51,2,Confort,500,154.26,30.85,2023-09-28,2024-09-27,,
MRH_2023_02040,2023,1,Appartement,51,2,Confort,500,158.89,31.78,2024-09-28,2025-09-27,,
MRH_2023_02041,2023,0,Maison,149,5,Confort,300,490.73,98.15,2023-09-14,2024-09-13,,
MRH_2023_02041,2023,1,Maison,149,5,Confort,300,505.45,101.09,2024-09-14,2025-09-13,,
MRH_2023_02042,2023,0,Appartement,35,4,Essentielle,500,137.14,27.43,2023-12-20,2024-12-19,,
MRH_2023_02042,2023,1,Appartement,35,4,Essentielle,500,141.25,28.25,2024-12-20,2025-12-19,,
MRH_2023_02043,2023,0,Appartement,32,3,Premium,300,192.4,38.48,2023-06-19,2024-06-18,,
MRH_2023_02043,2023,1,Appartement,32,3,Premium,300,198.17,39.63,2024-06-19,2025-06-18,,
MRH_2023_02044,2023,0,Appartement,63,3,Essentielle,300,165.32,33.06,2023-12-20,2024-12-19,,
MRH_2023_02044,2023,1,Appartement,63,3,Essentielle,300,170.28,34.06,2024-12-20,2025-12-19,,
MRH_2023_02045,2023,0,Appartement,54,2,Confort,500,158.19,31.64,2023-12-02,2024-12-01,,
MRH_2023_02045,2023,1,Appartement,54,2,Confort,500,162.94,32.59,2024-12-02,2025-12-01,,
MRH_2023_02046,2023,0,Appartement,38,1,Confort,150,146.79,29.36,2023-04-27,2024-04-26,,
MRH_2023_02046,2023,1,Appartement,38,1,Confort,150,151.19,30.24,2024-04-27,2025-04-26,,
MRH_2023_02047,2023,0,Maison,82,3,Essentielle,300,223.55,44.71,2023-02-17,2024-02-16,,
MRH_2023_02047,2023,1,Maison,82,3,Essentielle,300,230.26,46.05,2024-02-17,2025-02-16,,
MRH_2023_02048,2023,0,Appartement,56,3,Confort,150,202.4,40.48,2023-01-01,2023-12-31,,
MRH_2023_02048,2023,1,Appartement,56,3,Confort,150,208.47,41.69,2024-01-01,2024-12-31,,
MRH_2023_02049,2023,0,Maison,113,3,Confort,300,309.5,61.9,2023-01-10,2024-01-09,,
MRH_2023_02049,2023,1,Maison,113,3,Confort,300,318.79,63.76,2024-01-10,2025-01-09,,
MRH_2023_02050,2023,0,Maison,140,3,Essentielle,500,273.7,54.74,2023-07-16,2024-07-15,,
MRH_2023_02050,2023,1,Maison,140,3,Essentielle,500,281.91,56.38,2024-07-16,2025-07-15,,
MRH_2023_02051,2023,0,Appartement,51,4,Premium,300,263.87,52.77,2023-07-28,2024-07-27,,
MRH_2023_02051,2023,1,Appartement,51,4,Premium,300,271.79,54.36,2024-07-28,2025-07-27,,
MRH_2023_02052,2023,0,Maison,129,2,Premium,500,378.92,75.78,2023-05-25,2024-05-24,,
MRH_2023_02052,2023,1,Maison,129,2,Premium,500,390.29,78.06,2024-05-25,2025-05-24,,
MRH_2023_02053,2023,0,Appartement,73,1,Essentielle,300,151.36,30.27,2023-05-26,2024-05-25,,
MRH_2023_02053,2023,1,Appartement,73,1,Essentielle,300,155.9,31.18,2024-05-26,2025-05-25,,
MRH_2023_02054,2023,0,Appartement,20,1,Confort,500,101.66,20.33,2023-06-23,2024-06-22,,
MRH_2023_02054,2023,1,Appartement,20,1,Confort,500,104.71,20.94,2024-06-23,2025-06-22,,
MRH_2023_02055,2023,0,Appartement,42,2,Premium,150,221.44,44.29,2023-12-22,2024-12-21,,
MRH_2023_02055,2023,1,Appartement,42,2,Premium,150,228.08,45.62,2024-12-22,2025-12-21,,
MRH_2023_02056,2023,0,Maison,79,1,Essentielle,300,186.77,37.35,2023-08-14,2024-08-13,,
MRH_2023_02056,2023,1,Maison,79,1,Essentielle,300,192.37,38.47,2024-08-14,2025-08-13,,
MRH_2023_02057,2023,0,Appartement,53,1,Essentielle,150,142.66,28.53,2023-07-01,2024-06-30,,
MRH_2023_02057,2023,1,Appartement,53,1,Essentielle,150,146.94,29.39,2024-07-01,2025-06-30,,
MRH_2023_02058,2023,0,Appartement,47,3,Essentielle,300,144.92,28.98,2023-09-27,2024-09-26,,
MRH_2023_02058,2023,1,Appartement,47,3,Essentielle,300,149.27,29.85,2024-09-27,2025-09-26,,
MRH_2023_02059,2023,0,Appartement,40,1,Confort,150,149.6,29.92,2023-02-16,2024-02-15,,
MRH_2023_02059,2023,1,Appartement,40,1,Confort,150,154.09,30.82,2024-02-16,2025-02-15,,
MRH_2023_02060,2023,0,Maison,115,3,Confort,300,312.5,62.5,2023-04-28,2024-04-27,,
MRH_2023_02060,2023,1,Maison,115,3,Confort,300,321.88,64.38,2024-04-28,2025-04-27,,
MRH_2023_02061,2023,0,Appartement,82,5,Premium,300,391.37,78.27,2023-08-05,2024-08-04,,
MRH_2023_02061,2023,1,Appartement,82,5,Premium,300,403.11,80.62,2024-08-05,2025-08-04,,
MRH_2023_02062,2023,0,Appartement,49,2,Essentielle,500,128.89,25.78,2023-02-05,2024-02-04,,
MRH_2023_02062,2023,1,Appartement,49,2,Essentielle,500,132.76,26.55,2024-02-05,2025-02-04,,
MRH_2023_02063,2023,0,Maison,166,2,Confort,500,339.99,68.0,2023-06-08,2024-06-07,,
MRH_2023_02063,2023,1,Maison,166,2,Confort,500,350.19,70.04,2024-06-08,2025-06-07,,
MRH_2023_02064,2023,0,Maison,136,3,Premium,150,491.92,98.38,2023-08-18,2024-08-17,,
MRH_2023_02064,2023,1,Maison,136,3,Premium,150,506.68,101.34,2024-08-18,2025-08-17,,
MRH_2023_02065,2023,0,Maison,175,5,Essentielle,300,461.87,92.37,2023-02-22,2024-02-21,,
MRH_2023_02065,2023,1,Maison,175,5,Essentielle,300,475.73,95.15,2024-02-22,2025-02-21,,
MRH_2023_02066,2023,0,Maison,219,3,Premium,300,609.05,121.81,2023-05-02,2024-05-01,,
MRH_2023_02066,2023,1,Maison,219,3,Premium,300,369.52,73.9,2024-05-02,2024-12-02,2024-12-02,Concurrent moins cher
MRH_2023_02067,2023,0,Appartement,40,2,Essentielle,300,129.2,25.84,2023-02-04,2024-02-03,,
MRH_2023_02067,2023,1,Appartement,40,2,Essentielle,300,133.08,26.62,2024-02-04,2025-02-03,,
MRH_2023_02068,2023,0,Appartement,91,5,Premium,300,415.06,83.01,2023-09-20,2024-09-19,,
MRH_2023_02068,2023,1,Appartement,91,5,Premium,300,427.51,85.5,2024-09-20,2025-09-19,,
MRH_2023_02069,2023,0,Maison,50,3,Premium,500,257.14,51.43,2023-08-25,2024-08-24,,
MRH_2023_02069,2023,1,Maison,50,3,Premium,500,264.85,52.97,2024-08-25,2025-08-24,,
MRH_2023_02070,2023,0,Appartement,68,3,Confort,300,202.0,40.4,2023-08-06,2024-08-05,,
MRH_2023_02070,2023,1,Appartement,68,3,Confort,300,156.19,31.24,2024-08-06,2025-05-06,2025-05-06,Vente du bien
MRH_2023_02071,2023,0,Appartement,69,3,Confort,150,223.85,44.77,2023-02-20,2024-02-19,,
MRH_2023_02071,2023,1,Appartement,69,3,Confort,150,230.57,46.11,2024-02-20,2025-02-19,,
MRH_2023_02072,2023,0,Maison,133,4,Essentielle,300,331.86,66.37,2023-01-13,2024-01-12,,
MRH_2023_02072,2023,1,Maison,133,4,Essentielle,300,341.82,68.36,2024-01-13,2025-01-12,,
MRH_2023_02073,2023,0,Maison,128,3,Essentielle,300,282.2,56.44,2023-06-28,2024-06-27,,
MRH_2023_02073,2023,1,Maison,128,3,Essentielle,300,290.67,58.13,2024-06-28,2025-06-27,,
MRH_2023_02074,2023,0,Appartement,104,1,Premium,150,311.17,62.23,2023-09-03,2024-09-02,,
MRH_2023_02074,2023,1,Appartement,104,1,Premium,150,320.51,64.1,2024-09-03,2025-09-02,,
MRH_2023_02075,2023,0,Appartement,44,5,Premium,300,291.33,58.27,2023-03-09,2024-03-08,,
MRH_2023_02075,2023,1,Appartement,44,5,Premium,300,300.07,60.01,2024-03-09,2025-03-08,,
MRH_2023_02076,2023,0,Maison,125,5,Essentielle,500,345.74,69.15,2023-01-27,2024-01-26,,
MRH_2023_02076,2023,1,Maison,125,5,Essentielle,500,356.11,71.22,2024-01-27,2025-01-26,,
MRH_2023_02077,2023,0,Maison,164,3,Confort,500,355.12,71.02,2023-12-26,2024-12-25,,
MRH_2023_02077,2023,1,Maison,164,3,Confort,500,365.77,73.15,2024-12-26,2025-12-25,,
MRH_2023_02078,2023,0,Appartement,38,3,Confort,300,157.0,31.4,2023-04-21,2024-04-20,,
MRH_2023_02078,2023,1,Appartement,38,3,Confort,300,161.71,32.34,2024-04-21,2025-04-20,,
MRH_2023_02079,2023,0,Appartement,36,3,Premium,500,184.18,36.84,2023-10-19,2024-10-18,,
MRH_2023_02079,2023,1,Appartement,36,3,Premium,500,189.71,37.94,2024-10-19,2025-10-18,,
MRH_2023_02080,2023,0,Maison,132,3,Confort,150,371.8,74.36,2023-05-11,2024-05-10,,
MRH_2023_02080,2023,1,Maison,132,3,Confort,150,382.95,76.59,2024-05-11,2025-05-10,,
MRH_2023_02081,2023,0,Maison,129,4,Confort,300,383.52,76.7,2023-07-08,2024-07-07,,
MRH_2023_02081,2023,1,Maison,129,4,Confort,300,68.19,13.64,2024-07-08,2024-09-08,2024-09-08,Vente du bien
MRH_2023_02082,2023,0,Appartement,54,5,Confort,300,244.35,48.87,2023-05-05,2024-05-04,,
MRH_2023_02082,2023,1,Appartement,54,5,Confort,300,251.68,50.34,2024-05-05,2025-05-04,,
MRH_2023_02083,2023,0,Maison,88,2,Essentielle,150,241.6,48.32,2023-03-04,2024-03-03,,
MRH_2023_02083,2023,1,Maison,88,2,Essentielle,150,248.85,49.77,2024-03-04,2025-03-03,,
MRH_2023_02084,2023,0,Maison,76,3,Confort,300,254.0,50.8,2023-10-07,2024-10-06,,
MRH_2023_02084,2023,1,Maison,76,3,Confort,300,261.62,52.32,2024-10-07,2025-10-06,,
MRH_2023_02085,2023,0,Appartement,57,3,Premium,300,241.15,48.23,2023-03-04,2024-03-03,,
MRH_2023_02085,2023,1,Appartement,57,3,Premium,300,42.19,8.44,2024-03-04,2024-05-04,2024-05-04,Déménagement
MRH_2023_02086,2023,0,Appartement,64,2,Essentielle,150,174.1,34.82,2023-12-17,2024-12-16,,
MRH_2023_02086,2023,1,Appartement,64,2,Essentielle,150,179.32,35.86,2024-12-17,2025-12-16,,
MRH_2023_02087,2023,0,Appartement,106,3,Confort,500,238.28,47.66,2023-12-13,2024-12-12,,
MRH_2023_02087,2023,1,Appartement,106,3,Confort,500,245.43,49.09,2024-12-13,2025-12-12,,
MRH_2023_02088,2023,0,Appartement,101,4,Essentielle,500,226.17,45.23,2023-02-10,2024-02-09,,
MRH_2023_02088,2023,1,Appartement,101,4,Essentielle,500,77.87,15.57,2024-02-10,2024-06-10,2024-06-10,Vente du bien
MRH_2023_02089,2023,0,Appartement,57,5,Confort,150,275.47,55.09,2023-08-09,2024-08-08,,
MRH_2023_02089,2023,1,Appartement,57,5,Confort,150,283.73,56.75,2024-08-09,2025-08-08,,
MRH_2023_02090,2023,0,Maison,147,4,Confort,300,414.57,82.91,2023-06-10,2024-06-09,,
MRH_2023_02090,2023,1,Maison,147,4,Confort,300,427.01,85.4,2024-06-10,2025-06-09,,
MRH_2023_02091,2023,0,Maison,95,1,Essentielle,150,224.52,44.9,2023-08-27,2024-08-26,,
MRH_2023_02091,2023,1,Maison,95,1,Essentielle,150,231.26,46.25,2024-08-27,2025-08-26,,
MRH_2023_02092,2023,0,Maison,174,1,Premium,300,443.1,88.62,2023-06-24,2024-06-23,,
MRH_2023_02092,2023,1,Maison,174,1,Premium,300,456.39,91.28,2024-06-24,2025-06-23,,
MRH_2023_02093,2023,0,Appartement,69,3,Confort,500,187.22,37.44,2023-07-09,2024-07-08,,
MRH_2023_02093,2023,1,Appartement,69,3,Confort,500,192.84,38.57,2024-07-09,2025-07-08,,
MRH_2023_02094,2023,0,Appartement,67,3,Premium,300,260.65,52.13,2023-02-23,2024-02-22,,
MRH_2023_02094,2023,1,Appartement,67,3,Premium,300,268.47,53.69,2024-02-23,2025-02-22,,
MRH_2023_02095,2023,0,Maison,148,2,Premium,300,447.07,89.41,2023-02-13,2024-02-12,,
MRH_2023_02095,2023,1,Maison,148,2,Premium,300,460.48,92.1,2024-02-13,2025-02-12,,
MRH_2023_02096,2023,0,Maison,118,3,Confort,500,291.64,58.33,2023-01-17,2024-01-16,,
MRH_2023_02096,2023,1,Maison,118,3,Confort,500,300.39,60.08,2024-01-17,2025-01-16,,
MRH_2023_02097,2023,0,Appartement,49,3,Essentielle,300,147.47,29.49,2023-07-18,2024-07-17,,
MRH_2023_02097,2023,1,Appartement,49,3,Essentielle,300,151.89,30.38,2024-07-18,2025-07-17,,
MRH_2023_02098,2023,0,Appartement,58,3,Confort,500,172.04,34.41,2023-01-17,2024-01-16,,
MRH_2023_02098,2023,1,Appartement,58,3,Confort,500,177.2,35.44,2024-01-17,2025-01-16,,
MRH_2023_02099,2023,0,Appartement,20,3,Confort,500,119.6,23.92,2023-10-03,2024-10-02,,
MRH_2023_02099,2023,1,Appartement,20,3,Confort,500,123.19,24.64,2024-10-03,2025-10-02,,
MRH_2023_02100,2023,0,Appartement,46,3,Essentielle,500,132.16,26.43,2023-02-19,2024-02-18,,
MRH_2023_02100,2023,1,Appartement,46,3,Essentielle,500,136.12,27.22,2024-02-19,2025-02-18,,
MRH_2023_02101,2023,0,Appartement,58,1,Essentielle,500,124.3,24.86,2023-12-25,2024-12-24,,
MRH_2023_02101,2023,1,Appartement,58,1,Essentielle,500,128.03,25.61,2024-12-25,2025-12-24,,
MRH_2023_02102,2023,0,Appartement,47,5,Confort,300,230.18,46.04,2023-07-01,2024-06-30,,
MRH_2023_02102,2023,1,Appartement,47,5,Confort,300,237.09,47.42,2024-07-01,2025-06-30,,
MRH_2023_02103,2023,0,Appartement,90,5,Confort,300,317.25,63.45,2023-02-26,2024-02-25,,
MRH_2023_02103,2023,1,Appartement,90,5,Confort,300,326.77,65.35,2024-02-26,2025-02-25,,
MRH_2023_02104,2023,0,Appartement,31,2,Premium,500,166.45,33.29,2023-08-15,2024-08-14,,
MRH_2023_02104,2023,1,Appartement,31,2,Premium,500,171.44,34.29,2024-08-15,2025-08-14,,
MRH_2023_02105,2023,0,Appartement,64,2,Essentielle,150,174.1,34.82,2023-02-18,2024-02-17,,
MRH_2023_02105,2023,1,Appartement,64,2,Essentielle,150,179.32,35.86,2024-02-18,2025-02-17,,
MRH_2023_02106,2023,0,Maison,73,3,Essentielle,500,195.11,39.02,2023-03-14,2024-03-13,,
MRH_2023_02106,2023,1,Maison,73,3,Essentielle,500,200.96,40.19,2024-03-14,2025-03-13,,
MRH_2023_02107,2023,0,Appartement,42,3,Essentielle,150,152.41,30.48,2023-12-09,2024-12-08,,
MRH_2023_02107,2023,1,Appartement,42,3,Essentielle,150,156.98,31.4,2024-12-09,2025-12-08,,
MRH_2023_02108,2023,0,Appartement,47,5,Essentielle,300,195.65,39.13,2023-11-10,2024-11-09,,
MRH_2023_02108,2023,1,Appartement,47,5,Essentielle,300,201.52,40.3,2024-11-10,2025-11-09,,
MRH_2023_02109,2023,0,Maison,161,3,Essentielle,300,324.27,64.85,2023-03-28,2024-03-27,,
MRH_2023_02109,2023,1,Maison,161,3,Essentielle,300,334.0,66.8,2024-03-28,2025-03-27,,
MRH_2023_02110,2023,0,Appartement,72,1,Confort,150,194.48,38.9,2023-02-21,2024-02-20,,
MRH_2023_02110,2023,1,Appartement,72,1,Confort,150,200.31,40.06,2024-02-21,2025-02-20,,
MRH_2023_02111,2023,0,Maison,153,5,Confort,300,498.83,99.77,2023-03-09,2024-03-08,,
MRH_2023_02111,2023,1,Maison,153,5,Confort,300,513.79,102.76,2024-03-09,2025-03-08,,
MRH_2023_02112,2023,0,Appartement,49,2,Essentielle,300,140.1,28.02,2023-12-26,2024-12-25,,
MRH_2023_02112,2023,1,Appartement,49,2,Essentielle,300,144.3,28.86,2024-12-26,2025-12-25,,
MRH_2023_02113,2023,0,Appartement,28,5,Confort,300,191.7,38.34,2023-12-09,2024-12-08,,
MRH_2023_02113,2023,1,Appartement,28,5,Confort,300,197.45,39.49,2024-12-09,2025-12-08,,
MRH_2023_02114,2023,0,Appartement,68,1,Confort,500,157.96,31.59,2023-09-26,2024-09-25,,
MRH_2023_02114,2023,1,Appartement,68,1,Confort,500,162.7,32.54,2024-09-26,2025-09-25,,
MRH_2023_02115,2023,0,Appartement,105,5,Confort,150,382.39,76.48,2023-02-04,2024-02-03,,
MRH_2023_02115,2023,1,Appartement,105,5,Confort,150,393.86,78.77,2024-02-04,2025-02-03,,
MRH_2023_02116,2023,0,Maison,148,3,Premium,150,517.66,103.53,2023-11-03,2024-11-02,,
MRH_2023_02116,2023,1,Maison,148,3,Premium,150,533.19,106.64,2024-11-03,2025-11-02,,
MRH_2023_02117,2023,0,Appartement,64,2,Premium,500,222.7,44.54,2023-01-27,2024-01-26,,
MRH_2023_02117,2023,1,Appartement,64,2,Premium,500,229.38,45.88,2024-01-27,2025-01-26,,
MRH_2023_02118,2023,0,Appartement,57,1,Essentielle,500,123.3,24.66,2023-10-11,2024-10-10,,
MRH_2023_02118,2023,1,Appartement,57,1,Essentielle,500,127.0,25.4,2024-10-11,2025-10-10,,
MRH_2023_02119,2023,0,Appartement,20,4,Confort,300,149.5,29.9,2023-09-23,2024-09-22,,
MRH_2023_02119,2023,1,Appartement,20,4,Confort,300,153.99,30.8,2024-09-23,2025-09-22,,
MRH_2023_02120,2023,0,Appartement,70,4,Essentielle,500,184.36,36.87,2023-07-19,2024-07-18,,
MRH_2023_02120,2023,1,Appartement,70,4,Essentielle,500,189.89,37.98,2024-07-19,2025-07-18,,
MRH_2023_02121,2023,0,Appartement,79,3,Essentielle,500,170.87,34.17,2023-02-14,2024-02-13,,
MRH_2023_02121,2023,1,Appartement,79,3,Essentielle,500,176.0,35.2,2024-02-14,2025-02-13,,
MRH_2023_02122,2023,0,Appartement,47,3,Confort,300,170.5,34.1,2023-08-07,2024-08-06,,
MRH_2023_02122,2023,1,Appartement,47,3,Confort,300,175.62,35.12,2024-08-07,2025-08-06,,
MRH_2023_02123,2023,0,Maison,194,3,Essentielle,300,366.35,73.27,2023-06-02,2024-06-01,,
MRH_2023_02123,2023,1,Maison,194,3,Essentielle,300,377.34,75.47,2024-06-02,2025-06-01,,
MRH_2023_02124,2023,0,Maison,162,3,Confort,300,383.0,76.6,2023-02-15,2024-02-14,,
MRH_2023_02124,2023,1,Maison,162,3,Confort,300,394.49,78.9,2024-02-15,2025-02-14,,
MRH_2023_02125,2023,0,Appartement,97,2,Essentielle,300,198.24,39.65,2023-06-28,2024-06-27,,
MRH_2023_02125,2023,1,Appartement,97,2,Essentielle,300,204.19,40.84,2024-06-28,2025-06-27,,
MRH_2023_02126,2023,0,Appartement,35,1,Premium,500,155.03,31.01,2023-01-24,2024-01-23,,
MRH_2023_02126,2023,1,Appartement,35,1,Premium,500,159.68,31.94,2024-01-24,2025-01-23,,
MRH_2023_02127,2023,0,Appartement,20,5,Premium,300,228.15,45.63,2023-09-10,2024-09-09,,
MRH_2023_02127,2023,1,Appartement,20,5,Premium,300,234.99,47.0,2024-09-10,2025-09-09,,
MRH_2023_02128,2023,0,Appartement,42,2,Premium,300,201.31,40.26,2023-07-05,2024-07-04,,
MRH_2023_02128,2023,1,Appartement,42,2,Premium,300,207.35,41.47,2024-07-05,2025-07-04,,
MRH_2023_02129,2023,0,Appartement,108,5,Confort,500,325.4,65.08,2023-06-15,2024-06-14,,
MRH_2023_02129,2023,1,Appartement,108,5,Confort,500,335.16,67.03,2024-06-15,2025-06-14,,
MRH_2023_02130,2023,0,Appartement,80,2,Confort,300,209.0,41.8,2023-10-06,2024-10-05,,
MRH_2023_02130,2023,1,Appartement,80,2,Confort,300,215.27,43.05,2024-10-06,2025-10-05,,
MRH_2023_02131,2023,0,Appartement,122,5,Essentielle,150,357.22,71.44,2023-08-21,2024-08-20,,
MRH_2023_02131,2023,1,Appartement,122,5,Essentielle,150,367.94,73.59,2024-08-21,2025-08-20,,
MRH_2023_02132,2023,0,Maison,139,3,Confort,300,348.5,69.7,2023-02-03,2024-02-02,,
MRH_2023_02132,2023,1,Maison,139,3,Confort,300,358.95,71.79,2024-02-03,2025-02-02,,
MRH_2023_02133,2023,0,Appartement,40,3,Confort,300,160.0,32.0,2023-06-26,2024-06-25,,
MRH_2023_02133,2023,1,Appartement,40,3,Confort,300,164.8,32.96,2024-06-26,2025-06-25,,
MRH_2023_02134,2023,0,Maison,118,3,Essentielle,300,269.45,53.89,2023-03-21,2024-03-20,,
MRH_2023_02134,2023,1,Maison,118,3,Essentielle,300,233.43,46.69,2024-03-21,2025-01-21,2025-01-21,Concurrent moins cher
MRH_2023_02135,2023,0,Maison,84,2,Premium,300,328.51,65.7,2023-01-03,2024-01-02,,
MRH_2023_02135,2023,1,Maison,84,2,Premium,300,338.37,67.67,2024-01-03,2025-01-02,,
MRH_2023_02136,2023,0,Appartement,116,5,Confort,300,369.9,73.98,2023-01-01,2023-12-31,,
MRH_2023_02136,2023,1,Appartement,116,5,Confort,300,381.0,76.2,2024-01-01,2024-12-31,,
MRH_2023_02137,2023,0,Appartement,86,1,Essentielle,300,165.45,33.09,2023-12-06,2024-12-05,,
MRH_2023_02137,2023,1,Appartement,86,1,Essentielle,300,170.41,34.08,2024-12-06,2025-12-05,,
MRH_2023_02138,2023,0,Appartement,20,4,Confort,300,149.5,29.9,2023-08-21,2024-08-20,,
MRH_2023_02138,2023,1,Appartement,20,4,Confort,300,153.99,30.8,2024-08-21,2025-08-20,,
MRH_2023_02139,2023,0,Appartement,58,4,Essentielle,500,168.17,33.63,2023-12-07,2024-12-06,,
MRH_2023_02139,2023,1,Appartement,58,4,Essentielle,500,173.22,34.64,2024-12-07,2025-12-06,,
MRH_2023_02140,2023,0,Appartement,67,3,Premium,300,260.65,52.13,2023-11-01,2024-10-31,,
MRH_2023_02140,2023,1,Appartement,67,3,Premium,300,268.47,53.69,2024-11-01,2025-10-31,,
MRH_2023_02141,2023,0,Maison,126,5,Essentielle,300,377.53,75.51,2023-05-25,2024-05-24,,
MRH_2023_02141,2023,1,Maison,126,5,Essentielle,300,388.86,77.77,2024-05-25,2025-05-24,,
MRH_2023_02142,2023,0,Appartement,58,4,Essentielle,300,182.79,36.56,2023-06-05,2024-06-04,,
MRH_2023_02142,2023,1,Appartement,58,4,Essentielle,300,188.27,37.65,2024-06-05,2025-06-04,,
MRH_2023_02143,2023,0,Maison,77,3,Confort,150,281.05,56.21,2023-02-18,2024-02-17,,
MRH_2023_02143,2023,1,Maison,77,3,Confort,150,289.48,57.9,2024-02-18,2025-02-17,,
MRH_2023_02144,2023,0,Maison,140,1,Essentielle,300,252.88,50.58,2023-10-20,2024-10-19,,
MRH_2023_02144,2023,1,Maison,140,1,Essentielle,300,260.47,52.09,2024-10-20,2025-10-19,,
MRH_2023_02145,2023,0,Maison,77,2,Confort,300,242.72,48.54,2023-03-02,2024-03-01,,
MRH_2023_02145,2023,1,Maison,77,2,Confort,300,250.0,50.0,2024-03-02,2025-03-01,,
MRH_2023_02146,2023,0,Appartement,97,1,Premium,150,298.41,59.68,2023-11-01,2024-10-31,,
MRH_2023_02146,2023,1,Appartement,97,1,Premium,150,307.36,61.47,2024-11-01,2025-10-31,,
MRH_2023_02147,2023,0,Appartement,104,1,Confort,500,200.19,40.04,2023-08-09,2024-08-08,,
MRH_2023_02147,2023,1,Appartement,104,1,Confort,500,69.48,13.9,2024-08-09,2024-12-09,2024-12-09,Insatisfaction service
MRH_2023_02148,2023,0,Appartement,41,3,Essentielle,300,137.28,27.46,2023-11-07,2024-11-06,,
MRH_2023_02148,2023,1,Appartement,41,3,Essentielle,300,141.4,28.28,2024-11-07,2025-11-06,,
MRH_2023_02149,2023,0,Appartement,20,2,Essentielle,150,115.47,23.09,2023-07-16,2024-07-15,,
MRH_2023_02149,2023,1,Appartement,20,2,Essentielle,150,118.93,23.79,2024-07-16,2025-07-15,,
MRH_2023_02150,2023,0,Maison,69,4,Essentielle,150,261.82,52.36,2023-04-06,2024-04-05,,
MRH_2023_02150,2023,1,Maison,69,4,Essentielle,150,269.67,53.93,2024-04-06,2025-04-05,,
MRH_2023_02151,2023,0,Maison,144,2,Essentielle,500,264.47,52.89,2023-03-10,2024-03-09,,
MRH_2023_02151,2023,1,Maison,144,2,Essentielle,500,272.4,54.48,2024-03-10,2025-03-09,,
MRH_2023_02152,2023,0,Appartement,72,2,Essentielle,300,167.96,33.59,2023-11-19,2024-11-18,,
MRH_2023_02152,2023,1,Appartement,72,2,Essentielle,300,173.0,34.6,2024-11-19,2025-11-18,,
MRH_2023_02153,2023,0,Appartement,70,4,Essentielle,150,220.43,44.09,2023-10-02,2024-10-01,,
MRH_2023_02153,2023,1,Appartement,70,4,Essentielle,150,227.04,45.41,2024-10-02,2025-10-01,,
MRH_2023_02154,2023,0,Maison,86,4,Essentielle,300,262.95,52.59,2023-01-21,2024-01-20,,
MRH_2023_02154,2023,1,Maison,86,4,Essentielle,300,270.84,54.17,2024-01-21,2025-01-20,,
MRH_2023_02155,2023,0,Appartement,90,2,Essentielle,150,208.74,41.75,2023-02-13,2024-02-12,,
MRH_2023_02155,2023,1,Appartement,90,2,Essentielle,150,215.0,43.0,2024-02-13,2025-02-12,,
MRH_2023_02156,2023,0,Appartement,49,1,Premium,300,191.72,38.34,2023-11-11,2024-11-10,,
MRH_2023_02156,2023,1,Appartement,49,1,Premium,300,197.47,39.49,2024-11-11,2025-11-10,,
MRH_2023_02157,2023,0,Maison,55,5,Confort,500,276.35,55.27,2023-06-28,2024-06-27,,
MRH_2023_02157,2023,1,Maison,55,5,Confort,500,284.64,56.93,2024-06-28,2025-06-27,,
MRH_2023_02158,2023,0,Appartement,76,2,Confort,500,187.04,37.41,2023-05-06,2024-05-05,,
MRH_2023_02158,2023,1,Appartement,76,2,Confort,500,192.65,38.53,2024-05-06,2025-05-05,,
MRH_2023_02159,2023,0,Appartement,79,4,Essentielle,150,234.94,46.99,2023-12-05,2024-12-04,,
MRH_2023_02159,2023,1,Appartement,79,4,Essentielle,150,241.99,48.4,2024-12-05,2025-12-04,,
MRH_2023_02160,2023,0,Appartement,43,2,Essentielle,500,122.21,24.44,2023-01-23,2024-01-22,,
MRH_2023_02160,2023,1,Appartement,43,2,Essentielle,500,125.88,25.18,2024-01-23,2025-01-22,,
MRH_2023_02161,2023,0,Appartement,54,2,Essentielle,150,160.77,32.15,2023-03-07,2024-03-06,,
MRH_2023_02161,2023,1,Appartement,54,2,Essentielle,150,165.59,33.12,2024-03-07,2025-03-06,,
MRH_2023_02162,2023,0,Maison,125,1,Confort,300,278.38,55.68,2023-02-12,2024-02-11,,
MRH_2023_02162,2023,1,Maison,125,1,Confort,300,286.73,57.35,2024-02-12,2025-02-11,,
MRH_2023_02163,2023,0,Appartement,88,3,Essentielle,300,197.2,39.44,2023-10-04,2024-10-03,,
MRH_2023_02163,2023,1,Appartement,88,3,Essentielle,300,203.12,40.62,2024-10-04,2025-10-03,,
MRH_2023_02164,2023,0,Maison,156,3,Essentielle,300,317.9,63.58,2023-06-18,2024-06-17,,
MRH_2023_02164,2023,1,Maison,156,3,Essentielle,300,327.44,65.49,2024-06-18,2025-06-17,,
MRH_2023_02165,2023,0,Maison,157,3,Premium,300,488.15,97.63,2023-12-23,2024-12-22,,
MRH_2023_02165,2023,1,Maison,157,3,Premium,300,502.79,100.56,2024-12-23,2025-12-22,,
MRH_2023_02166,2023,0,Appartement,42,1,Essentielle,300,117.77,23.55,2023-04-16,2024-04-15,,
MRH_2023_02166,2023,1,Appartement,42,1,Essentielle,300,121.3,24.26,2024-04-16,2025-04-15,,
MRH_2023_02167,2023,0,Maison,97,3,Confort,300,285.5,57.1,2023-09-19,2024-09-18,,
MRH_2023_02167,2023,1,Maison,97,3,Confort,300,294.06,58.81,2024-09-19,2025-09-18,,
MRH_2023_02168,2023,0,Appartement,54,3,Essentielle,300,153.85,30.77,2023-01-22,2024-01-21,,
MRH_2023_02168,2023,1,Appartement,54,3,Essentielle,300,158.47,31.69,2024-01-22,2025-01-21,,
MRH_2023_02169,2023,0,Appartement,85,2,Essentielle,300,183.71,36.74,2023-10-10,2024-10-09,,
MRH_2023_02169,2023,1,Appartement,85,2,Essentielle,300,189.22,37.84,2024-10-10,2025-10-09,,
MRH_2023_02170,2023,0,Maison,178,4,Essentielle,300,397.84,79.57,2023-01-09,2024-01-08,,
MRH_2023_02170,2023,1,Maison,178,4,Essentielle,300,409.78,81.96,2024-01-09,2025-01-08,,
MRH_2023_02171,2023,0,Appartement,101,3,Premium,150,359.65,71.93,2023-02-14,2024-02-13,,
MRH_2023_02171,2023,1,Appartement,101,3,Premium,150,370.44,74.09,2024-02-14,2025-02-13,,
MRH_2023_02172,2023,0,Maison,115,3,Confort,150,343.75,68.75,2023-11-05,2024-11-04,,
MRH_2023_02172,2023,1,Maison,115,3,Confort,150,354.06,70.81,2024-11-05,2025-11-04,,
MRH_2023_02173,2023,0,Maison,159,5,Essentielle,300,434.33,86.87,2023-04-28,2024-04-27,,
MRH_2023_02173,2023,1,Maison,159,5,Essentielle,300,447.36,89.47,2024-04-28,2025-04-27,,
MRH_2023_02174,2023,0,Maison,160,3,Premium,300,494.0,98.8,2023-12-04,2024-12-03,,
MRH_2023_02174,2023,1,Maison,160,3,Premium,300,508.82,101.76,2024-12-04,2025-12-03,,
MRH_2023_02175,2023,0,Maison,186,1,Essentielle,300,302.73,60.55,2023-01-14,2024-01-13,,
MRH_2023_02175,2023,1,Maison,186,1,Essentielle,300,311.81,62.36,2024-01-14,2025-01-13,,
MRH_2023_02176,2023,0,Appartement,76,3,Premium,300,278.2,55.64,2023-12-26,2024-12-25,,
MRH_2023_02176,2023,1,Appartement,76,3,Premium,300,286.55,57.31,2024-12-26,2025-12-25,,
MRH_2023_02177,2023,0,Maison,78,2,Confort,300,244.15,48.83,2023-03-25,2024-03-24,,
MRH_2023_02177,2023,1,Maison,78,2,Confort,300,251.47,50.29,2024-03-25,2025-03-24,,
MRH_2023_02178,2023,0,Appartement,75,2,Confort,500,185.72,37.14,2023-11-27,2024-11-26,,
MRH_2023_02178,2023,1,Appartement,75,2,Confort,500,191.29,38.26,2024-11-27,2025-11-26,,
MRH_2023_02179,2023,0,Maison,81,3,Premium,300,339.95,67.99,2023-10-24,2024-10-23,,
MRH_2023_02179,2023,1,Maison,81,3,Premium,300,350.15,70.03,2024-10-24,2025-10-23,,
MRH_2023_02180,2023,0,Appartement,69,5,Essentielle,300,233.52,46.7,2023-12-18,2024-12-17,,
MRH_2023_02180,2023,1,Appartement,69,5,Essentielle,300,240.53,48.11,2024-12-18,2025-12-17,,
MRH_2023_02181,2023,0,Appartement,53,3,Premium,300,233.35,46.67,2023-02-14,2024-02-13,,
MRH_2023_02181,2023,1,Appartement,53,3,Premium,300,240.35,48.07,2024-02-14,2025-02-13,,
MRH_2023_02182,2023,0,Appartement,74,2,Confort,300,200.45,40.09,2023-07-27,2024-07-26,,
MRH_2023_02182,2023,1,Appartement,74,2,Confort,300,206.46,41.29,2024-07-27,2025-07-26,,
MRH_2023_02183,2023,0,Appartement,114,1,Essentielle,500,180.13,36.03,2023-03-03,2024-03-02,,
MRH_2023_02183,2023,1,Appartement,114,1,Essentielle,500,185.53,37.11,2024-03-03,2025-03-02,,
MRH_2023_02184,2023,0,Maison,96,2,Essentielle,300,229.33,45.87,2023-05-10,2024-05-09,,
MRH_2023_02184,2023,1,Maison,96,2,Essentielle,300,236.21,47.24,2024-05-10,2025-05-09,,
MRH_2023_02185,2023,0,Appartement,20,3,Confort,300,130.0,26.0,2023-12-08,2024-12-07,,
MRH_2023_02185,2023,1,Appartement,20,3,Confort,300,133.9,26.78,2024-12-08,2025-12-07,,
MRH_2023_02186,2023,0,Appartement,94,2,Confort,300,228.95,45.79,2023-08-07,2024-08-06,,
MRH_2023_02186,2023,1,Appartement,94,2,Confort,300,235.82,47.16,2024-08-07,2025-08-06,,
MRH_2023_02187,2023,0,Appartement,99,1,Essentielle,300,179.54,35.91,2023-05-07,2024-05-06,,
MRH_2023_02187,2023,1,Appartement,99,1,Essentielle,300,184.93,36.99,2024-05-07,2025-05-06,,
MRH_2023_02188,2023,0,Maison,181,5,Confort,300,555.53,111.11,2023-05-22,2024-05-21,,
MRH_2023_02188,2023,1,Maison,181,5,Confort,300,572.2,114.44,2024-05-22,2025-05-21,,
MRH_2023_02189,2023,0,Maison,153,5,Confort,500,458.92,91.78,2023-10-22,2024-10-21,,
MRH_2023_02189,2023,1,Maison,153,5,Confort,500,472.69,94.54,2024-10-22,2025-10-21,,
MRH_2023_02190,2023,0,Maison,74,5,Essentielle,300,288.02,57.6,2023-12-10,2024-12-09,,
MRH_2023_02190,2023,1,Maison,74,5,Essentielle,300,296.66,59.33,2024-12-10,2025-12-09,,
MRH_2023_02191,2023,0,Maison,91,2,Essentielle,300,223.27,44.65,2023-04-05,2024-04-04,,
MRH_2023_02191,2023,1,Maison,91,2,Essentielle,300,229.97,45.99,2024-04-05,2025-04-04,,
MRH_2023_02192,2023,0,Maison,76,2,Confort,300,241.3,48.26,2023-06-22,2024-06-21,,
MRH_2023_02192,2023,1,Maison,76,2,Confort,300,248.54,49.71,2024-06-22,2025-06-21,,
MRH_2023_02193,2023,0,Appartement,68,2,Premium,300,249.47,49.89,2023-02-03,2024-02-02,,
MRH_2023_02193,2023,1,Appartement,68,2,Premium,300,256.95,51.39,2024-02-03,2025-02-02,,
MRH_2023_02194,2023,0,Appartement,84,3,Confort,150,248.6,49.72,2023-06-24,2024-06-23,,
MRH_2023_02194,2023,1,Appartement,84,3,Confort,150,256.06,51.21,2024-06-24,2025-06-23,,
MRH_2023_02195,2023,0,Maison,127,3,Confort,500,304.06,60.81,2023-06-26,2024-06-25,,
MRH_2023_02195,2023,1,Maison,127,3,Confort,500,313.18,62.64,2024-06-26,2025-06-25,,
MRH_2023_02196,2023,0,Appartement,40,4,Confort,300,184.0,36.8,2023-12-25,2024-12-24,,
MRH_2023_02196,2023,1,Appartement,40,4,Confort,300,189.52,37.9,2024-12-25,2025-12-24,,
MRH_2023_02197,2023,0,Maison,106,5,Confort,500,371.36,74.27,2023-05-13,2024-05-12,,
MRH_2023_02197,2023,1,Maison,106,5,Confort,500,382.5,76.5,2024-05-13,2025-05-12,,
MRH_2023_02198,2023,0,Maison,142,4,Confort,150,446.55,89.31,2023-07-07,2024-07-06,,
MRH_2023_02198,2023,1,Maison,142,4,Confort,150,459.95,91.99,2024-07-07,2025-07-06,,
MRH_2023_02199,2023,0,Appartement,74,1,Confort,150,197.28,39.46,2023-10-11,2024-10-10,,
MRH_2023_02199,2023,1,Appartement,74,1,Confort,150,203.2,40.64,2024-10-11,2025-10-10,,
MRH_2023_02200,2023,0,Maison,149,5,Essentielle,150,458.83,91.77,2023-06-06,2024-06-05,,
MRH_2023_02200,2023,1,Maison,149,5,Essentielle,150,472.59,94.52,2024-06-06,2025-06-05,,
MRH_2023_02201,2023,0,Appartement,38,3,Confort,500,144.44,28.89,2023-03-04,2024-03-03,,
MRH_2023_02201,2023,1,Appartement,38,3,Confort,500,148.77,29.75,2024-03-04,2025-03-03,,
MRH_2023_02202,2023,0,Appartement,118,3,Premium,300,360.1,72.02,2023-04-12,2024-04-11,,
MRH_2023_02202,2023,1,Appartement,118,3,Premium,300,370.9,74.18,2024-04-12,2025-04-11,,
MRH_2023_02203,2023,0,Appartement,76,1,Premium,150,260.12,52.02,2023-11-09,2024-11-08,,
MRH_2023_02203,2023,1,Appartement,76,1,Premium,150,267.92,53.58,2024-11-09,2025-11-08,,
MRH_2023_02204,2023,0,Appartement,75,2,Premium,500,241.44,48.29,2023-02-10,2024-02-09,,
MRH_2023_02204,2023,1,Appartement,75,2,Premium,500,248.68,49.74,2024-02-10,2025-02-09,,
MRH_2023_02205,2023,0,Maison,136,3,Confort,500,316.48,63.3,2023-04-04,2024-04-03,,
MRH_2023_02205,2023,1,Maison,136,3,Confort,500,325.97,65.19,2024-04-04,2025-04-03,,
MRH_2023_02206,2023,0,Maison,190,1,Confort,150,397.38,79.48,2023-08-17,2024-08-16,,
MRH_2023_02206,2023,1,Maison,190,1,Confort,150,409.3,81.86,2024-08-17,2025-08-16,,
MRH_2023_02207,2023,0,Maison,132,2,Confort,150,353.21,70.64,2023-09-09,2024-09-08,,
MRH_2023_02207,2023,1,Maison,132,2,Confort,150,363.81,72.76,2024-09-09,2025-09-08,,
MRH_2023_02208,2023,0,Appartement,74,4,Confort,300,242.65,48.53,2023-07-17,2024-07-16,,
MRH_2023_02208,2023,1,Appartement,74,4,Confort,300,249.93,49.99,2024-07-17,2025-07-16,,
MRH_2023_02209,2023,0,Appartement,85,3,Essentielle,500,177.91,35.58,2023-04-21,2024-04-20,,
MRH_2023_02209,2023,1,Appartement,85,3,Essentielle,500,183.25,36.65,2024-04-21,2025-04-20,,
MRH_2023_02210,2023,0,Maison,71,5,Confort,500,306.15,61.23,2023-06-24,2024-06-23,,
MRH_2023_02210,2023,1,Maison,71,5,Confort,500,315.33,63.07,2024-06-24,2025-06-23,,
MRH_2023_02211,2023,0,Appartement,39,3,Confort,300,158.5,31.7,2023-07-07,2024-07-06,,
MRH_2023_02211,2023,1,Appartement,39,3,Confort,300,163.25,32.65,2024-07-07,2025-07-06,,
MRH_2023_02212,2023,0,Appartement,74,2,Essentielle,150,187.42,37.48,2023-11-23,2024-11-22,,
MRH_2023_02212,2023,1,Appartement,74,2,Essentielle,150,193.04,38.61,2024-11-23,2025-11-22,,
MRH_2023_02213,2023,0,Appartement,36,1,Premium,300,170.17,34.03,2023-11-17,2024-11-16,,
MRH_2023_02213,2023,1,Appartement,36,1,Premium,300,175.28,35.06,2024-11-17,2025-11-16,,
MRH_2023_02214,2023,0,Appartement,76,1,Essentielle,300,154.62,30.92,2023-12-05,2024-12-04,,
MRH_2023_02214,2023,1,Appartement,76,1,Essentielle,300,159.26,31.85,2024-12-05,2025-12-04,,
MRH_2023_02215,2023,0,Appartement,20,2,Confort,300,123.5,24.7,2023-04-19,2024-04-18,,
MRH_2023_02215,2023,1,Appartement,20,2,Confort,300,127.2,25.44,2024-04-19,2025-04-18,,
MRH_2023_02216,2023,0,Appartement,76,5,Confort,150,317.79,63.56,2023-08-06,2024-08-05,,
MRH_2023_02216,2023,1,Appartement,76,5,Confort,150,327.32,65.46,2024-08-06,2025-08-05,,
MRH_2023_02217,2023,0,Appartement,76,2,Essentielle,500,158.98,31.8,2023-03-24,2024-03-23,,
MRH_2023_02217,2023,1,Appartement,76,2,Essentielle,500,151.64,30.33,2024-03-24,2025-02-24,2025-02-24,Prix trop élevé
MRH_2023_02218,2023,0,Appartement,98,3,Confort,300,247.0,49.4,2023-06-05,2024-06-04,,
MRH_2023_02218,2023,1,Appartement,98,3,Confort,300,254.41,50.88,2024-06-05,2025-06-04,,
MRH_2023_02219,2023,0,Maison,69,3,Essentielle,300,206.97,41.39,2023-03-06,2024-03-05,,
MRH_2023_02219,2023,1,Maison,69,3,Essentielle,300,213.18,42.64,2024-03-06,2025-03-05,,
MRH_2023_02220,2023,0,Maison,187,4,Essentielle,300,411.04,82.21,2023-09-20,2024-09-19,,
MRH_2023_02220,2023,1,Maison,187,4,Essentielle,300,423.37,84.67,2024-09-20,2025-09-19,,
MRH_2023_02221,2023,0,Appartement,46,3,Premium,300,219.7,43.94,2023-06-08,2024-06-07,,
MRH_2023_02221,2023,1,Appartement,46,3,Premium,300,226.29,45.26,2024-06-08,2025-06-07,,
MRH_2023_02222,2023,0,Appartement,86,1,Confort,150,214.12,42.82,2023-08-13,2024-08-12,,
MRH_2023_02222,2023,1,Appartement,86,1,Confort,150,220.54,44.11,2024-08-13,2025-08-12,,
MRH_2023_02223,2023,0,Appartement,72,2,Confort,150,217.36,43.47,2023-09-26,2024-09-25,,
MRH_2023_02223,2023,1,Appartement,72,2,Confort,150,223.88,44.78,2024-09-26,2025-09-25,,
MRH_2023_02224,2023,0,Maison,118,2,Essentielle,500,235.5,47.1,2023-02-05,2024-02-04,,
MRH_2023_02224,2023,1,Maison,118,2,Essentielle,500,242.56,48.51,2024-02-05,2025-02-04,,
MRH_2023_02225,2023,0,Appartement,91,3,Premium,300,307.45,61.49,2023-12-03,2024-12-02,,
MRH_2023_02225,2023,1,Appartement,91,3,Premium,300,316.67,63.33,2024-12-03,2025-12-02,,
MRH_2023_02226,2023,0,Appartement,26,4,Confort,300,159.85,31.97,2023-09-28,2024-09-27,,
MRH_2023_02226,2023,1,Appartement,26,4,Confort,300,164.65,32.93,2024-09-28,2025-09-27,,
MRH_2023_02227,2023,0,Appartement,73,2,Essentielle,300,169.17,33.83,2023-12-05,2024-12-04,,
MRH_2023_02227,2023,1,Appartement,73,2,Essentielle,300,174.25,34.85,2024-12-05,2025-12-04,,
MRH_2023_02228,2023,0,Appartement,90,3,Essentielle,150,219.73,43.95,2023-10-10,2024-10-09,,
MRH_2023_02228,2023,1,Appartement,90,3,Essentielle,150,226.32,45.26,2024-10-10,2025-10-09,,
MRH_2023_02229,2023,0,Appartement,30,3,Essentielle,300,123.25,24.65,2023-03-24,2024-03-23,,
MRH_2023_02229,2023,1,Appartement,30,3,Essentielle,300,126.95,25.39,2024-03-24,2025-03-23,,
MRH_2023_02230,2023,0,Appartement,51,2,Premium,300,217.98,43.6,2023-04-12,2024-04-11,,
MRH_2023_02230,2023,1,Appartement,51,2,Premium,300,224.52,44.9,2024-04-12,2025-04-11,,
MRH_2023_02231,2023,0,Maison,124,4,Confort,300,374.9,74.98,2023-02-28,2024-02-27,,
MRH_2023_02231,2023,1,Maison,124,4,Confort,300,386.15,77.23,2024-02-28,2025-02-27,,
MRH_2023_02232,2023,0,Appartement,118,2,Confort,500,242.1,48.42,2023-05-04,2024-05-03,,
MRH_2023_02232,2023,1,Appartement,118,2,Confort,500,249.36,49.87,2024-05-04,2025-05-03,,
MRH_2023_02233,2023,0,Appartement,56,3,Essentielle,150,172.04,34.41,2023-11-18,2024-11-17,,
MRH_2023_02233,2023,1,Appartement,56,3,Essentielle,150,177.2,35.44,2024-11-18,2025-11-17,,
MRH_2023_02234,2023,0,Appartement,49,3,Essentielle,500,135.68,27.14,2023-03-13,2024-03-12,,
MRH_2023_02234,2023,1,Appartement,49,3,Essentielle,500,139.75,27.95,2024-03-13,2025-03-12,,
MRH_2023_02235,2023,0,Appartement,59,3,Confort,300,188.5,37.7,2023-07-03,2024-07-02,,
MRH_2023_02235,2023,1,Appartement,59,3,Confort,300,194.16,38.83,2024-07-03,2025-07-02,,
MRH_2023_02236,2023,0,Appartement,89,3,Confort,300,233.5,46.7,2023-10-03,2024-10-02,,
MRH_2023_02236,2023,1,Appartement,89,3,Confort,300,240.5,48.1,2024-10-03,2025-10-02,,
MRH_2023_02237,2023,0,Maison,99,3,Confort,150,317.35,63.47,2023-02-19,2024-02-18,,
MRH_2023_02237,2023,1,Maison,99,3,Confort,150,326.87,65.37,2024-02-19,2025-02-18,,
MRH_2023_02238,2023,0,Maison,87,2,Essentielle,150,240.27,48.05,2023-10-24,2024-10-23,,
MRH_2023_02238,2023,1,Maison,87,2,Essentielle,150,247.48,49.5,2024-10-24,2025-10-23,,
MRH_2023_02239,2023,0,Maison,83,3,Premium,150,378.24,75.65,2023-08-26,2024-08-25,,
MRH_2023_02239,2023,1,Maison,83,3,Premium,150,99.26,19.85,2024-08-26,2024-11-26,2024-11-26,Déménagement
MRH_2023_02240,2023,0,Appartement,50,3,Essentielle,150,163.62,32.72,2023-02-20,2024-02-19,,
MRH_2023_02240,2023,1,Appartement,50,3,Essentielle,150,168.53,33.71,2024-02-20,2025-02-19,,
MRH_2023_02241,2023,0,Appartement,89,1,Essentielle,300,168.7,33.74,2023-10-08,2024-10-07,,
MRH_2023_02241,2023,1,Appartement,89,1,Essentielle,300,173.76,34.75,2024-10-08,2025-10-07,,
MRH_2023_02242,2023,0,Appartement,92,5,Confort,500,295.6,59.12,2023-07-02,2024-07-01,,
MRH_2023_02242,2023,1,Appartement,92,5,Confort,500,304.47,60.89,2024-07-02,2025-07-01,,
MRH_2023_02243,2023,0,Appartement,68,3,Confort,150,222.2,44.44,2023-10-25,2024-10-24,,
MRH_2023_02243,2023,1,Appartement,68,3,Confort,150,228.87,45.77,2024-10-25,2025-10-24,,
MRH_2023_02244,2023,0,Appartement,79,2,Confort,500,190.97,38.19,2023-06-23,2024-06-22,,
MRH_2023_02244,2023,1,Appartement,79,2,Confort,500,196.7,39.34,2024-06-23,2025-06-22,,
MRH_2023_02245,2023,0,Appartement,38,3,Essentielle,300,133.45,26.69,2023-11-22,2024-11-21,,
MRH_2023_02245,2023,1,Appartement,38,3,Essentielle,300,137.45,27.49,2024-11-22,2025-11-21,,
MRH_2023_02246,2023,0,Maison,79,3,Essentielle,150,241.7,48.34,2023-11-25,2024-11-24,,
MRH_2023_02246,2023,1,Maison,79,3,Essentielle,150,248.95,49.79,2024-11-25,2025-11-24,,
MRH_2023_02247,2023,0,Appartement,94,3,Confort,300,241.0,48.2,2023-03-08,2024-03-07,,
MRH_2023_02247,2023,1,Appartement,94,3,Confort,300,248.23,49.65,2024-03-08,2025-03-07,,
MRH_2023_02248,2023,0,Appartement,70,1,Essentielle,150,162.92,32.58,2023-06-16,2024-06-15,,
MRH_2023_02248,2023,1,Appartement,70,1,Essentielle,150,167.81,33.56,2024-06-16,2025-06-15,,
MRH_2023_02249,2023,0,Appartement,57,4,Essentielle,150,199.46,39.89,2023-12-02,2024-12-01,,
MRH_2023_02249,2023,1,Appartement,57,4,Essentielle,150,119.89,23.98,2024-12-02,2025-07-02,2025-07-02,Vente du bien
MRH_2023_02250,2023,0,Appartement,99,2,Confort,500,217.19,43.44,2023-08-13,2024-08-12,,
MRH_2023_02250,2023,1,Appartement,99,2,Confort,500,223.71,44.74,2024-08-13,2025-08-12,,
MRH_2023_02251,2023,0,Appartement,44,5,Confort,300,224.1,44.82,2023-07-12,2024-07-11,,
MRH_2023_02251,2023,1,Appartement,44,5,Confort,300,230.82,46.16,2024-07-12,2025-07-11,,
MRH_2023_02252,2023,0,Maison,130,2,Essentielle,150,297.56,59.51,2023-07-08,2024-07-07,,
MRH_2023_02252,2023,1,Maison,130,2,Essentielle,150,306.49,61.3,2024-07-08,2025-07-07,,
MRH_2023_02253,2023,0,Maison,109,3,Premium,500,362.99,72.6,2023-10-06,2024-10-05,,
MRH_2023_02253,2023,1,Maison,109,3,Premium,500,373.88,74.78,2024-10-06,2025-10-05,,
MRH_2023_02254,2023,0,Appartement,66,1,Confort,300,169.15,33.83,2023-03-19,2024-03-18,,
MRH_2023_02254,2023,1,Appartement,66,1,Confort,300,174.22,34.84,2024-03-19,2025-03-18,,
MRH_2023_02255,2023,0,Appartement,75,3,Confort,300,212.5,42.5,2023-06-12,2024-06-11,,
MRH_2023_02255,2023,1,Appartement,75,3,Confort,300,218.88,43.78,2024-06-12,2025-06-11,,
MRH_2023_02256,2023,0,Appartement,102,3,Confort,500,232.76,46.55,2023-05-08,2024-05-07,,
MRH_2023_02256,2023,1,Appartement,102,3,Confort,500,239.74,47.95,2024-05-08,2025-05-07,,
MRH_2023_02257,2023,0,Maison,52,3,Confort,300,218.0,43.6,2023-10-13,2024-10-12,,
MRH_2023_02257,2023,1,Maison,52,3,Confort,300,224.54,44.91,2024-10-13,2025-10-12,,
MRH_2023_02258,2023,0,Appartement,28,3,Essentielle,300,120.7,24.14,2023-05-28,2024-05-27,,
MRH_2023_02258,2023,1,Appartement,28,3,Essentielle,300,124.32,24.86,2024-05-28,2025-05-27,,
MRH_2023_02259,2023,0,Maison,118,2,Essentielle,300,255.98,51.2,2023-10-04,2024-10-03,,
MRH_2023_02259,2023,1,Maison,118,2,Essentielle,300,263.66,52.73,2024-10-04,2025-10-03,,
MRH_2023_02260,2023,0,Maison,85,3,Confort,300,267.5,53.5,2023-12-28,2024-12-27,,
MRH_2023_02260,2023,1,Maison,85,3,Confort,300,275.53,55.11,2024-12-28,2025-12-27,,
MRH_2023_02261,2023,0,Appartement,57,2,Confort,150,193.85,38.77,2023-09-25,2024-09-24,,
MRH_2023_02261,2023,1,Appartement,57,2,Confort,150,199.67,39.93,2024-09-25,2025-09-24,,
MRH_2023_02262,2023,0,Maison,171,3,Essentielle,150,370.73,74.15,2023-10-11,2024-10-10,,
MRH_2023_02262,2023,1,Maison,171,3,Essentielle,150,381.85,76.37,2024-10-11,2025-10-10,,
MRH_2023_02263,2023,0,Appartement,58,2,Confort,300,177.65,35.53,2023-02-08,2024-02-07,,
MRH_2023_02263,2023,1,Appartement,58,2,Confort,300,182.98,36.6,2024-02-08,2025-02-07,,
MRH_2023_02264,2023,0,Maison,56,5,Confort,500,278.21,55.64,2023-03-02,2024-03-01,,
MRH_2023_02264,2023,1,Maison,56,5,Confort,500,286.56,57.31,2024-03-02,2025-03-01,,
MRH_2023_02265,2023,0,Appartement,57,2,Premium,300,229.09,45.82,2023-04-10,2024-04-09,,
MRH_2023_02265,2023,1,Appartement,57,2,Premium,300,235.96,47.19,2024-04-10,2025-04-09,,
MRH_2023_02266,2023,0,Maison,121,2,Confort,300,305.43,61.09,2023-03-02,2024-03-01,,
MRH_2023_02266,2023,1,Maison,121,2,Confort,300,314.59,62.92,2024-03-02,2025-03-01,,
MRH_2023_02267,2023,0,Appartement,60,2,Premium,300,234.65,46.93,2023-12-20,2024-12-19,,
MRH_2023_02267,2023,1,Appartement,60,2,Premium,300,241.69,48.34,2024-12-20,2025-12-19,,
MRH_2023_02268,2023,0,Appartement,91,1,Premium,300,261.33,52.27,2023-02-05,2024-02-04,,
MRH_2023_02268,2023,1,Appartement,91,1,Premium,300,269.17,53.83,2024-02-05,2025-02-04,,
MRH_2023_02269,2023,0,Appartement,79,2,Confort,500,190.97,38.19,2023-04-11,2024-04-10,,
MRH_2023_02269,2023,1,Appartement,79,2,Confort,500,196.7,39.34,2024-04-11,2025-04-10,,
MRH_2023_02270,2023,0,Maison,92,4,Premium,500,382.36,76.47,2023-02-19,2024-02-18,,
MRH_2023_02270,2023,1,Maison,92,4,Premium,500,393.83,78.77,2024-02-19,2025-02-18,,
MRH_2023_02271,2023,0,Maison,117,2,Essentielle,300,254.77,50.95,2023-07-13,2024-07-12,,
MRH_2023_02271,2023,1,Maison,117,2,Essentielle,300,262.41,52.48,2024-07-13,2025-07-12,,
MRH_2023_02272,2023,0,Appartement,88,5,Confort,150,344.52,68.9,2023-04-10,2024-04-09,,
MRH_2023_02272,2023,1,Appartement,88,5,Confort,150,354.86,70.97,2024-04-10,2025-04-09,,
MRH_2023_02273,2023,0,Appartement,20,3,Essentielle,300,110.5,22.1,2023-04-10,2024-04-09,,
MRH_2023_02273,2023,1,Appartement,20,3,Essentielle,300,113.81,22.76,2024-04-10,2025-04-09,,
MRH_2023_02274,2023,0,Appartement,96,3,Confort,150,268.4,53.68,2023-05-08,2024-05-07,,
MRH_2023_02274,2023,1,Appartement,96,3,Confort,150,276.45,55.29,2024-05-08,2025-05-07,,
MRH_2023_02275,2023,0,Maison,63,3,Confort,150,257.95,51.59,2023-01-18,2024-01-17,,
MRH_2023_02275,2023,1,Maison,63,3,Confort,150,265.69,53.14,2024-01-18,2025-01-17,,
MRH_2023_02276,2023,0,Maison,153,3,Confort,300,369.5,73.9,2023-10-28,2024-10-27,,
MRH_2023_02276,2023,1,Maison,153,3,Confort,300,380.59,76.12,2024-10-28,2025-10-27,,
MRH_2023_02277,2023,0,Maison,142,4,Essentielle,500,317.45,63.49,2023-08-10,2024-08-09,,
MRH_2023_02277,2023,1,Maison,142,4,Essentielle,500,137.96,27.59,2024-08-10,2025-01-10,2025-01-10,Prix trop élevé
MRH_2023_02278,2023,0,Maison,114,2,Premium,150,422.49,84.5,2023-03-08,2024-03-07,,
MRH_2023_02278,2023,1,Maison,114,2,Premium,150,435.16,87.03,2024-03-08,2025-03-07,,
MRH_2023_02279,2023,0,Maison,111,2,Confort,300,291.18,58.24,2023-07-13,2024-07-12,,
MRH_2023_02279,2023,1,Maison,111,2,Confort,300,299.92,59.98,2024-07-13,2025-07-12,,
MRH_2023_02280,2023,0,Appartement,70,2,Premium,300,253.18,50.64,2023-04-07,2024-04-06,,
MRH_2023_02280,2023,1,Appartement,70,2,Premium,300,260.78,52.16,2024-04-07,2025-04-06,,
MRH_2023_02281,2023,0,Maison,99,1,Essentielle,500,191.77,38.35,2023-10-04,2024-10-03,,
MRH_2023_02281,2023,1,Maison,99,1,Essentielle,500,197.52,39.5,2024-10-04,2025-10-03,,
MRH_2023_02282,2023,0,Maison,99,2,Essentielle,300,232.96,46.59,2023-07-15,2024-07-14,,
MRH_2023_02282,2023,1,Maison,99,2,Essentielle,300,239.95,47.99,2024-07-15,2025-07-14,,
MRH_2023_02283,2023,0,Maison,181,4,Confort,150,520.55,104.11,2023-08-28,2024-08-27,,
MRH_2023_02283,2023,1,Maison,181,4,Confort,150,536.17,107.23,2024-08-28,2025-08-27,,
MRH_2023_02284,2023,0,Maison,179,3,Essentielle,300,347.22,69.44,2023-04-24,2024-04-23,,
MRH_2023_02284,2023,1,Maison,179,3,Essentielle,300,357.64,71.53,2024-04-24,2025-04-23,,
MRH_2023_02285,2023,0,Appartement,59,5,Essentielle,300,216.3,43.26,2023-12-19,2024-12-18,,
MRH_2023_02285,2023,1,Appartement,59,5,Essentielle,300,222.79,44.56,2024-12-19,2025-12-18,,
MRH_2023_02286,2023,0,Appartement,71,3,Essentielle,300,175.53,35.11,2023-05-23,2024-05-22,,
MRH_2023_02286,2023,1,Appartement,71,3,Essentielle,300,180.8,36.16,2024-05-23,2025-05-22,,
MRH_2023_02287,2023,0,Maison,167,3,Premium,150,558.42,111.68,2023-02-15,2024-02-14,,
MRH_2023_02287,2023,1,Maison,167,3,Premium,150,575.17,115.03,2024-02-15,2025-02-14,,
MRH_2023_02288,2023,0,Maison,134,3,Essentielle,150,318.83,63.77,2023-06-02,2024-06-01,,
MRH_2023_02288,2023,1,Maison,134,3,Essentielle,150,328.39,65.68,2024-06-02,2025-06-01,,
MRH_2023_02289,2023,0,Maison,55,3,Confort,150,244.75,48.95,2023-08-21,2024-08-20,,
MRH_2023_02289,2023,1,Maison,55,3,Confort,150,252.09,50.42,2024-08-21,2025-08-20,,
MRH_2023_02290,2023,0,Appartement,89,4,Confort,300,268.52,53.7,2023-05-02,2024-05-01,,
MRH_2023_02290,2023,1,Appartement,89,4,Confort,300,276.58,55.32,2024-05-02,2025-05-01,,
MRH_2023_02291,2023,0,Maison,131,3,Confort,500,309.58,61.92,2023-11-05,2024-11-04,,
MRH_2023_02291,2023,1,Maison,131,3,Confort,500,318.87,63.77,2024-11-05,2025-11-04,,
MRH_2023_02292,2023,0,Maison,200,1,Essentielle,150,349.69,69.94,2023-10-26,2024-10-25,,
MRH_2023_02292,2023,1,Maison,200,1,Essentielle,150,360.18,72.04,2024-10-26,2025-10-25,,
MRH_2023_02293,2023,0,Appartement,66,2,Confort,300,189.05,37.81,2023-04-16,2024-04-15,,
MRH_2023_02293,2023,1,Appartement,66,2,Confort,300,194.72,38.94,2024-04-16,2025-04-15,,
MRH_2023_02294,2023,0,Appartement,44,3,Premium,300,215.8,43.16,2023-02-05,2024-02-04,,
MRH_2023_02294,2023,1,Appartement,44,3,Premium,300,222.27,44.45,2024-02-05,2025-02-04,,
MRH_2023_02295,2023,0,Maison,152,3,Essentielle,300,312.8,62.56,2023-12-18,2024-12-17,,
MRH_2023_02295,2023,1,Maison,152,3,Essentielle,300,322.18,64.44,2024-12-18,2025-12-17,,
MRH_2023_02296,2023,0,Maison,150,3,Confort,150,401.5,80.3,2023-08-28,2024-08-27,,
MRH_2023_02296,2023,1,Maison,150,3,Confort,150,276.45,55.29,2024-08-28,2025-04-28,2025-04-28,Concurrent moins cher
MRH_2023_02297,2023,0,Maison,147,3,Confort,300,360.5,72.1,2023-12-12,2024-12-11,,
MRH_2023_02297,2023,1,Maison,147,3,Confort,300,371.31,74.26,2024-12-12,2025-12-11,,
MRH_2023_02298,2023,0,Appartement,20,4,Confort,500,137.54,27.51,2023-02-06,2024-02-05,,
MRH_2023_02298,2023,1,Appartement,20,4,Confort,500,141.67,28.33,2024-02-06,2025-02-05,,
MRH_2023_02299,2023,0,Maison,182,2,Confort,300,392.35,78.47,2023-03-01,2024-02-29,,
MRH_2023_02299,2023,1,Maison,182,2,Confort,300,404.12,80.82,2024-03-01,2025-02-28,,
MRH_2023_02300,2023,0,Appartement,51,1,Confort,500,138.02,27.6,2023-11-11,2024-11-10,,
MRH_2023_02300,2023,1,Appartement,51,1,Confort,500,142.16,28.43,2024-11-11,2025-11-10,,
MRH_2023_02301,2023,0,Appartement,82,5,Premium,150,430.5,86.1,2023-12-18,2024-12-17,,
MRH_2023_02301,2023,1,Appartement,82,5,Premium,150,443.42,88.68,2024-12-18,2025-12-17,,
MRH_2023_02302,2023,0,Appartement,48,2,Essentielle,150,152.78,30.56,2023-05-17,2024-05-16,,
MRH_2023_02302,2023,1,Appartement,48,2,Essentielle,150,157.36,31.47,2024-05-17,2025-05-16,,
MRH_2023_02303,2023,0,Appartement,20,1,Confort,300,110.5,22.1,2023-01-28,2024-01-27,,
MRH_2023_02303,2023,1,Appartement,20,1,Confort,300,113.81,22.76,2024-01-28,2025-01-27,,
MRH_2023_02304,2023,0,Maison,67,4,Confort,150,304.23,60.85,2023-10-25,2024-10-24,,
MRH_2023_02304,2023,1,Maison,67,4,Confort,150,313.36,62.67,2024-10-25,2025-10-24,,
MRH_2023_02305,2023,0,Appartement,52,3,Premium,500,212.89,42.58,2023-07-21,2024-07-20,,
MRH_2023_02305,2023,1,Appartement,52,3,Premium,500,219.28,43.86,2024-07-21,2025-07-20,,
MRH_2023_02306,2023,0,Appartement,38,4,Confort,500,166.11,33.22,2023-04-09,2024-04-08,,
MRH_2023_02306,2023,1,Appartement,38,4,Confort,500,171.09,34.22,2024-04-09,2025-04-08,,
MRH_2023_02307,2023,0,Maison,50,2,Confort,300,204.25,40.85,2023-01-14,2024-01-13,,
MRH_2023_02307,2023,1,Maison,50,2,Confort,300,210.38,42.08,2024-01-14,2025-01-13,,
MRH_2023_02308,2023,0,Appartement,72,3,Essentielle,300,176.8,35.36,2023-01-21,2024-01-20,,
MRH_2023_02308,2023,1,Appartement,72,3,Essentielle,300,182.1,36.42,2024-01-21,2025-01-20,,
MRH_2023_02309,2023,0,Maison,149,1,Essentielle,500,241.62,48.32,2023-04-02,2024-04-01,,
MRH_2023_02309,2023,1,Maison,149,1,Essentielle,500,248.87,49.77,2024-04-02,2025-04-01,,
MRH_2023_02310,2023,0,Appartement,93,4,Confort,500,253.39,50.68,2023-04-14,2024-04-13,,
MRH_2023_02310,2023,1,Appartement,93,4,Confort,500,260.99,52.2,2024-04-14,2025-04-13,,
MRH_2023_02311,2023,0,Maison,142,2,Confort,300,335.35,67.07,2023-11-25,2024-11-24,,
MRH_2023_02311,2023,1,Maison,142,2,Confort,300,345.41,69.08,2024-11-25,2025-11-24,,
MRH_2023_02312,2023,0,Appartement,31,2,Essentielle,300,118.3,23.66,2023-10-17,2024-10-16,,
MRH_2023_02312,2023,1,Appartement,31,2,Essentielle,300,112.17,22.43,2024-10-17,2025-09-17,2025-09-17,Vente du bien
MRH_2023_02313,2023,0,Appartement,78,2,Confort,150,226.76,45.35,2023-01-09,2024-01-08,,
MRH_2023_02313,2023,1,Appartement,78,2,Confort,150,233.56,46.71,2024-01-09,2025-01-08,,
MRH_2023_02314,2023,0,Maison,180,2,Premium,150,556.99,111.4,2023-11-03,2024-11-02,,
MRH_2023_02314,2023,1,Maison,180,2,Premium,150,573.7,114.74,2024-11-03,2025-11-02,,
MRH_2023_02315,2023,0,Appartement,79,1,Confort,150,204.3,40.86,2023-12-12,2024-12-11,,
MRH_2023_02315,2023,1,Appartement,79,1,Confort,150,210.43,42.09,2024-12-12,2025-12-11,,
MRH_2023_02316,2023,0,Maison,112,3,Confort,500,283.36,56.67,2023-05-01,2024-04-30,,
MRH_2023_02316,2023,1,Maison,112,3,Confort,500,291.86,58.37,2024-05-01,2025-04-30,,
MRH_2023_02317,2023,0,Appartement,45,3,Confort,300,167.5,33.5,2023-03-27,2024-03-26,,
MRH_2023_02317,2023,1,Appartement,45,3,Confort,300,172.53,34.51,2024-03-27,2025-03-26,,
MRH_2023_02318,2023,0,Appartement,61,4,Essentielle,500,172.22,34.44,2023-08-21,2024-08-20,,
MRH_2023_02318,2023,1,Appartement,61,4,Essentielle,500,177.39,35.48,2024-08-21,2025-08-20,,
MRH_2023_02319,2023,0,Appartement,56,3,Confort,500,169.28,33.86,2023-05-28,2024-05-27,,
MRH_2023_02319,2023,1,Appartement,56,3,Confort,500,174.36,34.87,2024-05-28,2025-05-27,,
MRH_2023_02320,2023,0,Appartement,85,3,Confort,300,227.5,45.5,2023-04-10,2024-04-09,,
MRH_2023_02320,2023,1,Appartement,85,3,Confort,300,234.33,46.87,2024-04-10,2025-04-09,,
MRH_2023_02321,2023,0,Appartement,101,4,Essentielle,300,245.84,49.17,2023-03-01,2024-02-29,,
MRH_2023_02321,2023,1,Appartement,101,4,Essentielle,300,253.22,50.64,2024-03-01,2025-02-28,,
MRH_2023_02322,2023,0,Appartement,109,2,Confort,300,250.32,50.06,2023-02-10,2024-02-09,,
MRH_2023_02322,2023,1,Appartement,109,2,Confort,300,257.83,51.57,2024-02-10,2025-02-09,,
MRH_2023_02323,2023,0,Maison,164,4,Premium,150,634.78,126.96,2023-08-28,2024-08-27,,
MRH_2023_02323,2023,1,Maison,164,4,Premium,150,653.82,130.76,2024-08-28,2025-08-27,,
MRH_2023_02324,2023,0,Appartement,48,4,Confort,300,197.8,39.56,2023-10-23,2024-10-22,,
MRH_2023_02324,2023,1,Appartement,48,4,Confort,300,203.73,40.75,2024-10-23,2025-10-22,,
MRH_2023_02325,2023,0,Maison,93,3,Essentielle,300,237.57,47.51,2023-07-14,2024-07-13,,
MRH_2023_02325,2023,1,Maison,93,3,Essentielle,300,244.7,48.94,2024-07-14,2025-07-13,,
MRH_2023_02326,2023,0,Maison,117,3,Confort,150,347.05,69.41,2023-01-12,2024-01-11,,
MRH_2023_02326,2023,1,Maison,117,3,Confort,150,357.46,71.49,2024-01-12,2025-01-11,,
MRH_2023_02327,2023,0,Maison,94,2,Premium,150,381.74,76.35,2023-06-21,2024-06-20,,
MRH_2023_02327,2023,1,Maison,94,2,Premium,150,100.19,20.04,2024-06-21,2024-09-21,2024-09-21,Concurrent moins cher
MRH_2023_02328,2023,0,Appartement,60,3,Essentielle,150,177.65,35.53,2023-06-18,2024-06-17,,
MRH_2023_02328,2023,1,Appartement,60,3,Essentielle,150,182.98,36.6,2024-06-18,2025-06-17,,
MRH_2023_02329,2023,0,Maison,150,3,Confort,150,401.5,80.3,2023-01-15,2024-01-14,,
MRH_2023_02329,2023,1,Maison,150,3,Confort,150,413.55,82.71,2024-01-15,2025-01-14,,
MRH_2023_02330,2023,0,Maison,73,2,Confort,500,218.06,43.61,2023-04-28,2024-04-27,,
MRH_2023_02330,2023,1,Maison,73,2,Confort,500,224.6,44.92,2024-04-28,2025-04-27,,
MRH_2023_02331,2023,0,Maison,147,4,Confort,500,381.41,76.28,2023-11-26,2024-11-25,,
MRH_2023_02331,2023,1,Maison,147,4,Confort,500,392.85,78.57,2024-11-26,2025-11-25,,
MRH_2023_02332,2023,0,Appartement,64,4,Confort,150,247.94,49.59,2023-09-11,2024-09-10,,
MRH_2023_02332,2023,1,Appartement,64,4,Confort,150,255.38,51.08,2024-09-11,2025-09-10,,
MRH_2023_02333,2023,0,Maison,206,4,Confort,300,516.35,103.27,2023-07-15,2024-07-14,,
MRH_2023_02333,2023,1,Maison,206,4,Confort,300,531.84,106.37,2024-07-15,2025-07-14,,
MRH_2023_02334,2023,0,Appartement,52,2,Confort,150,186.01,37.2,2023-02-07,2024-02-06,,
MRH_2023_02334,2023,1,Appartement,52,2,Confort,150,191.59,38.32,2024-02-07,2025-02-06,,
MRH_2023_02335,2023,0,Appartement,94,3,Essentielle,300,204.85,40.97,2023-06-06,2024-06-05,,
MRH_2023_02335,2023,1,Appartement,94,3,Essentielle,300,211.0,42.2,2024-06-06,2025-06-05,,
MRH_2023_02336,2023,0,Maison,191,4,Confort,300,490.47,98.09,2023-12-25,2024-12-24,,
MRH_2023_02336,2023,1,Maison,191,4,Confort,300,505.18,101.04,2024-12-25,2025-12-24,,
MRH_2023_02337,2023,0,Maison,50,3,Essentielle,150,201.03,40.21,2023-07-25,2024-07-24,,
MRH_2023_02337,2023,1,Maison,50,3,Essentielle,150,207.06,41.41,2024-07-25,2025-07-24,,
MRH_2023_02338,2023,0,Appartement,94,3,Essentielle,150,225.34,45.07,2023-11-27,2024-11-26,,
MRH_2023_02338,2023,1,Appartement,94,3,Essentielle,150,232.1,46.42,2024-11-27,2025-11-26,,
MRH_2023_02339,2023,0,Maison,87,3,Confort,500,248.86,49.77,2023-09-23,2024-09-22,,
MRH_2023_02339,2023,1,Maison,87,3,Confort,500,256.33,51.27,2024-09-23,2025-09-22,,
MRH_2023_02340,2023,0,Maison,89,3,Premium,300,355.55,71.11,2023-09-23,2024-09-22,,
MRH_2023_02340,2023,1,Maison,89,3,Premium,300,366.22,73.24,2024-09-23,2025-09-22,,
MRH_2023_02341,2023,0,Maison,146,5,Premium,300,630.05,126.01,2023-12-13,2024-12-12,,
MRH_2023_02341,2023,1,Maison,146,5,Premium,300,648.95,129.79,2024-12-13,2025-12-12,,
MRH_2023_02342,2023,0,Maison,174,4,Confort,300,461.15,92.23,2023-10-28,2024-10-27,,
MRH_2023_02342,2023,1,Maison,174,4,Confort,300,474.98,95.0,2024-10-28,2025-10-27,,
MRH_2023_02343,2023,0,Maison,148,2,Confort,300,343.9,68.78,2023-06-11,2024-06-10,,
MRH_2023_02343,2023,1,Maison,148,2,Confort,300,354.22,70.84,2024-06-11,2025-06-10,,
MRH_2023_02344,2023,0,Appartement,85,3,Confort,500,209.3,41.86,2023-12-10,2024-12-09,,
MRH_2023_02344,2023,1,Appartement,85,3,Confort,500,215.58,43.12,2024-12-10,2025-12-09,,
MRH_2023_02345,2023,0,Appartement,43,3,Essentielle,500,128.64,25.73,2023-07-19,2024-07-18,,
MRH_2023_02345,2023,1,Appartement,43,3,Essentielle,500,132.5,26.5,2024-07-19,2025-07-18,,
MRH_2023_02346,2023,0,Appartement,47,4,Confort,500,180.39,36.08,2023-08-01,2024-07-31,,
MRH_2023_02346,2023,1,Appartement,47,4,Confort,500,185.8,37.16,2024-08-01,2025-07-31,,
MRH_2023_02347,2023,0,Appartement,47,3,Essentielle,300,144.92,28.98,2023-11-20,2024-11-19,,
MRH_2023_02347,2023,1,Appartement,47,3,Essentielle,300,149.27,29.85,2024-11-20,2025-11-19,,
MRH_2023_02348,2023,0,Appartement,52,2,Premium,300,219.83,43.97,2023-10-26,2024-10-25,,
MRH_2023_02348,2023,1,Appartement,52,2,Premium,300,226.42,45.28,2024-10-26,2025-10-25,,
MRH_2023_02349,2023,0,Appartement,49,4,Confort,300,199.52,39.9,2023-04-13,2024-04-12,,
MRH_2023_02349,2023,1,Appartement,49,4,Confort,300,205.51,41.1,2024-04-13,2025-04-12,,
MRH_2023_02350,2023,0,Appartement,74,3,Premium,300,274.3,54.86,2023-10-18,2024-10-17,,
MRH_2023_02350,2023,1,Appartement,74,3,Premium,300,117.66,23.53,2024-10-18,2025-03-18,2025-03-18,Concurrent moins cher
MRH_2023_02351,2023,0,Appartement,35,3,Confort,150,167.75,33.55,2023-06-06,2024-06-05,,
MRH_2023_02351,2023,1,Appartement,35,3,Confort,150,172.78,34.56,2024-06-06,2025-06-05,,
MRH_2023_02352,2023,0,Maison,83,1,Confort,500,206.84,41.37,2023-01-13,2024-01-12,,
MRH_2023_02352,2023,1,Maison,83,1,Confort,500,213.05,42.61,2024-01-13,2025-01-12,,
MRH_2023_02353,2023,0,Appartement,68,3,Essentielle,300,171.7,34.34,2023-06-17,2024-06-16,,
MRH_2023_02353,2023,1,Appartement,68,3,Essentielle,300,176.85,35.37,2024-06-17,2025-06-16,,
MRH_2023_02354,2023,0,Appartement,62,3,Confort,300,193.0,38.6,2023-11-26,2024-11-25,,
MRH_2023_02354,2023,1,Appartement,62,3,Confort,300,132.34,26.47,2024-11-26,2025-07-26,2025-07-26,Concurrent moins cher
MRH_2023_02355,2023,0,Maison,91,3,Confort,150,304.15,60.83,2023-09-12,2024-09-11,,
MRH_2023_02355,2023,1,Maison,91,3,Confort,150,313.27,62.65,2024-09-12,2025-09-11,,
MRH_2023_02356,2023,0,Maison,112,1,Premium,500,313.11,62.62,2023-06-01,2024-05-31,,
MRH_2023_02356,2023,1,Maison,112,1,Premium,500,108.68,21.74,2024-06-01,2024-10-01,2024-10-01,Déménagement
MRH_2023_02357,2023,0,Maison,107,3,Confort,300,300.5,60.1,2023-11-07,2024-11-06,,
MRH_2023_02357,2023,1,Maison,107,3,Confort,300,154.34,30.87,2024-11-07,2025-05-07,2025-05-07,Insatisfaction service
MRH_2023_02358,2023,0,Appartement,23,3,Confort,300,134.5,26.9,2023-08-18,2024-08-17,,
MRH_2023_02358,2023,1,Appartement,23,3,Confort,300,138.53,27.71,2024-08-18,2025-08-17,,
MRH_2023_02359,2023,0,Maison,108,1,Confort,150,282.37,56.47,2023-11-04,2024-11-03,,
MRH_2023_02359,2023,1,Maison,108,1,Confort,150,290.84,58.17,2024-11-04,2025-11-03,,
MRH_2023_02360,2023,0,Appartement,91,4,Premium,150,388.92,77.78,2023-02-21,2024-02-20,,
MRH_2023_02360,2023,1,Appartement,91,4,Premium,150,400.59,80.12,2024-02-21,2025-02-20,,
MRH_2023_02361,2023,0,Appartement,74,2,Premium,300,260.58,52.12,2023-05-05,2024-05-04,,
MRH_2023_02361,2023,1,Appartement,74,2,Premium,300,268.4,53.68,2024-05-05,2025-05-04,,
MRH_2023_02362,2023,0,Maison,106,2,Essentielle,300,241.44,48.29,2023-07-18,2024-07-17,,
MRH_2023_02362,2023,1,Maison,106,2,Essentielle,300,248.68,49.74,2024-07-18,2025-07-17,,
MRH_2023_02363,2023,0,Appartement,77,5,Confort,300,290.93,58.19,2023-02-11,2024-02-10,,
MRH_2023_02363,2023,1,Appartement,77,5,Confort,300,299.66,59.93,2024-02-11,2025-02-10,,
MRH_2023_02364,2023,0,Maison,107,3,Confort,300,300.5,60.1,2023-07-25,2024-07-24,,
MRH_2023_02364,2023,1,Maison,107,3,Confort,300,309.51,61.9,2024-07-25,2025-07-24,,
MRH_2023_02365,2023,0,Maison,143,2,Essentielle,300,286.26,57.25,2023-08-26,2024-08-25,,
MRH_2023_02365,2023,1,Maison,143,2,Essentielle,300,197.1,39.42,2024-08-26,2025-04-26,2025-04-26,Concurrent moins cher
MRH_2023_02366,2023,0,Appartement,96,2,Confort,300,231.8,46.36,2023-06-20,2024-06-19,,
MRH_2023_02366,2023,1,Appartement,96,2,Confort,300,238.75,47.75,2024-06-20,2025-06-19,,
MRH_2023_02367,2023,0,Appartement,88,4,Confort,300,266.8,53.36,2023-01-16,2024-01-15,,
MRH_2023_02367,2023,1,Appartement,88,4,Confort,300,274.8,54.96,2024-01-16,2025-01-15,,
MRH_2023_02368,2023,0,Maison,188,2,Confort,300,400.9,80.18,2023-02-06,2024-02-05,,
MRH_2023_02368,2023,1,Maison,188,2,Confort,300,412.93,82.59,2024-02-06,2025-02-05,,
MRH_2023_02369,2023,0,Maison,117,2,Essentielle,300,254.77,50.95,2023-02-28,2024-02-27,,
MRH_2023_02369,2023,1,Maison,117,2,Essentielle,300,262.41,52.48,2024-02-28,2025-02-27,,
MRH_2023_02370,2023,0,Maison,118,3,Premium,300,412.1,82.42,2023-11-15,2024-11-14,,
MRH_2023_02370,2023,1,Maison,118,3,Premium,300,424.46,84.89,2024-11-15,2025-11-14,,
MRH_2023_02371,2023,0,Appartement,60,3,Confort,300,190.0,38.0,2023-12-22,2024-12-21,,
MRH_2023_02371,2023,1,Appartement,60,3,Confort,300,195.7,39.14,2024-12-22,2025-12-21,,
MRH_2023_02372,2023,0,Appartement,100,2,Confort,300,237.5,47.5,2023-11-27,2024-11-26,,
MRH_2023_02372,2023,1,Appartement,100,2,Confort,300,244.62,48.92,2024-11-27,2025-11-26,,
MRH_2023_02373,2023,0,Maison,104,5,Essentielle,300,339.66,67.93,2023-10-03,2024-10-02,,
MRH_2023_02373,2023,1,Maison,104,5,Essentielle,300,349.85,69.97,2024-10-03,2025-10-02,,
MRH_2023_02374,2023,0,Appartement,88,5,Confort,150,344.52,68.9,2023-06-10,2024-06-09,,
MRH_2023_02374,2023,1,Appartement,88,5,Confort,150,354.86,70.97,2024-06-10,2025-06-09,,
MRH_2023_02375,2023,0,Appartement,46,2,Confort,300,160.55,32.11,2023-06-25,2024-06-24,,
MRH_2023_02375,2023,1,Appartement,46,2,Confort,300,165.37,33.07,2024-06-25,2025-06-24,,
MRH_2023_02376,2023,0,Appartement,70,3,Confort,300,205.0,41.0,2023-02-27,2024-02-26,,
MRH_2023_02376,2023,1,Appartement,70,3,Confort,300,211.15,42.23,2024-02-27,2025-02-26,,
MRH_2023_02377,2023,0,Appartement,51,4,Confort,300,202.97,40.59,2023-05-10,2024-05-09,,
MRH_2023_02377,2023,1,Appartement,51,4,Confort,300,209.06,41.81,2024-05-10,2025-05-09,,
MRH_2023_02378,2023,0,Maison,146,1,Essentielle,150,285.32,57.06,2023-04-07,2024-04-06,,
MRH_2023_02378,2023,1,Maison,146,1,Essentielle,150,293.88,58.78,2024-04-07,2025-04-06,,
MRH_2023_02379,2023,0,Appartement,103,3,Essentielle,300,216.32,43.26,2023-07-02,2024-07-01,,
MRH_2023_02379,2023,1,Appartement,103,3,Essentielle,300,222.81,44.56,2024-07-02,2025-07-01,,
MRH_2023_02380,2023,0,Appartement,86,4,Premium,150,376.59,75.32,2023-06-26,2024-06-25,,
MRH_2023_02380,2023,1,Appartement,86,4,Premium,150,387.89,77.58,2024-06-26,2025-06-25,,
MRH_2023_02381,2023,0,Appartement,71,3,Essentielle,150,193.08,38.62,2023-06-06,2024-06-05,,
MRH_2023_02381,2023,1,Appartement,71,3,Essentielle,150,198.87,39.77,2024-06-06,2025-06-05,,
MRH_2023_02382,2023,0,Maison,150,3,Premium,300,474.5,94.9,2023-06-24,2024-06-23,,
MRH_2023_02382,2023,1,Maison,150,3,Premium,300,488.74,97.75,2024-06-24,2025-06-23,,
MRH_2023_02383,2023,0,Maison,122,3,Premium,300,419.9,83.98,2023-07-22,2024-07-21,,
MRH_2023_02383,2023,1,Maison,122,3,Premium,300,432.5,86.5,2024-07-22,2025-07-21,,
MRH_2023_02384,2023,0,Appartement,57,4,Confort,500,196.26,39.25,2023-08-24,2024-08-23,,
MRH_2023_02384,2023,1,Appartement,57,4,Confort,500,202.15,40.43,2024-08-24,2025-08-23,,
MRH_2023_02385,2023,0,Appartement,77,1,Essentielle,300,155.7,31.14,2023-07-05,2024-07-04,,
MRH_2023_02385,2023,1,Appartement,77,1,Essentielle,300,160.37,32.07,2024-07-05,2025-07-04,,
MRH_2023_02386,2023,0,Appartement,33,4,Confort,500,158.17,31.63,2023-05-11,2024-05-10,,
MRH_2023_02386,2023,1,Appartement,33,4,Confort,500,136.14,27.23,2024-05-11,2025-03-11,2025-03-11,Vente du bien
MRH_2023_02387,2023,0,Appartement,71,1,Confort,300,175.53,35.11,2023-08-08,2024-08-07,,
MRH_2023_02387,2023,1,Appartement,71,1,Confort,300,180.8,36.16,2024-08-08,2025-08-07,,
MRH_2023_02388,2023,0,Appartement,66,2,Premium,300,245.76,49.15,2023-03-04,2024-03-03,,
MRH_2023_02388,2023,1,Appartement,66,2,Premium,300,253.13,50.63,2024-03-04,2025-03-03,,
MRH_2023_02389,2023,0,Appartement,39,5,Essentielle,300,181.88,36.38,2023-07-09,2024-07-08,,
MRH_2023_02389,2023,1,Appartement,39,5,Essentielle,300,187.34,37.47,2024-07-09,2025-07-08,,
MRH_2023_02390,2023,0,Appartement,81,3,Confort,500,203.78,40.76,2023-10-12,2024-10-11,,
MRH_2023_02390,2023,1,Appartement,81,3,Confort,500,209.89,41.98,2024-10-12,2025-10-11,,
MRH_2023_02391,2023,0,Appartement,98,4,Essentielle,300,241.44,48.29,2023-09-05,2024-09-04,,
MRH_2023_02391,2023,1,Appartement,98,4,Essentielle,300,248.68,49.74,2024-09-05,2025-09-04,,
MRH_2023_02392,2023,0,Maison,67,4,Essentielle,300,235.09,47.02,2023-02-15,2024-02-14,,
MRH_2023_02392,2023,1,Maison,67,4,Essentielle,300,242.14,48.43,2024-02-15,2025-02-14,,
MRH_2023_02393,2023,0,Appartement,29,3,Confort,150,157.85,31.57,2023-03-10,2024-03-09,,
MRH_2023_02393,2023,1,Appartement,29,3,Confort,150,162.59,32.52,2024-03-10,2025-03-09,,
MRH_2023_02394,2023,0,Appartement,56,3,Premium,150,263.12,52.62,2023-08-01,2024-07-31,,
MRH_2023_02394,2023,1,Appartement,56,3,Premium,150,271.01,54.2,2024-08-01,2025-07-31,,
MRH_2023_02395,2023,0,Maison,50,2,Essentielle,150,190.97,38.19,2023-05-26,2024-05-25,,
MRH_2023_02395,2023,1,Maison,50,2,Essentielle,150,196.7,39.34,2024-05-26,2025-05-25,,
MRH_2023_02396,2023,0,Appartement,54,4,Essentielle,500,162.77,32.55,2023-09-04,2024-09-03,,
MRH_2023_02396,2023,1,Appartement,54,4,Essentielle,500,167.65,33.53,2024-09-04,2025-09-03,,
MRH_2023_02397,2023,0,Maison,102,3,Confort,150,322.3,64.46,2023-02-19,2024-02-18,,
MRH_2023_02397,2023,1,Maison,102,3,Confort,150,331.97,66.39,2024-02-19,2025-02-18,,
MRH_2023_02398,2023,0,Maison,99,3,Confort,300,288.5,57.7,2023-06-19,2024-06-18,,
MRH_2023_02398,2023,1,Maison,99,3,Confort,300,25.23,5.05,2024-06-19,2024-07-19,2024-07-19,Vente du bien
MRH_2023_02399,2023,0,Maison,171,3,Premium,150,567.0,113.4,2023-08-15,2024-08-14,,
MRH_2023_02399,2023,1,Maison,171,3,Premium,150,584.01,116.8,2024-08-15,2025-08-14,,
MRH_2023_02400,2023,0,Appartement,29,1,Premium,500,145.88,29.18,2023-10-07,2024-10-06,,
MRH_2023_02400,2023,1,Appartement,29,1,Premium,500,150.26,30.05,2024-10-07,2025-10-06,,
MRH_2023_02401,2023,0,Maison,183,2,Confort,150,433.15,86.63,2023-12-15,2024-12-14,,
MRH_2023_02401,2023,1,Maison,183,2,Confort,150,446.14,89.23,2024-12-15,2025-12-14,,
MRH_2023_02402,2023,0,Appartement,90,4,Essentielle,300,229.71,45.94,2023-11-13,2024-11-12,,
MRH_2023_02402,2023,1,Appartement,90,4,Essentielle,300,40.19,8.04,2024-11-13,2025-01-13,2025-01-13,Déménagement
MRH_2023_02403,2023,0,Appartement,67,2,Premium,300,247.62,49.52,2023-10-16,2024-10-15,,
MRH_2023_02403,2023,1,Appartement,67,2,Premium,300,255.05,51.01,2024-10-16,2025-10-15,,
MRH_2023_02404,2023,0,Maison,104,2,Essentielle,500,219.9,43.98,2023-01-19,2024-01-18,,
MRH_2023_02404,2023,1,Maison,104,2,Essentielle,500,226.5,45.3,2024-01-19,2025-01-18,,
MRH_2023_02405,2023,0,Appartement,85,4,Confort,150,287.79,57.56,2023-05-11,2024-05-10,,
MRH_2023_02405,2023,1,Appartement,85,4,Confort,150,75.53,15.11,2024-05-11,2024-08-11,2024-08-11,Concurrent moins cher
MRH_2023_02406,2023,0,Appartement,25,3,Confort,300,137.5,27.5,2023-12-26,2024-12-25,,
MRH_2023_02406,2023,1,Appartement,25,3,Confort,300,141.62,28.32,2024-12-26,2025-12-25,,
MRH_2023_02407,2023,0,Appartement,46,5,Essentielle,300,193.93,38.79,2023-09-24,2024-09-23,,
MRH_2023_02407,2023,1,Appartement,46,5,Essentielle,300,199.75,39.95,2024-09-24,2025-09-23,,
MRH_2023_02408,2023,0,Appartement,82,2,Essentielle,150,198.08,39.62,2023-12-01,2024-11-30,,
MRH_2023_02408,2023,1,Appartement,82,2,Essentielle,150,204.02,40.8,2024-12-01,2025-11-30,,
MRH_2023_02409,2023,0,Appartement,132,4,Confort,300,342.7,68.54,2023-11-10,2024-11-09,,
MRH_2023_02409,2023,1,Appartement,132,4,Confort,300,352.98,70.6,2024-11-10,2025-11-09,,
MRH_2023_02410,2023,0,Appartement,54,3,Premium,500,216.48,43.3,2023-04-19,2024-04-18,,
MRH_2023_02410,2023,1,Appartement,54,3,Premium,500,222.97,44.59,2024-04-19,2025-04-18,,
MRH_2023_02411,2023,0,Appartement,35,1,Essentielle,500,101.37,20.27,2023-11-20,2024-11-19,,
MRH_2023_02411,2023,1,Appartement,35,1,Essentielle,500,26.6,5.32,2024-11-20,2025-02-20,2025-02-20,Vente du bien
MRH_2023_02412,2023,0,Maison,187,3,Essentielle,150,393.17,78.63,2023-03-18,2024-03-17,,
MRH_2023_02412,2023,1,Maison,187,3,Essentielle,150,404.97,80.99,2024-03-18,2025-03-17,,
MRH_2023_02413,2023,0,Maison,95,2,Essentielle,300,228.12,45.62,2023-09-03,2024-09-02,,
MRH_2023_02413,2023,1,Maison,95,2,Essentielle,300,234.96,46.99,2024-09-03,2025-09-02,,
MRH_2023_02414,2023,0,Appartement,44,1,Confort,500,129.81,25.96,2023-02-02,2024-02-01,,
MRH_2023_02414,2023,1,Appartement,44,1,Confort,500,133.7,26.74,2024-02-02,2025-02-01,,
MRH_2023_02415,2023,0,Maison,86,2,Premium,300,332.21,66.44,2023-09-28,2024-09-27,,
MRH_2023_02415,2023,1,Maison,86,2,Premium,300,342.18,68.44,2024-09-28,2025-09-27,,
MRH_2023_02416,2023,0,Maison,50,3,Essentielle,300,182.75,36.55,2023-02-02,2024-02-01,,
MRH_2023_02416,2023,1,Maison,50,3,Essentielle,300,188.23,37.65,2024-02-02,2025-02-01,,
MRH_2023_02417,2023,0,Appartement,94,2,Essentielle,500,179.04,35.81,2023-07-07,2024-07-06,,
MRH_2023_02417,2023,1,Appartement,94,2,Essentielle,500,184.41,36.88,2024-07-07,2025-07-06,,
MRH_2023_02418,2023,0,Maison,120,3,Essentielle,300,272.0,54.4,2023-11-09,2024-11-08,,
MRH_2023_02418,2023,1,Maison,120,3,Essentielle,300,280.16,56.03,2024-11-09,2025-11-08,,
MRH_2023_02419,2023,0,Appartement,35,4,Premium,500,209.75,41.95,2023-10-26,2024-10-25,,
MRH_2023_02419,2023,1,Appartement,35,4,Premium,500,144.43,28.89,2024-10-26,2025-06-26,2025-06-26,Insatisfaction service
MRH_2023_02420,2023,0,Appartement,49,4,Premium,150,285.32,57.06,2023-10-06,2024-10-05,,
MRH_2023_02420,2023,1,Appartement,49,4,Premium,150,293.88,58.78,2024-10-06,2025-10-05,,
MRH_2023_02421,2023,0,Appartement,102,3,Confort,300,253.0,50.6,2023-06-04,2024-06-03,,
MRH_2023_02421,2023,1,Appartement,102,3,Confort,300,260.59,52.12,2024-06-04,2025-06-03,,
MRH_2023_02422,2023,0,Appartement,20,4,Essentielle,500,116.91,23.38,2023-03-28,2024-03-27,,
MRH_2023_02422,2023,1,Appartement,20,4,Essentielle,500,120.42,24.08,2024-03-28,2025-03-27,,
MRH_2023_02423,2023,0,Appartement,68,5,Premium,150,389.96,77.99,2023-02-25,2024-02-24,,
MRH_2023_02423,2023,1,Appartement,68,5,Premium,150,401.66,80.33,2024-02-25,2025-02-24,,
MRH_2023_02424,2023,0,Maison,114,2,Confort,150,325.0,65.0,2023-04-10,2024-04-09,,
MRH_2023_02424,2023,1,Maison,114,2,Confort,150,334.75,66.95,2024-04-10,2025-04-09,,
MRH_2023_02425,2023,0,Appartement,68,3,Essentielle,500,157.96,31.59,2023-08-21,2024-08-20,,
MRH_2023_02425,2023,1,Appartement,68,3,Essentielle,500,162.7,32.54,2024-08-21,2025-08-20,,
MRH_2023_02426,2023,0,Maison,50,2,Essentielle,500,159.72,31.94,2023-05-25,2024-05-24,,
MRH_2023_02426,2023,1,Maison,50,2,Essentielle,500,164.51,32.9,2024-05-25,2025-05-24,,
MRH_2023_02427,2023,0,Appartement,64,1,Essentielle,150,155.77,31.15,2023-06-07,2024-06-06,,
MRH_2023_02427,2023,1,Appartement,64,1,Essentielle,150,160.44,32.09,2024-06-07,2025-06-06,,
MRH_2023_02428,2023,0,Maison,149,3,Essentielle,300,308.97,61.79,2023-07-05,2024-07-04,,
MRH_2023_02428,2023,1,Maison,149,3,Essentielle,300,318.24,63.65,2024-07-05,2025-07-04,,
MRH_2023_02429,2023,0,Maison,209,1,Premium,300,501.12,100.22,2023-02-20,2024-02-19,,
MRH_2023_02429,2023,1,Maison,209,1,Premium,300,475.14,95.03,2024-02-20,2025-01-20,2025-01-20,Concurrent moins cher
MRH_2023_02430,2023,0,Appartement,54,1,Essentielle,300,130.77,26.15,2023-02-01,2024-01-31,,
MRH_2023_02430,2023,1,Appartement,54,1,Essentielle,300,134.69,26.94,2024-02-01,2025-01-31,,
MRH_2023_02431,2023,0,Maison,91,2,Confort,300,262.68,52.54,2023-05-12,2024-05-11,,
MRH_2023_02431,2023,1,Maison,91,2,Confort,300,270.56,54.11,2024-05-12,2025-05-11,,
MRH_2023_02432,2023,0,Appartement,20,3,Essentielle,500,101.66,20.33,2023-12-20,2024-12-19,,
MRH_2023_02432,2023,1,Appartement,20,3,Essentielle,500,104.71,20.94,2024-12-20,2025-12-19,,
MRH_2023_02433,2023,0,Maison,139,2,Premium,150,473.44,94.69,2023-10-24,2024-10-23,,
MRH_2023_02433,2023,1,Maison,139,2,Premium,150,487.64,97.53,2024-10-24,2025-10-23,,
MRH_2023_02434,2023,0,Appartement,58,3,Premium,500,223.65,44.73,2023-04-06,2024-04-05,,
MRH_2023_02434,2023,1,Appartement,58,3,Premium,500,230.36,46.07,2024-04-06,2025-04-05,,
MRH_2023_02435,2023,0,Appartement,43,1,Essentielle,300,118.85,23.77,2023-12-21,2024-12-20,,
MRH_2023_02435,2023,1,Appartement,43,1,Essentielle,300,122.42,24.48,2024-12-21,2025-12-20,,
MRH_2023_02436,2023,0,Appartement,65,1,Confort,150,184.66,36.93,2023-01-07,2024-01-06,,
MRH_2023_02436,2023,1,Appartement,65,1,Confort,150,190.2,38.04,2024-01-07,2025-01-06,,
MRH_2023_02437,2023,0,Appartement,84,1,Essentielle,500,150.22,30.04,2023-08-23,2024-08-22,,
MRH_2023_02437,2023,1,Appartement,84,1,Essentielle,500,154.73,30.95,2024-08-23,2025-08-22,,
MRH_2023_02438,2023,0,Appartement,79,5,Confort,150,324.47,64.89,2023-10-11,2024-10-10,,
MRH_2023_02438,2023,1,Appartement,79,5,Confort,150,334.2,66.84,2024-10-11,2025-10-10,,
MRH_2023_02439,2023,0,Appartement,85,1,Confort,300,193.38,38.68,2023-07-18,2024-07-17,,
MRH_2023_02439,2023,1,Appartement,85,1,Confort,300,199.18,39.84,2024-07-18,2025-07-17,,
MRH_2023_02440,2023,0,Appartement,48,3,Confort,150,189.2,37.84,2023-01-04,2024-01-03,,
MRH_2023_02440,2023,1,Appartement,48,3,Confort,150,194.88,38.98,2024-01-04,2025-01-03,,
MRH_2023_02441,2023,0,Appartement,95,1,Confort,300,206.12,41.22,2023-10-15,2024-10-14,,
MRH_2023_02441,2023,1,Appartement,95,1,Confort,300,212.3,42.46,2024-10-15,2025-10-14,,
MRH_2023_02442,2023,0,Maison,105,1,Confort,300,252.88,50.58,2023-02-04,2024-02-03,,
MRH_2023_02442,2023,1,Maison,105,1,Confort,300,260.47,52.09,2024-02-04,2025-02-03,,
MRH_2023_02443,2023,0,Maison,59,3,Essentielle,500,178.69,35.74,2023-08-05,2024-08-04,,
MRH_2023_02443,2023,1,Maison,59,3,Essentielle,500,184.05,36.81,2024-08-05,2025-08-04,,
MRH_2023_02444,2023,0,Appartement,48,4,Essentielle,300,168.13,33.63,2023-12-14,2024-12-13,,
MRH_2023_02444,2023,1,Appartement,48,4,Essentielle,300,173.17,34.63,2024-12-14,2025-12-13,,
MRH_2023_02445,2023,0,Maison,138,4,Premium,500,477.26,95.45,2023-01-15,2024-01-14,,
MRH_2023_02445,2023,1,Maison,138,4,Premium,500,491.58,98.32,2024-01-15,2025-01-14,,
MRH_2023_02446,2023,0,Appartement,74,1,Premium,300,233.16,46.63,2023-05-10,2024-05-09,,
MRH_2023_02446,2023,1,Appartement,74,1,Premium,300,240.15,48.03,2024-05-10,2025-05-09,,
MRH_2023_02447,2023,0,Maison,145,1,Confort,300,303.88,60.78,2023-06-06,2024-06-05,,
MRH_2023_02447,2023,1,Maison,145,1,Confort,300,313.0,62.6,2024-06-06,2025-06-05,,
MRH_2023_02448,2023,0,Appartement,82,4,Essentielle,150,239.78,47.96,2023-10-09,2024-10-08,,
MRH_2023_02448,2023,1,Appartement,82,4,Essentielle,150,246.97,49.39,2024-10-09,2025-10-08,,
MRH_2023_02449,2023,0,Maison,133,2,Confort,300,322.52,64.5,2023-11-06,2024-11-05,,
MRH_2023_02449,2023,1,Maison,133,2,Confort,300,332.2,66.44,2024-11-06,2025-11-05,,
MRH_2023_02450,2023,0,Maison,76,2,Essentielle,300,205.1,41.02,2023-08-14,2024-08-13,,
MRH_2023_02450,2023,1,Maison,76,2,Essentielle,300,211.25,42.25,2024-08-14,2025-08-13,,
MRH_2023_02451,2023,0,Appartement,81,1,Premium,300,244.76,48.95,2023-05-12,2024-05-11,,
MRH_2023_02451,2023,1,Appartement,81,1,Premium,300,252.1,50.42,2024-05-12,2025-05-11,,
MRH_2023_02452,2023,0,Appartement,28,3,Essentielle,150,132.77,26.55,2023-03-04,2024-03-03,,
MRH_2023_02452,2023,1,Appartement,28,3,Essentielle,150,136.75,27.35,2024-03-04,2025-03-03,,
MRH_2023_02453,2023,0,Maison,80,3,Premium,300,338.0,67.6,2023-07-18,2024-07-17,,
MRH_2023_02453,2023,1,Maison,80,3,Premium,300,348.14,69.63,2024-07-18,2025-07-17,,
MRH_2023_02454,2023,0,Maison,203,3,Confort,500,408.94,81.79,2023-05-16,2024-05-15,,
MRH_2023_02454,2023,1,Maison,203,3,Confort,500,421.21,84.24,2024-05-16,2025-05-15,,
MRH_2023_02455,2023,0,Maison,160,3,Essentielle,500,297.16,59.43,2023-01-01,2023-12-31,,
MRH_2023_02455,2023,1,Maison,160,3,Essentielle,500,306.07,61.21,2024-01-01,2024-12-31,,
MRH_2023_02456,2023,0,Appartement,48,3,Essentielle,300,146.2,29.24,2023-08-27,2024-08-26,,
MRH_2023_02456,2023,1,Appartement,48,3,Essentielle,300,150.59,30.12,2024-08-27,2025-08-26,,
MRH_2023_02457,2023,0,Maison,139,1,Essentielle,300,251.79,50.36,2023-02-14,2024-02-13,,
MRH_2023_02457,2023,1,Maison,139,1,Essentielle,300,259.34,51.87,2024-02-14,2025-02-13,,
MRH_2023_02458,2023,0,Appartement,63,3,Confort,300,194.5,38.9,2023-07-20,2024-07-19,,
MRH_2023_02458,2023,1,Appartement,63,3,Confort,300,200.34,40.07,2024-07-20,2025-07-19,,
MRH_2023_02459,2023,0,Maison,155,5,Essentielle,300,427.44,85.49,2023-09-14,2024-09-13,,
MRH_2023_02459,2023,1,Maison,155,5,Essentielle,300,440.26,88.05,2024-09-14,2025-09-13,,
MRH_2023_02460,2023,0,Maison,59,1,Essentielle,300,165.09,33.02,2023-10-17,2024-10-16,,
MRH_2023_02460,2023,1,Maison,59,1,Essentielle,300,170.04,34.01,2024-10-17,2025-10-16,,
MRH_2023_02461,2023,0,Appartement,80,1,Essentielle,300,158.95,31.79,2023-04-24,2024-04-23,,
MRH_2023_02461,2023,1,Appartement,80,1,Essentielle,300,163.72,32.74,2024-04-24,2025-04-23,,
MRH_2023_02462,2023,0,Maison,178,3,Premium,300,529.1,105.82,2023-06-01,2024-05-31,,
MRH_2023_02462,2023,1,Maison,178,3,Premium,300,544.97,108.99,2024-06-01,2025-05-31,,
MRH_2023_02463,2023,0,Maison,128,3,Confort,300,332.0,66.4,2023-12-23,2024-12-22,,
MRH_2023_02463,2023,1,Maison,128,3,Confort,300,341.96,68.39,2024-12-23,2025-12-22,,
MRH_2023_02464,2023,0,Appartement,65,3,Confort,150,217.25,43.45,2023-09-17,2024-09-16,,
MRH_2023_02464,2023,1,Appartement,65,3,Confort,150,223.77,44.75,2024-09-17,2025-09-16,,
MRH_2023_02465,2023,0,Maison,140,1,Confort,150,327.25,65.45,2023-10-28,2024-10-27,,
MRH_2023_02465,2023,1,Maison,140,1,Confort,150,337.07,67.41,2024-10-28,2025-10-27,,
MRH_2023_02466,2023,0,Appartement,64,4,Confort,300,225.4,45.08,2023-03-22,2024-03-21,,
MRH_2023_02466,2023,1,Appartement,64,4,Confort,300,232.16,46.43,2024-03-22,2025-03-21,,
MRH_2023_02467,2023,0,Maison,117,3,Confort,500,290.26,58.05,2023-12-23,2024-12-22,,
MRH_2023_02467,2023,1,Maison,117,3,Confort,500,298.97,59.79,2024-12-23,2025-12-22,,
MRH_2023_02468,2023,0,Appartement,32,3,Confort,300,148.0,29.6,2023-09-27,2024-09-26,,
MRH_2023_02468,2023,1,Appartement,32,3,Confort,300,152.44,30.49,2024-09-27,2025-09-26,,
MRH_2023_02469,2023,0,Maison,153,3,Essentielle,300,314.07,62.81,2023-01-02,2024-01-01,,
MRH_2023_02469,2023,1,Maison,153,3,Essentielle,300,271.2,54.24,2024-01-02,2024-11-02,2024-11-02,Vente du bien
MRH_2023_02470,2023,0,Appartement,41,3,Essentielle,150,151.0,30.2,2023-02-24,2024-02-23,,
MRH_2023_02470,2023,1,Appartement,41,3,Essentielle,150,155.53,31.11,2024-02-24,2025-02-23,,
MRH_2023_02471,2023,0,Maison,135,4,Essentielle,300,334.79,66.96,2023-12-09,2024-12-08,,
MRH_2023_02471,2023,1,Maison,135,4,Essentielle,300,344.83,68.97,2024-12-09,2025-12-08,,
MRH_2023_02472,2023,0,Appartement,70,3,Premium,300,266.5,53.3,2023-01-07,2024-01-06,,
MRH_2023_02472,2023,1,Appartement,70,3,Premium,300,274.5,54.9,2024-01-07,2025-01-06,,
MRH_2023_02473,2023,0,Maison,112,2,Confort,300,292.6,58.52,2023-07-14,2024-07-13,,
MRH_2023_02473,2023,1,Maison,112,2,Confort,300,152.75,30.55,2024-07-14,2025-01-14,2025-01-14,Insatisfaction service
MRH_2023_02474,2023,0,Maison,107,3,Essentielle,300,255.42,51.08,2023-07-14,2024-07-13,,
MRH_2023_02474,2023,1,Maison,107,3,Essentielle,300,263.08,52.62,2024-07-14,2025-07-13,,
MRH_2023_02475,2023,0,Maison,161,2,Confort,150,398.67,79.73,2023-03-23,2024-03-22,,
MRH_2023_02475,2023,1,Maison,161,2,Confort,150,410.63,82.13,2024-03-23,2025-03-22,,
MRH_2023_02476,2023,0,Maison,148,3,Essentielle,300,307.7,61.54,2023-11-08,2024-11-07,,
MRH_2023_02476,2023,1,Maison,148,3,Essentielle,300,316.93,63.39,2024-11-08,2025-11-07,,
MRH_2023_02477,2023,0,Appartement,72,1,Premium,300,229.84,45.97,2023-01-17,2024-01-16,,
MRH_2023_02477,2023,1,Appartement,72,1,Premium,300,236.74,47.35,2024-01-17,2025-01-16,,
MRH_2023_02478,2023,0,Maison,50,3,Confort,300,215.0,43.0,2023-08-08,2024-08-07,,
MRH_2023_02478,2023,1,Maison,50,3,Confort,300,221.45,44.29,2024-08-08,2025-08-07,,
MRH_2023_02479,2023,0,Appartement,90,2,Premium,300,290.23,58.05,2023-08-01,2024-07-31,,
MRH_2023_02479,2023,1,Appartement,90,2,Premium,300,50.78,10.16,2024-08-01,2024-10-01,2024-10-01,Prix trop élevé
MRH_2023_02480,2023,0,Maison,112,5,Confort,300,415.8,83.16,2023-09-23,2024-09-22,,
MRH_2023_02480,2023,1,Maison,112,5,Confort,300,428.27,85.65,2024-09-23,2025-09-22,,
MRH_2023_02481,2023,0,Appartement,42,3,Confort,300,163.0,32.6,2023-06-19,2024-06-18,,
MRH_2023_02481,2023,1,Appartement,42,3,Confort,300,154.09,30.82,2024-06-19,2025-05-19,2025-05-19,Insatisfaction service
MRH_2023_02482,2023,0,Appartement,20,1,Confort,300,110.5,22.1,2023-04-02,2024-04-01,,
MRH_2023_02482,2023,1,Appartement,20,1,Confort,300,113.81,22.76,2024-04-02,2025-04-01,,
MRH_2023_02483,2023,0,Appartement,77,2,Essentielle,150,191.42,38.28,2023-01-03,2024-01-02,,
MRH_2023_02483,2023,1,Appartement,77,2,Essentielle,150,197.16,39.43,2024-01-03,2025-01-02,,
MRH_2023_02484,2023,0,Maison,126,2,Premium,300,406.32,81.26,2023-10-24,2024-10-23,,
MRH_2023_02484,2023,1,Maison,126,2,Premium,300,418.51,83.7,2024-10-24,2025-10-23,,
MRH_2023_02485,2023,0,Maison,135,1,Premium,300,378.46,75.69,2023-01-16,2024-01-15,,
MRH_2023_02485,2023,1,Maison,135,1,Premium,300,389.81,77.96,2024-01-16,2025-01-15,,
MRH_2023_02486,2023,0,Appartement,69,2,Premium,300,251.32,50.26,2023-05-13,2024-05-12,,
MRH_2023_02486,2023,1,Appartement,69,2,Premium,300,258.86,51.77,2024-05-13,2025-05-12,,
MRH_2023_02487,2023,0,Maison,111,1,Confort,300,260.52,52.1,2023-11-10,2024-11-09,,
MRH_2023_02487,2023,1,Maison,111,1,Confort,300,268.34,53.67,2024-11-10,2025-11-09,,
MRH_2023_02488,2023,0,Maison,143,1,Essentielle,300,256.13,51.23,2023-01-12,2024-01-11,,
MRH_2023_02488,2023,1,Maison,143,1,Essentielle,300,263.81,52.76,2024-01-12,2025-01-11,,
MRH_2023_02489,2023,0,Maison,100,3,Confort,300,290.0,58.0,2023-05-08,2024-05-07,,
MRH_2023_02489,2023,1,Maison,100,3,Confort,300,298.7,59.74,2024-05-08,2025-05-07,,
MRH_2023_02490,2023,0,Maison,100,1,Premium,300,320.45,64.09,2023-03-11,2024-03-10,,
MRH_2023_02490,2023,1,Maison,100,1,Premium,300,330.06,66.01,2024-03-11,2025-03-10,,
MRH_2023_02491,2023,0,Maison,151,5,Confort,150,544.25,108.85,2023-09-13,2024-09-12,,
MRH_2023_02491,2023,1,Maison,151,5,Confort,150,560.58,112.12,2024-09-13,2025-09-12,,
MRH_2023_02492,2023,0,Maison,151,2,Confort,500,320.32,64.06,2023-03-28,2024-03-27,,
MRH_2023_02492,2023,1,Maison,151,2,Confort,500,329.93,65.99,2024-03-28,2025-03-27,,
MRH_2023_02493,2023,0,Maison,173,3,Premium,500,477.8,95.56,2023-09-28,2024-09-27,,
MRH_2023_02493,2023,1,Maison,173,3,Premium,500,492.13,98.43,2024-09-28,2025-09-27,,
MRH_2023_02494,2023,0,Maison,104,2,Confort,150,309.32,61.86,2023-11-06,2024-11-05,,
MRH_2023_02494,2023,1,Maison,104,2,Confort,150,318.6,63.72,2024-11-06,2025-11-05,,
MRH_2023_02495,2023,0,Maison,112,5,Essentielle,300,353.43,70.69,2023-09-19,2024-09-18,,
MRH_2023_02495,2023,1,Maison,112,5,Essentielle,300,364.03,72.81,2024-09-19,2025-09-18,,
MRH_2023_02496,2023,0,Appartement,70,1,Essentielle,300,148.11,29.62,2023-04-10,2024-04-09,,
MRH_2023_02496,2023,1,Appartement,70,1,Essentielle,300,89.86,17.97,2024-04-10,2024-11-10,2024-11-10,Insatisfaction service
MRH_2023_02497,2023,0,Appartement,78,2,Confort,300,206.15,41.23,2023-10-24,2024-10-23,,
MRH_2023_02497,2023,1,Appartement,78,2,Confort,300,212.33,42.47,2024-10-24,2025-10-23,,
MRH_2023_02498,2023,0,Appartement,60,2,Confort,150,198.55,39.71,2023-07-22,2024-07-21,,
MRH_2023_02498,2023,1,Appartement,60,2,Confort,150,204.51,40.9,2024-07-22,2025-07-21,,
MRH_2023_02499,2023,0,Maison,109,1,Confort,500,237.34,47.47,2023-04-18,2024-04-17,,
MRH_2023_02499,2023,1,Maison,109,1,Confort,500,244.46,48.89,2024-04-18,2025-04-17,,
MRH_2023_02500,2023,0,Appartement,56,3,Essentielle,500,143.89,28.78,2023-04-10,2024-04-09,,
MRH_2023_02500,2023,1,Appartement,56,3,Essentielle,500,148.21,29.64,2024-04-10,2025-04-09,,
MRH_2024_02501,2024,0,Maison,131,4,Premium,150,553.37,110.67,2024-09-17,2025-09-16,,
MRH_2024_02502,2024,0,Appartement,36,4,Confort,500,162.93,32.59,2024-07-09,2025-07-08,,
MRH_2024_02503,2024,0,Maison,196,4,Premium,300,648.83,129.77,2024-02-06,2025-02-05,,
MRH_2024_02504,2024,0,Maison,128,2,Essentielle,300,268.09,53.62,2024-02-26,2025-02-25,,
MRH_2024_02505,2024,0,Maison,120,3,Essentielle,500,250.24,50.05,2024-01-27,2025-01-26,,
MRH_2024_02506,2024,0,Maison,129,3,Essentielle,500,260.8,52.16,2024-01-02,2025-01-01,,
MRH_2024_02507,2024,0,Appartement,100,1,Confort,150,233.75,46.75,2024-02-03,2025-02-02,,
MRH_2024_02508,2024,0,Maison,143,1,Essentielle,300,256.13,51.23,2024-08-27,2025-08-26,,
MRH_2024_02509,2024,0,Appartement,94,3,Confort,500,221.72,44.34,2024-11-18,2025-11-17,,
MRH_2024_02510,2024,0,Appartement,88,4,Essentielle,500,208.64,41.73,2024-03-25,2025-03-24,,
MRH_2024_02511,2024,0,Maison,81,5,Premium,300,458.93,91.79,2024-02-19,2025-02-18,,
MRH_2024_02512,2024,0,Maison,170,4,Confort,300,454.25,90.85,2024-06-01,2025-05-31,,
MRH_2024_02513,2024,0,Maison,209,2,Essentielle,300,366.2,73.24,2024-12-04,2025-12-03,,
MRH_2024_02514,2024,0,Appartement,94,5,Confort,500,299.32,59.86,2024-09-24,2025-09-23,,
MRH_2024_02515,2024,0,Appartement,83,4,Confort,500,237.52,47.5,2024-02-14,2025-02-13,,
MRH_2024_02516,2024,0,Appartement,86,1,Confort,150,214.12,42.82,2024-10-16,2025-10-15,,
MRH_2024_02517,2024,0,Maison,167,3,Premium,500,467.04,93.41,2024-05-16,2025-05-15,,
MRH_2024_02518,2024,0,Appartement,108,1,Essentielle,300,189.29,37.86,2024-04-02,2025-04-01,,
MRH_2024_02519,2024,0,Appartement,21,4,Essentielle,300,128.54,25.71,2024-09-01,2025-08-31,,
MRH_2024_02520,2024,0,Maison,158,3,Confort,300,377.0,75.4,2024-08-28,2025-08-27,,
MRH_2024_02521,2024,0,Maison,143,2,Premium,300,437.81,87.56,2024-03-07,2025-03-06,,
MRH_2024_02522,2024,0,Maison,124,5,Essentielle,150,411.49,82.3,2024-07-19,2025-07-18,,
MRH_2024_02523,2024,0,Appartement,98,4,Confort,500,261.33,52.27,2024-05-13,2025-05-12,,
MRH_2024_02524,2024,0,Maison,117,1,Premium,300,348.63,69.73,2024-02-14,2025-02-13,,
MRH_2024_02525,2024,0,Maison,158,5,Premium,300,661.64,132.33,2024-02-11,2025-02-10,,
MRH_2024_02526,2024,0,Appartement,87,1,Confort,300,195.92,39.18,2024-03-13,2025-03-12,,
MRH_2024_02527,2024,0,Appartement,61,2,Essentielle,300,154.64,30.93,2024-03-10,2025-03-09,,
MRH_2024_02528,2024,0,Maison,120,3,Confort,300,320.0,64.0,2024-10-05,2025-10-04,,
MRH_2024_02529,2024,0,Appartement,83,2,Essentielle,150,199.41,39.88,2024-12-14,2025-12-13,,
MRH_2024_02530,2024,0,Maison,82,4,Premium,300,393.19,78.64,2024-04-02,2025-04-01,,
MRH_2024_02531,2024,0,Appartement,58,3,Confort,500,172.04,34.41,2024-12-10,2025-12-09,,
MRH_2024_02532,2024,0,Appartement,72,4,Essentielle,300,203.32,40.66,2024-04-10,2025-04-09,,
MRH_2024_02533,2024,0,Appartement,83,4,Premium,300,335.63,67.13,2024-08-14,2025-08-13,,
MRH_2024_02534,2024,0,Appartement,77,5,Confort,500,267.65,53.53,2024-02-11,2025-02-10,,
MRH_2024_02535,2024,0,Appartement,44,4,Premium,300,248.17,49.63,2024-09-25,2025-09-24,,
MRH_2024_02536,2024,0,Appartement,57,3,Confort,150,204.05,40.81,2024-03-08,2025-03-07,,
MRH_2024_02537,2024,0,Appartement,67,1,Confort,300,170.42,34.08,2024-07-28,2025-07-27,,
MRH_2024_02538,2024,0,Maison,73,1,Confort,500,195.11,39.02,2024-03-08,2025-03-07,,
MRH_2024_02539,2024,0,Maison,153,2,Confort,300,351.02,70.2,2024-05-14,2025-05-13,,
MRH_2024_02540,2024,0,Maison,123,3,Essentielle,150,303.41,60.68,2024-08-04,2025-08-03,,
MRH_2024_02541,2024,0,Appartement,78,3,Confort,300,217.0,43.4,2024-11-16,2025-11-15,,
MRH_2024_02542,2024,0,Appartement,109,3,Essentielle,150,246.37,49.27,2024-04-04,2025-04-03,,
MRH_2024_02543,2024,0,Appartement,58,1,Essentielle,500,124.3,24.86,2024-05-27,2025-05-26,,
MRH_2024_02544,2024,0,Appartement,81,2,Premium,500,251.67,50.33,2024-11-06,2025-11-05,,
MRH_2024_02545,2024,0,Appartement,73,2,Confort,500,183.1,36.62,2024-03-15,2025-03-14,,
MRH_2024_02546,2024,0,Appartement,78,3,Essentielle,150,202.9,40.58,2024-08-14,2025-08-13,,
MRH_2024_02547,2024,0,Appartement,82,4,Confort,300,256.45,51.29,2024-08-03,2025-08-02,,
MRH_2024_02548,2024,0,Maison,152,3,Premium,300,478.4,95.68,2024-12-18,2025-12-17,,
MRH_2024_02549,2024,0,Maison,86,1,Confort,300,228.65,45.73,2024-09-14,2025-09-13,,
MRH_2024_02550,2024,0,Maison,144,4,Confort,500,376.65,75.33,2024-11-23,2025-11-22,,
MRH_2024_02551,2024,0,Appartement,60,3,Confort,300,190.0,38.0,2024-03-02,2025-03-01,,
MRH_2024_02552,2024,0,Maison,209,4,Confort,300,521.52,104.3,2024-01-12,2025-01-11,,
MRH_2024_02553,2024,0,Maison,83,3,Essentielle,300,224.82,44.96,2024-10-14,2025-10-13,,
MRH_2024_02554,2024,0,Maison,50,5,Essentielle,500,226.98,45.4,2024-07-09,2025-07-08,,
MRH_2024_02555,2024,0,Maison,96,3,Confort,150,312.4,62.48,2024-12-16,2025-12-15,,
MRH_2024_02556,2024,0,Appartement,99,4,Confort,300,285.77,57.15,2024-06-09,2025-06-08,,
MRH_2024_02557,2024,0,Appartement,84,4,Essentielle,300,220.91,44.18,2024-03-28,2025-03-27,,
MRH_2024_02558,2024,0,Appartement,38,2,Confort,300,149.15,29.83,2024-08-24,2025-08-23,,
MRH_2024_02559,2024,0,Appartement,79,5,Essentielle,150,275.8,55.16,2024-02-25,2025-02-24,,
MRH_2024_02560,2024,0,Appartement,70,3,Confort,500,188.6,37.72,2024-07-20,2025-07-19,,
MRH_2024_02561,2024,0,Appartement,38,1,Essentielle,300,113.43,22.69,2024-02-10,2025-02-09,,
MRH_2024_02562,2024,0,Appartement,66,3,Confort,300,199.0,39.8,2024-01-12,2025-01-11,,
MRH_2024_02563,2024,0,Appartement,85,3,Essentielle,300,193.38,38.68,2024-03-01,2025-02-28,,
MRH_2024_02564,2024,0,Maison,145,3,Premium,150,511.23,102.25,2024-02-09,2025-02-08,,
MRH_2024_02565,2024,0,Appartement,41,1,Confort,150,151.0,30.2,2024-02-15,2025-02-14,,
MRH_2024_02566,2024,0,Appartement,82,4,Essentielle,300,217.98,43.6,2024-02-13,2025-02-12,,
MRH_2024_02567,2024,0,Maison,54,4,Confort,150,279.56,55.91,2024-05-19,2025-05-18,,
MRH_2024_02568,2024,0,Appartement,79,2,Premium,300,269.85,53.97,2024-05-09,2025-05-08,,
MRH_2024_02569,2024,0,Appartement,67,4,Essentielle,300,195.99,39.2,2024-08-14,2025-08-13,,
MRH_2024_02570,2024,0,Maison,139,5,Essentielle,300,399.9,79.98,2024-10-02,2025-10-01,,
MRH_2024_02571,2024,0,Maison,121,1,Premium,300,355.26,71.05,2024-02-23,2025-02-22,,
MRH_2024_02572,2024,0,Maison,84,3,Essentielle,500,208.01,41.6,2024-12-06,2025-12-05,,
MRH_2024_02573,2024,0,Maison,70,1,Premium,150,297.8,59.56,2024-07-08,2025-07-07,,
MRH_2024_02574,2024,0,Appartement,66,1,Premium,500,202.3,40.46,2024-01-05,2025-01-04,,
MRH_2024_02575,2024,0,Maison,111,3,Premium,500,366.57,73.31,2024-03-18,2025-03-17,,
MRH_2024_02576,2024,0,Maison,76,2,Essentielle,500,188.7,37.74,2024-05-20,2025-05-19,,
MRH_2024_02577,2024,0,Maison,112,3,Confort,500,283.36,56.67,2024-05-27,2025-05-26,,
MRH_2024_02578,2024,0,Appartement,62,3,Premium,500,230.83,46.17,2024-01-06,2025-01-05,,
MRH_2024_02579,2024,0,Appartement,104,1,Premium,300,282.88,56.58,2024-10-02,2025-10-01,,
MRH_2024_02580,2024,0,Appartement,67,4,Premium,300,299.75,59.95,2024-04-20,2025-04-19,,
MRH_2024_02581,2024,0,Appartement,63,1,Essentielle,300,140.53,28.11,2024-06-07,2025-06-06,,
MRH_2024_02582,2024,0,Appartement,97,2,Premium,300,303.19,60.64,2024-06-03,2025-06-02,,
MRH_2024_02583,2024,0,Appartement,84,4,Essentielle,150,243.01,48.6,2024-02-20,2025-02-19,,
MRH_2024_02584,2024,0,Maison,50,2,Essentielle,300,173.61,34.72,2024-12-22,2025-12-21,,
MRH_2024_02585,2024,0,Maison,126,3,Confort,300,329.0,65.8,2024-12-26,2025-12-25,,
MRH_2024_02586,2024,0,Appartement,90,2,Confort,300,223.25,44.65,2024-03-10,2025-03-09,,
MRH_2024_02587,2024,0,Maison,101,3,Essentielle,150,272.55,54.51,2024-06-19,2025-06-18,,
MRH_2024_02588,2024,0,Maison,134,3,Confort,150,375.1,75.02,2024-03-27,2025-03-26,,
MRH_2024_02589,2024,0,Maison,116,2,Confort,500,274.44,54.89,2024-06-25,2025-06-24,,
MRH_2024_02590,2024,0,Appartement,84,2,Premium,300,279.11,55.82,2024-01-04,2025-01-03,,
MRH_2024_02591,2024,0,Appartement,89,1,Confort,300,198.47,39.69,2024-05-06,2025-05-05,,
MRH_2024_02592,2024,0,Appartement,59,1,Essentielle,300,136.19,27.24,2024-11-03,2025-11-02,,
MRH_2024_02593,2024,0,Appartement,83,5,Essentielle,300,257.61,51.52,2024-03-13,2025-03-12,,
MRH_2024_02594,2024,0,Appartement,51,3,Essentielle,300,150.03,30.01,2024-04-24,2025-04-23,,
MRH_2024_02595,2024,0,Appartement,111,2,Essentielle,500,197.98,39.6,2024-05-13,2025-05-12,,
MRH_2024_02596,2024,0,Appartement,48,5,Confort,500,213.62,42.72,2024-02-15,2025-02-14,,
MRH_2024_02597,2024,0,Maison,120,3,Confort,300,320.0,64.0,2024-06-28,2025-06-27,,
MRH_2024_02598,2024,0,Appartement,67,1,Essentielle,150,159.35,31.87,2024-02-12,2025-02-11,,
MRH_2024_02599,2024,0,Maison,143,2,Essentielle,300,286.26,57.25,2024-02-19,2025-02-18,,
MRH_2024_02600,2024,0,Maison,91,2,Confort,150,288.94,57.79,2024-09-28,2025-09-27,,
MRH_2024_02601,2024,0,Appartement,89,1,Confort,300,198.47,39.69,2024-06-23,2025-06-22,,
MRH_2024_02602,2024,0,Maison,97,4,Essentielle,150,306.98,61.4,2024-09-18,2025-09-17,,
MRH_2024_02603,2024,0,Appartement,79,3,Confort,150,240.35,48.07,2024-10-06,2025-10-05,,
MRH_2024_02604,2024,0,Maison,68,5,Essentielle,500,255.48,51.1,2024-08-02,2025-08-01,,
MRH_2024_02605,2024,0,Appartement,33,2,Essentielle,300,120.72,24.14,2024-03-19,2025-03-18,,
MRH_2024_02606,2024,0,Appartement,29,3,Confort,300,143.5,28.7,2024-10-02,2025-10-01,,
MRH_2024_02607,2024,0,Appartement,34,2,Confort,150,157.79,31.56,2024-09-11,2025-09-10,,
MRH_2024_02608,2024,0,Maison,130,4,Confort,300,385.25,77.05,2024-12-18,2025-12-17,,
MRH_2024_02609,2024,0,Appartement,71,3,Confort,500,189.98,38.0,2024-03-01,2025-02-28,,
MRH_2024_02610,2024,0,Maison,58,2,Confort,300,215.65,43.13,2024-06-10,2025-06-09,,
MRH_2024_02611,2024,0,Maison,156,2,Confort,500,326.88,65.38,2024-03-18,2025-03-17,,
MRH_2024_02612,2024,0,Appartement,37,2,Confort,150,162.5,32.5,2024-09-06,2025-09-05,,
MRH_2024_02613,2024,0,Appartement,81,3,Confort,300,221.5,44.3,2024-08-06,2025-08-05,,
MRH_2024_02614,2024,0,Appartement,20,2,Confort,300,123.5,24.7,2024-11-01,2025-10-31,,
MRH_2024_02615,2024,0,Appartement,106,2,Essentielle,300,209.14,41.83,2024-10-19,2025-10-18,,
MRH_2024_02616,2024,0,Appartement,50,1,Essentielle,500,116.32,23.26,2024-07-06,2025-07-05,,
MRH_2024_02617,2024,0,Maison,99,2,Essentielle,300,232.96,46.59,2024-01-19,2025-01-18,,
MRH_2024_02618,2024,0,Appartement,69,2,Essentielle,300,164.33,32.87,2024-11-02,2025-11-01,,
MRH_2024_02619,2024,0,Appartement,66,3,Essentielle,300,169.15,33.83,2024-04-12,2025-04-11,,
MRH_2024_02620,2024,0,Maison,135,3,Essentielle,300,291.12,58.22,2024-05-27,2025-05-26,,
MRH_2024_02621,2024,0,Appartement,93,2,Essentielle,150,212.74,42.55,2024-07-01,2025-06-30,,
MRH_2024_02622,2024,0,Maison,147,1,Confort,150,337.07,67.41,2024-06-13,2025-06-12,,
MRH_2024_02623,2024,0,Appartement,94,3,Premium,500,288.24,57.65,2024-07-28,2025-07-27,,
MRH_2024_02624,2024,0,Appartement,89,2,Confort,300,221.82,44.36,2024-01-01,2024-12-31,,
MRH_2024_02625,2024,0,Appartement,67,2,Essentielle,500,148.95,29.79,2024-11-05,2025-11-04,,
MRH_2024_02626,2024,0,Maison,144,3,Essentielle,300,302.6,60.52,2024-07-04,2025-07-03,,
MRH_2024_02627,2024,0,Appartement,96,2,Essentielle,500,181.27,36.25,2024-05-05,2025-05-04,,
MRH_2024_02628,2024,0,Maison,98,3,Confort,300,287.0,57.4,2024-05-04,2025-05-03,,
MRH_2024_02629,2024,0,Maison,128,3,Premium,300,431.6,86.32,2024-08-14,2025-08-13,,
MRH_2024_02630,2024,0,Maison,143,4,Confort,300,407.67,81.53,2024-05-20,2025-05-19,,
MRH_2024_02631,2024,0,Appartement,59,2,Confort,150,196.98,39.4,2024-08-11,2025-08-10,,
MRH_2024_02632,2024,0,Maison,111,1,Confort,150,286.58,57.32,2024-02-27,2025-02-26,,
MRH_2024_02633,2024,0,Maison,82,2,Confort,150,274.84,54.97,2024-03-10,2025-03-09,,
MRH_2024_02634,2024,0,Appartement,42,3,Essentielle,300,138.55,27.71,2024-02-25,2025-02-24,,
MRH_2024_02635,2024,0,Appartement,69,4,Confort,500,215.3,43.06,2024-10-09,2025-10-08,,
MRH_2024_02636,2024,0,Appartement,87,4,Essentielle,300,225.31,45.06,2024-05-25,2025-05-24,,
MRH_2024_02637,2024,0,Appartement,64,4,Confort,150,247.94,49.59,2024-05-23,2025-05-22,,
MRH_2024_02638,2024,0,Appartement,40,2,Confort,300,152.0,30.4,2024-02-21,2025-02-20,,
MRH_2024_02639,2024,0,Appartement,97,2,Premium,300,303.19,60.64,2024-08-24,2025-08-23,,
MRH_2024_02640,2024,0,Maison,105,2,Confort,300,282.62,56.52,2024-04-11,2025-04-10,,
MRH_2024_02641,2024,0,Maison,59,1,Confort,500,178.69,35.74,2024-09-03,2025-09-02,,
MRH_2024_02642,2024,0,Appartement,36,3,Essentielle,500,120.43,24.09,2024-12-04,2025-12-03,,
MRH_2024_02643,2024,0,Appartement,20,3,Essentielle,500,101.66,20.33,2024-01-13,2025-01-12,,
MRH_2024_02644,2024,0,Maison,147,1,Confort,300,306.43,61.29,2024-07-09,2025-07-08,,
MRH_2024_02645,2024,0,Maison,132,4,Confort,500,357.6,71.52,2024-09-26,2025-09-25,,
MRH_2024_02646,2024,0,Maison,102,4,Confort,300,336.95,67.39,2024-12-03,2025-12-02,,
MRH_2024_02647,2024,0,Appartement,81,3,Premium,300,287.95,57.59,2024-08-16,2025-08-15,,
MRH_2024_02648,2024,0,Maison,59,2,Premium,150,310.42,62.08,2024-09-10,2025-09-09,,
MRH_2024_02649,2024,0,Appartement,53,4,Confort,300,206.42,41.28,2024-04-12,2025-04-11,,
MRH_2024_02650,2024,0,Appartement,30,4,Essentielle,150,155.91,31.18,2024-04-23,2025-04-22,,
MRH_2024_02651,2024,0,Appartement,62,3,Essentielle,500,150.93,30.19,2024-08-21,2025-08-20,,
MRH_2024_02652,2024,0,Appartement,91,2,Premium,500,268.71,53.74,2024-12-26,2025-12-25,,
MRH_2024_02653,2024,0,Maison,187,2,Essentielle,500,312.39,62.48,2024-08-19,2025-08-18,,
MRH_2024_02654,2024,0,Maison,183,4,Confort,500,438.54,87.71,2024-09-21,2025-09-20,,
MRH_2024_02655,2024,0,Appartement,50,2,Confort,150,182.88,36.58,2024-07-16,2025-07-15,,
MRH_2024_02656,2024,0,Maison,161,3,Essentielle,300,324.27,64.85,2024-12-17,2025-12-16,,
MRH_2024_02657,2024,0,Maison,152,3,Confort,300,368.0,73.6,2024-11-11,2025-11-10,,
MRH_2024_02658,2024,0,Maison,85,4,Confort,300,307.62,61.52,2024-03-27,2025-03-26,,
MRH_2024_02659,2024,0,Appartement,46,4,Confort,150,213.79,42.76,2024-09-28,2025-09-27,,
MRH_2024_02660,2024,0,Appartement,70,3,Essentielle,500,160.31,32.06,2024-04-06,2025-04-05,,
MRH_2024_02661,2024,0,Maison,123,2,Premium,150,440.83,88.17,2024-08-07,2025-08-06,,
MRH_2024_02662,2024,0,Maison,79,3,Essentielle,150,241.7,48.34,2024-11-19,2025-11-18,,
MRH_2024_02663,2024,0,Maison,162,3,Confort,300,383.0,76.6,2024-04-25,2025-04-24,,
MRH_2024_02664,2024,0,Maison,100,3,Confort,150,319.0,63.8,2024-09-14,2025-09-13,,
MRH_2024_02665,2024,0,Maison,108,3,Essentielle,150,282.37,56.47,2024-04-23,2025-04-22,,
MRH_2024_02666,2024,0,Maison,149,3,Premium,300,472.55,94.51,2024-02-22,2025-02-21,,
MRH_2024_02667,2024,0,Maison,152,5,Confort,150,546.48,109.3,2024-02-10,2025-02-09,,
MRH_2024_02668,2024,0,Appartement,59,3,Premium,500,225.45,45.09,2024-01-13,2025-01-12,,
MRH_2024_02669,2024,0,Appartement,85,3,Essentielle,300,193.38,38.68,2024-05-20,2025-05-19,,
MRH_2024_02670,2024,0,Appartement,73,5,Essentielle,300,240.4,48.08,2024-11-26,2025-11-25,,
MRH_2024_02671,2024,0,Appartement,78,4,Confort,150,274.5,54.9,2024-08-24,2025-08-23,,
MRH_2024_02672,2024,0,Appartement,69,3,Confort,150,223.85,44.77,2024-07-21,2025-07-20,,
MRH_2024_02673,2024,0,Appartement,41,3,Essentielle,150,151.0,30.2,2024-02-13,2025-02-12,,
MRH_2024_02674,2024,0,Maison,74,2,Confort,300,238.45,47.69,2024-11-17,2025-11-16,,
MRH_2024_02675,2024,0,Appartement,124,4,Essentielle,150,307.52,61.5,2024-10-05,2025-10-04,,
MRH_2024_02676,2024,0,Appartement,65,2,Confort,150,206.39,41.28,2024-04-01,2025-03-31,,
MRH_2024_02677,2024,0,Appartement,35,4,Premium,150,250.79,50.16,2024-08-06,2025-08-05,,
MRH_2024_02678,2024,0,Appartement,57,3,Confort,500,170.66,34.13,2024-09-06,2025-09-05,,
MRH_2024_02679,2024,0,Maison,129,4,Essentielle,150,358.6,71.72,2024-11-28,2025-11-27,,
MRH_2024_02680,2024,0,Appartement,20,1,Confort,300,110.5,22.1,2024-10-06,2025-10-05,,
MRH_2024_02681,2024,0,Maison,88,1,Confort,500,212.7,42.54,2024-10-22,2025-10-21,,
MRH_2024_02682,2024,0,Appartement,69,3,Premium,150,291.01,58.2,2024-03-26,2025-03-25,,
MRH_2024_02683,2024,0,Appartement,61,1,Essentielle,150,152.19,30.44,2024-04-20,2025-04-19,,
MRH_2024_02684,2024,0,Appartement,67,1,Confort,300,170.42,34.08,2024-07-07,2025-07-06,,
MRH_2024_02685,2024,0,Maison,143,2,Premium,500,402.78,80.56,2024-11-21,2025-11-20,,
MRH_2024_02686,2024,0,Appartement,51,2,Premium,500,200.54,40.11,2024-01-03,2025-01-02,,
MRH_2024_02687,2024,0,Appartement,63,3,Confort,300,194.5,38.9,2024-03-22,2025-03-21,,
MRH_2024_02688,2024,0,Maison,86,2,Confort,150,281.11,56.22,2024-03-08,2025-03-07,,
MRH_2024_02689,2024,0,Appartement,65,5,Confort,500,245.3,49.06,2024-12-02,2025-12-01,,
MRH_2024_02690,2024,0,Appartement,80,2,Confort,150,229.9,45.98,2024-03-25,2025-03-24,,
MRH_2024_02691,2024,0,Appartement,55,4,Confort,150,230.86,46.17,2024-06-12,2025-06-11,,
MRH_2024_02692,2024,0,Appartement,74,4,Essentielle,150,226.88,45.38,2024-12-18,2025-12-17,,
MRH_2024_02693,2024,0,Maison,137,2,Essentielle,300,278.99,55.8,2024-07-27,2025-07-26,,
MRH_2024_02694,2024,0,Maison,52,4,Premium,300,325.91,65.18,2024-02-12,2025-02-11,,
MRH_2024_02695,2024,0,Maison,50,2,Confort,500,187.91,37.58,2024-07-05,2025-07-04,,
MRH_2024_02696,2024,0,Maison,59,5,Essentielle,150,288.42,57.68,2024-07-13,2025-07-12,,
MRH_2024_02697,2024,0,Maison,75,3,Essentielle,150,236.09,47.22,2024-03-12,2025-03-11,,
MRH_2024_02698,2024,0,Appartement,43,3,Confort,300,164.5,32.9,2024-03-24,2025-03-23,,
MRH_2024_02699,2024,0,Appartement,63,2,Essentielle,500,144.49,28.9,2024-10-20,2025-10-19,,
MRH_2024_02700,2024,0,Appartement,99,2,Confort,500,217.19,43.44,2024-10-19,2025-10-18,,
MRH_2024_02701,2024,0,Appartement,73,3,Confort,300,209.5,41.9,2024-10-24,2025-10-23,,
MRH_2024_02702,2024,0,Maison,154,5,Confort,300,500.85,100.17,2024-06-25,2025-06-24,,
MRH_2024_02703,2024,0,Appartement,20,3,Confort,500,119.6,23.92,2024-08-20,2025-08-19,,
MRH_2024_02704,2024,0,Appartement,74,5,Confort,300,284.85,56.97,2024-02-08,2025-02-07,,
MRH_2024_02705,2024,0,Appartement,79,4,Essentielle,300,213.58,42.72,2024-02-11,2025-02-10,,
MRH_2024_02706,2024,0,Appartement,91,3,Essentielle,150,221.13,44.23,2024-03-05,2025-03-04,,
MRH_2024_02707,2024,0,Appartement,117,2,Essentielle,500,204.67,40.93,2024-07-05,2025-07-04,,
MRH_2024_02708,2024,0,Maison,135,3,Premium,300,445.25,89.05,2024-12-21,2025-12-20,,
MRH_2024_02709,2024,0,Maison,168,3,Confort,300,392.0,78.4,2024-05-04,2025-05-03,,
MRH_2024_02710,2024,0,Appartement,24,3,Confort,300,136.0,27.2,2024-03-21,2025-03-20,,
MRH_2024_02711,2024,0,Maison,109,3,Confort,300,303.5,60.7,2024-11-13,2025-11-12,,
MRH_2024_02712,2024,0,Appartement,66,3,Confort,300,199.0,39.8,2024-05-01,2025-04-30,,
MRH_2024_02713,2024,0,Appartement,100,1,Essentielle,300,180.62,36.12,2024-04-01,2025-03-31,,
MRH_2024_02714,2024,0,Appartement,58,3,Confort,150,205.7,41.14,2024-10-09,2025-10-08,,
MRH_2024_02715,2024,0,Appartement,55,5,Premium,150,352.32,70.46,2024-11-28,2025-11-27,,
MRH_2024_02716,2024,0,Appartement,56,3,Premium,150,263.12,52.62,2024-08-22,2025-08-21,,
MRH_2024_02717,2024,0,Appartement,63,3,Confort,500,178.94,35.79,2024-10-11,2025-10-10,,
MRH_2024_02718,2024,0,Maison,117,2,Confort,300,299.72,59.94,2024-01-10,2025-01-09,,
MRH_2024_02719,2024,0,Appartement,91,1,Essentielle,300,170.87,34.17,2024-02-22,2025-02-21,,
MRH_2024_02720,2024,0,Appartement,54,3,Essentielle,500,141.54,28.31,2024-02-01,2025-01-31,,
MRH_2024_02721,2024,0,Appartement,48,2,Confort,300,163.4,32.68,2024-01-08,2025-01-07,,
MRH_2024_02722,2024,0,Appartement,66,4,Confort,300,228.85,45.77,2024-01-05,2025-01-04,,
MRH_2024_02723,2024,0,Maison,153,3,Confort,300,369.5,73.9,2024-09-16,2025-09-15,,
MRH_2024_02724,2024,0,Appartement,29,3,Essentielle,300,121.97,24.39,2024-05-28,2025-05-27,,
MRH_2024_02725,2024,0,Maison,113,3,Essentielle,300,263.07,52.61,2024-08-14,2025-08-13,,
MRH_2024_02726,2024,0,Appartement,91,3,Confort,300,236.5,47.3,2024-04-11,2025-04-10,,
MRH_2024_02727,2024,0,Maison,193,3,Confort,300,429.5,85.9,2024-02-25,2025-02-24,,
MRH_2024_02728,2024,0,Maison,81,1,Confort,150,244.5,48.9,2024-12-18,2025-12-17,,
MRH_2024_02729,2024,0,Maison,137,3,Premium,300,449.15,89.83,2024-09-19,2025-09-18,,
MRH_2024_02730,2024,0,Appartement,63,2,Confort,300,184.77,36.95,2024-01-20,2025-01-19,,
MRH_2024_02731,2024,0,Maison,85,1,Essentielle,150,212.6,42.52,2024-12-24,2025-12-23,,
MRH_2024_02732,2024,0,Maison,106,2,Premium,300,369.27,73.85,2024-05-23,2025-05-22,,
MRH_2024_02733,2024,0,Maison,90,3,Essentielle,500,215.05,43.01,2024-01-21,2025-01-20,,
MRH_2024_02734,2024,0,Appartement,79,3,Essentielle,150,204.3,40.86,2024-10-08,2025-10-07,,
MRH_2024_02735,2024,0,Maison,140,2,Essentielle,300,282.62,56.52,2024-01-25,2025-01-24,,
MRH_2024_02736,2024,0,Appartement,27,5,Confort,300,189.68,37.94,2024-03-03,2025-03-02,,
MRH_2024_02737,2024,0,Maison,147,2,Confort,150,376.72,75.34,2024-04-17,2025-04-16,,
MRH_2024_02738,2024,0,Appartement,67,4,Confort,300,230.57,46.11,2024-11-23,2025-11-22,,
MRH_2024_02739,2024,0,Maison,93,1,Confort,300,237.57,47.51,2024-10-23,2025-10-22,,
MRH_2024_02740,2024,0,Appartement,38,5,Confort,500,194.99,39.0,2024-12-20,2025-12-19,,
MRH_2024_02741,2024,0,Appartement,70,3,Essentielle,150,191.68,38.34,2024-04-20,2025-04-19,,
MRH_2024_02742,2024,0,Maison,148,2,Premium,150,491.78,98.36,2024-07-16,2025-07-15,,
MRH_2024_02743,2024,0,Appartement,58,3,Premium,300,243.1,48.62,2024-01-22,2025-01-21,,
MRH_2024_02744,2024,0,Maison,66,3,Confort,300,239.0,47.8,2024-04-03,2025-04-02,,
MRH_2024_02745,2024,0,Appartement,41,4,Confort,150,204.3,40.86,2024-06-18,2025-06-17,,
MRH_2024_02746,2024,0,Appartement,20,2,Essentielle,300,104.97,20.99,2024-07-08,2025-07-07,,
MRH_2024_02747,2024,0,Appartement,89,3,Essentielle,500,182.6,36.52,2024-11-22,2025-11-21,,
MRH_2024_02748,2024,0,Maison,156,1,Essentielle,500,248.6,49.72,2024-11-01,2025-10-31,,
MRH_2024_02749,2024,0,Appartement,87,2,Confort,150,240.87,48.17,2024-09-22,2025-09-21,,
MRH_2024_02750,2024,0,Maison,108,4,Premium,300,451.49,90.3,2024-02-15,2025-02-14,,
MRH_2024_02751,2024,0,Maison,103,4,Confort,300,338.67,67.73,2024-10-09,2025-10-08,,
MRH_2024_02752,2024,0,Appartement,105,4,Premium,500,354.17,70.83,2024-03-28,2025-03-27,,
MRH_2024_02753,2024,0,Appartement,65,3,Premium,300,256.75,51.35,2024-04-01,2025-03-31,,
MRH_2024_02754,2024,0,Appartement,103,2,Confort,300,241.77,48.35,2024-01-05,2025-01-04,,
MRH_2024_02755,2024,0,Appartement,86,1,Premium,500,232.8,46.56,2024-01-11,2025-01-10,,
MRH_2024_02756,2024,0,Maison,50,1,Essentielle,500,142.91,28.58,2024-07-08,2025-07-07,,
MRH_2024_02757,2024,0,Appartement,72,3,Premium,150,297.44,59.49,2024-11-21,2025-11-20,,
MRH_2024_02758,2024,0,Appartement,65,4,Confort,150,249.84,49.97,2024-01-28,2025-01-27,,
MRH_2024_02759,2024,0,Appartement,77,2,Premium,300,266.14,53.23,2024-11-01,2025-10-31,,
MRH_2024_02760,2024,0,Appartement,68,1,Confort,300,171.7,34.34,2024-03-23,2025-03-22,,
MRH_2024_02761,2024,0,Appartement,104,3,Confort,300,256.0,51.2,2024-04-28,2025-04-27,,
MRH_2024_02762,2024,0,Appartement,50,3,Essentielle,500,136.85,27.37,2024-01-02,2025-01-01,,
MRH_2024_02763,2024,0,Maison,108,4,Confort,500,319.52,63.9,2024-05-22,2025-05-21,,
MRH_2024_02764,2024,0,Appartement,63,4,Premium,300,290.78,58.16,2024-01-11,2025-01-10,,
MRH_2024_02765,2024,0,Appartement,33,3,Premium,300,194.35,38.87,2024-09-03,2025-09-02,,
MRH_2024_02766,2024,0,Appartement,53,1,Confort,500,140.37,28.07,2024-06-21,2025-06-20,,
MRH_2024_02767,2024,0,Appartement,77,4,Confort,500,228.0,45.6,2024-07-06,2025-07-05,,
MRH_2024_02768,2024,0,Maison,200,3,Confort,300,440.0,88.0,2024-02-16,2025-02-15,,
MRH_2024_02769,2024,0,Maison,178,2,Essentielle,500,302.36,60.47,2024-02-26,2025-02-25,,
MRH_2024_02770,2024,0,Appartement,77,1,Confort,150,201.49,40.3,2024-08-01,2025-07-31,,
MRH_2024_02771,2024,0,Appartement,74,3,Premium,150,301.73,60.35,2024-03-07,2025-03-06,,
MRH_2024_02772,2024,0,Appartement,54,5,Confort,300,244.35,48.87,2024-01-03,2025-01-02,,
MRH_2024_02773,2024,0,Appartement,65,3,Confort,150,217.25,43.45,2024-07-16,2025-07-15,,
MRH_2024_02774,2024,0,Maison,123,2,Essentielle,500,241.07,48.21,2024-10-02,2025-10-01,,
MRH_2024_02775,2024,0,Appartement,74,2,Confort,300,200.45,40.09,2024-08-19,2025-08-18,,
MRH_2024_02776,2024,0,Appartement,84,3,Premium,300,293.8,58.76,2024-04-04,2025-04-03,,
MRH_2024_02777,2024,0,Maison,79,5,Confort,300,348.98,69.8,2024-12-15,2025-12-14,,
MRH_2024_02778,2024,0,Appartement,118,5,Essentielle,500,292.43,58.49,2024-07-24,2025-07-23,,
MRH_2024_02779,2024,0,Maison,143,2,Essentielle,150,314.88,62.98,2024-09-08,2025-09-07,,
MRH_2024_02780,2024,0,Appartement,44,2,Confort,300,157.7,31.54,2024-11-22,2025-11-21,,
MRH_2024_02781,2024,0,Appartement,20,2,Confort,300,123.5,24.7,2024-04-24,2025-04-23,,
MRH_2024_02782,2024,0,Maison,180,4,Premium,150,674.25,134.85,2024-09-09,2025-09-08,,
MRH_2024_02783,2024,0,Appartement,100,3,Essentielle,300,212.5,42.5,2024-07-16,2025-07-15,,
MRH_2024_02784,2024,0,Appartement,66,2,Premium,500,226.1,45.22,2024-04-26,2025-04-25,,
MRH_2024_02785,2024,0,Maison,155,3,Essentielle,300,316.62,63.32,2024-09-05,2025-09-04,,
MRH_2024_02786,2024,0,Appartement,150,4,Premium,500,447.0,89.4,2024-07-20,2025-07-19,,
MRH_2024_02787,2024,0,Maison,102,3,Premium,300,380.9,76.18,2024-04-24,2025-04-23,,
MRH_2024_02788,2024,0,Appartement,49,2,Essentielle,300,140.1,28.02,2024-04-22,2025-04-21,,
MRH_2024_02789,2024,0,Appartement,48,5,Essentielle,300,197.37,39.47,2024-04-25,2025-04-24,,
MRH_2024_02790,2024,0,Maison,106,3,Essentielle,300,254.15,50.83,2024-05-16,2025-05-15,,
MRH_2024_02791,2024,0,Maison,81,4,Essentielle,500,235.17,47.03,2024-06-27,2025-06-26,,
MRH_2024_02792,2024,0,Appartement,46,1,Premium,300,186.75,37.35,2024-03-13,2025-03-12,,
MRH_2024_02793,2024,0,Appartement,84,3,Confort,150,248.6,49.72,2024-04-18,2025-04-17,,
MRH_2024_02794,2024,0,Maison,104,1,Essentielle,500,196.75,39.35,2024-05-08,2025-05-07,,
MRH_2024_02795,2024,0,Appartement,89,3,Confort,300,233.5,46.7,2024-03-16,2025-03-15,,
MRH_2024_02796,2024,0,Appartement,100,3,Essentielle,150,233.75,46.75,2024-07-24,2025-07-23,,
MRH_2024_02797,2024,0,Appartement,125,3,Essentielle,500,224.83,44.97,2024-01-26,2025-01-25,,
MRH_2024_02798,2024,0,Appartement,49,2,Confort,300,164.82,32.96,2024-07-26,2025-07-25,,
MRH_2024_02799,2024,0,Appartement,53,3,Essentielle,300,152.57,30.51,2024-02-24,2025-02-23,,
MRH_2024_02800,2024,0,Maison,103,3,Confort,300,294.5,58.9,2024-12-02,2025-12-01,,
MRH_2024_02801,2024,0,Appartement,60,3,Confort,300,190.0,38.0,2024-09-06,2025-09-05,,
MRH_2024_02802,2024,0,Appartement,65,3,Confort,150,217.25,43.45,2024-07-27,2025-07-26,,
MRH_2024_02803,2024,0,Appartement,75,3,Premium,300,276.25,55.25,2024-11-28,2025-11-27,,
MRH_2024_02804,2024,0,Maison,94,5,Premium,300,493.16,98.63,2024-07-24,2025-07-23,,
MRH_2024_02805,2024,0,Appartement,47,3,Confort,300,170.5,34.1,2024-02-17,2025-02-16,,
MRH_2024_02806,2024,0,Maison,105,5,Confort,500,369.5,73.9,2024-12-19,2025-12-18,,
MRH_2024_02807,2024,0,Maison,99,3,Essentielle,500,225.61,45.12,2024-01-19,2025-01-18,,
MRH_2024_02808,2024,0,Maison,50,4,Premium,150,353.57,70.71,2024-05-20,2025-05-19,,
MRH_2024_02809,2024,0,Maison,108,3,Premium,300,392.6,78.52,2024-04-05,2025-04-04,,
MRH_2024_02810,2024,0,Appartement,53,2,Confort,500,156.88,31.38,2024-02-05,2025-02-04,,
MRH_2024_02811,2024,0,Appartement,58,5,Confort,150,277.7,55.54,2024-11-28,2025-11-27,,
MRH_2024_02812,2024,0,Maison,67,2,Essentielle,300,194.2,38.84,2024-04-09,2025-04-08,,
MRH_2024_02813,2024,0,Appartement,60,3,Confort,300,190.0,38.0,2024-03-07,2025-03-06,,
MRH_2024_02814,2024,0,Maison,95,5,Confort,300,381.38,76.28,2024-08-10,2025-08-09,,
MRH_2024_02815,2024,0,Appartement,92,2,Confort,500,208.01,41.6,2024-02-28,2025-02-27,,
MRH_2024_02816,2024,0,Appartement,42,3,Essentielle,300,138.55,27.71,2024-04-15,2025-04-14,,
MRH_2024_02817,2024,0,Appartement,37,2,Confort,300,147.72,29.54,2024-02-13,2025-02-12,,
MRH_2024_02818,2024,0,Appartement,56,2,Essentielle,300,148.58,29.72,2024-12-24,2025-12-23,,
MRH_2024_02819,2024,0,Appartement,49,3,Premium,300,225.55,45.11,2024-07-01,2025-06-30,,
MRH_2024_02820,2024,0,Maison,88,2,Confort,500,237.73,47.55,2024-10-09,2025-10-08,,
MRH_2024_02821,2024,0,Appartement,69,3,Essentielle,150,190.27,38.05,2024-10-28,2025-10-27,,
MRH_2024_02822,2024,0,Maison,94,2,Confort,150,293.65,58.73,2024-01-27,2025-01-26,,
MRH_2024_02823,2024,0,Appartement,52,1,Confort,150,166.43,33.29,2024-02-14,2025-02-13,,
MRH_2024_02824,2024,0,Appartement,58,5,Confort,500,232.25,46.45,2024-05-11,2025-05-10,,
MRH_2024_02825,2024,0,Appartement,119,2,Confort,300,264.57,52.91,2024-08-12,2025-08-11,,
MRH_2024_02826,2024,0,Appartement,38,5,Essentielle,500,165.74,33.15,2024-05-01,2025-04-30,,
MRH_2024_02827,2024,0,Appartement,44,3,Premium,300,215.8,43.16,2024-05-22,2025-05-21,,
MRH_2024_02828,2024,0,Appartement,82,1,Confort,300,189.55,37.91,2024-06-04,2025-06-03,,
MRH_2024_02829,2024,0,Appartement,103,2,Confort,500,222.43,44.49,2024-05-01,2025-04-30,,
MRH_2024_02830,2024,0,Appartement,33,4,Essentielle,500,134.45,26.89,2024-09-14,2025-09-13,,
MRH_2024_02831,2024,0,Appartement,72,4,Premium,150,342.06,68.41,2024-08-01,2025-07-31,,
MRH_2024_02832,2024,0,Maison,50,3,Essentielle,300,182.75,36.55,2024-05-05,2025-05-04,,
MRH_2024_02833,2024,0,Maison,78,2,Confort,300,244.15,48.83,2024-12-02,2025-12-01,,
MRH_2024_02834,2024,0,Appartement,62,3,Essentielle,300,164.05,32.81,2024-12-03,2025-12-02,,
MRH_2024_02835,2024,0,Appartement,63,4,Confort,500,205.78,41.16,2024-10-16,2025-10-15,,
MRH_2024_02836,2024,0,Maison,114,5,Premium,500,502.14,100.43,2024-03-27,2025-03-26,,
MRH_2024_02837,2024,0,Appartement,96,1,Confort,300,207.4,41.48,2024-09-01,2025-08-31,,
MRH_2024_02838,2024,0,Appartement,63,5,Confort,300,262.58,52.52,2024-07-25,2025-07-24,,
MRH_2024_02839,2024,0,Maison,105,5,Confort,500,369.5,73.9,2024-11-21,2025-11-20,,
MRH_2024_02840,2024,0,Maison,165,3,Confort,300,387.5,77.5,2024-10-27,2025-10-26,,
MRH_2024_02841,2024,0,Maison,99,5,Essentielle,300,331.05,66.21,2024-05-05,2025-05-04,,
MRH_2024_02842,2024,0,Maison,113,4,Essentielle,300,302.54,60.51,2024-02-12,2025-02-11,,
MRH_2024_02843,2024,0,Maison,65,2,Essentielle,150,210.96,42.19,2024-08-07,2025-08-06,,
MRH_2024_02844,2024,0,Maison,79,2,Essentielle,500,192.04,38.41,2024-11-15,2025-11-14,,
MRH_2024_02845,2024,0,Appartement,37,3,Premium,150,222.37,44.47,2024-11-10,2025-11-09,,
MRH_2024_02846,2024,0,Appartement,59,4,Confort,300,216.77,43.35,2024-04-01,2025-03-31,,
MRH_2024_02847,2024,0,Appartement,65,3,Confort,500,181.7,36.34,2024-12-17,2025-12-16,,
MRH_2024_02848,2024,0,Maison,98,2,Confort,300,272.65,54.53,2024-04-21,2025-04-20,,
MRH_2024_02849,2024,0,Maison,161,1,Confort,500,298.33,59.67,2024-12-20,2025-12-19,,
MRH_2024_02850,2024,0,Maison,193,2,Confort,500,375.38,75.08,2024-05-17,2025-05-16,,
MRH_2024_02851,2024,0,Appartement,80,3,Confort,300,220.0,44.0,2024-10-07,2025-10-06,,
MRH_2024_02852,2024,0,Maison,84,3,Confort,300,266.0,53.2,2024-02-26,2025-02-25,,
MRH_2024_02853,2024,0,Appartement,98,3,Confort,300,247.0,49.4,2024-03-13,2025-03-12,,
MRH_2024_02854,2024,0,Maison,77,4,Confort,500,270.32,54.06,2024-10-18,2025-10-17,,
MRH_2024_02855,2024,0,Appartement,90,2,Essentielle,300,189.76,37.95,2024-04-21,2025-04-20,,
MRH_2024_02856,2024,0,Appartement,68,3,Confort,150,222.2,44.44,2024-03-06,2025-03-05,,
MRH_2024_02857,2024,0,Appartement,50,1,Premium,500,177.91,35.58,2024-06-27,2025-06-26,,
MRH_2024_02858,2024,0,Appartement,35,4,Confort,500,161.34,32.27,2024-01-22,2025-01-21,,
MRH_2024_02859,2024,0,Maison,111,3,Essentielle,300,260.52,52.1,2024-02-21,2025-02-20,,
MRH_2024_02860,2024,0,Maison,163,3,Essentielle,300,326.82,65.36,2024-10-17,2025-10-16,,
MRH_2024_02861,2024,0,Appartement,85,3,Confort,500,209.3,41.86,2024-12-07,2025-12-06,,
MRH_2024_02862,2024,0,Appartement,20,1,Confort,300,110.5,22.1,2024-08-20,2025-08-19,,
MRH_2024_02863,2024,0,Appartement,44,5,Confort,500,206.17,41.23,2024-03-13,2025-03-12,,
MRH_2024_02864,2024,0,Maison,101,2,Essentielle,500,216.56,43.31,2024-07-07,2025-07-06,,
MRH_2024_02865,2024,0,Appartement,105,3,Confort,300,257.5,51.5,2024-04-19,2025-04-18,,
MRH_2024_02866,2024,0,Appartement,20,1,Essentielle,150,103.32,20.66,2024-11-28,2025-11-27,,
MRH_2024_02867,2024,0,Appartement,108,3,Essentielle,500,204.88,40.98,2024-11-26,2025-11-25,,
MRH_2024_02868,2024,0,Maison,163,3,Essentielle,150,359.51,71.9,2024-11-27,2025-11-26,,
MRH_2024_02869,2024,0,Appartement,86,4,Premium,150,376.59,75.32,2024-02-02,2025-02-01,,
MRH_2024_02870,2024,0,Appartement,52,1,Confort,300,151.3,30.26,2024-10-18,2025-10-17,,
MRH_2024_02871,2024,0,Appartement,20,2,Premium,500,147.71,29.54,2024-11-10,2025-11-09,,
MRH_2024_02872,2024,0,Maison,92,3,Essentielle,300,236.3,47.26,2024-01-14,2025-01-13,,
MRH_2024_02873,2024,0,Appartement,31,4,Confort,300,168.47,33.69,2024-04-11,2025-04-10,,
MRH_2024_02874,2024,0,Appartement,73,3,Premium,500,250.56,50.11,2024-04-24,2025-04-23,,
MRH_2024_02875,2024,0,Appartement,86,4,Essentielle,300,223.85,44.77,2024-06-11,2025-06-10,,
MRH_2024_02876,2024,0,Maison,183,3,Confort,500,381.34,76.27,2024-11-02,2025-11-01,,
MRH_2024_02877,2024,0,Appartement,46,3,Confort,300,169.0,33.8,2024-09-09,2025-09-08,,
MRH_2024_02878,2024,0,Maison,81,2,Essentielle,300,211.16,42.23,2024-09-18,2025-09-17,,
MRH_2024_02879,2024,0,Appartement,86,2,Confort,150,239.31,47.86,2024-11-23,2025-11-22,,
MRH_2024_02880,2024,0,Appartement,61,2,Essentielle,300,154.64,30.93,2024-01-07,2025-01-06,,
MRH_2024_02881,2024,0,Appartement,77,3,Confort,150,237.05,47.41,2024-12-02,2025-12-01,,
MRH_2024_02882,2024,0,Appartement,64,3,Premium,500,234.42,46.88,2024-09-02,2025-09-01,,
MRH_2024_02883,2024,0,Maison,155,2,Confort,300,353.88,70.78,2024-06-14,2025-06-13,,
MRH_2024_02884,2024,0,Appartement,92,2,Premium,300,293.93,58.79,2024-01-25,2025-01-24,,
MRH_2024_02885,2024,0,Maison,137,4,Premium,150,568.17,113.63,2024-02-14,2025-02-13,,
MRH_2024_02886,2024,0,Appartement,41,1,Essentielle,300,116.68,23.34,2024-08-17,2025-08-16,,
MRH_2024_02887,2024,0,Maison,145,5,Confort,300,482.63,96.53,2024-10-23,2025-10-22,,
MRH_2024_02888,2024,0,Maison,92,3,Essentielle,500,217.4,43.48,2024-09-25,2025-09-24,,
MRH_2024_02889,2024,0,Maison,114,4,Essentielle,300,304.0,60.8,2024-12-22,2025-12-21,,
MRH_2024_02890,2024,0,Appartement,51,2,Premium,300,217.98,43.6,2024-03-10,2025-03-09,,
MRH_2024_02891,2024,0,Appartement,89,1,Essentielle,300,168.7,33.74,2024-09-08,2025-09-07,,
MRH_2024_02892,2024,0,Appartement,32,4,Essentielle,500,133.1,26.62,2024-04-10,2025-04-09,,
MRH_2024_02893,2024,0,Appartement,43,2,Essentielle,150,146.12,29.22,2024-06-24,2025-06-23,,
MRH_2024_02894,2024,0,Maison,149,2,Essentielle,150,322.88,64.58,2024-11-16,2025-11-15,,
MRH_2024_02895,2024,0,Appartement,117,1,Essentielle,150,218.95,43.79,2024-06-01,2025-05-31,,
MRH_2024_02896,2024,0,Maison,81,4,Essentielle,150,281.18,56.24,2024-07-19,2025-07-18,,
MRH_2024_02897,2024,0,Appartement,28,4,Essentielle,300,138.8,27.76,2024-05-22,2025-05-21,,
MRH_2024_02898,2024,0,Appartement,20,3,Essentielle,300,110.5,22.1,2024-09-07,2025-09-06,,
MRH_2024_02899,2024,0,Maison,132,3,Essentielle,300,287.3,57.46,2024-09-13,2025-09-12,,
MRH_2024_02900,2024,0,Appartement,45,3,Essentielle,300,142.38,28.48,2024-01-26,2025-01-25,,
MRH_2024_02901,2024,0,Appartement,99,5,Confort,500,308.64,61.73,2024-12-27,2025-12-26,,
MRH_2024_02902,2024,0,Appartement,56,3,Essentielle,500,143.89,28.78,2024-08-15,2025-08-14,,
MRH_2024_02903,2024,0,Appartement,63,3,Premium,150,278.14,55.63,2024-03-11,2025-03-10,,
MRH_2024_02904,2024,0,Maison,50,5,Essentielle,150,271.38,54.28,2024-03-26,2025-03-25,,
MRH_2024_02905,2024,0,Maison,161,5,Essentielle,150,481.55,96.31,2024-02-07,2025-02-06,,
MRH_2024_02906,2024,0,Maison,163,5,Confort,500,477.55,95.51,2024-08-12,2025-08-11,,
MRH_2024_02907,2024,0,Maison,165,3,Essentielle,300,329.38,65.88,2024-11-10,2025-11-09,,
MRH_2024_02908,2024,0,Appartement,67,3,Essentielle,150,187.47,37.49,2024-10-06,2025-10-05,,
MRH_2024_02909,2024,0,Appartement,68,3,Premium,300,262.6,52.52,2024-07-10,2025-07-09,,
MRH_2024_02910,2024,0,Appartement,42,4,Premium,150,268.05,53.61,2024-09-13,2025-09-12,,
MRH_2024_02911,2024,0,Appartement,65,1,Confort,300,167.88,33.58,2024-12-21,2025-12-20,,
MRH_2024_02912,2024,0,Appartement,40,3,Essentielle,300,136.0,27.2,2024-11-06,2025-11-05,,
MRH_2024_02913,2024,0,Appartement,20,2,Essentielle,150,115.47,23.09,2024-01-07,2025-01-06,,
MRH_2024_02914,2024,0,Maison,149,5,Premium,300,637.94,127.59,2024-01-06,2025-01-05,,
MRH_2024_02915,2024,0,Maison,112,3,Essentielle,300,261.8,52.36,2024-05-22,2025-05-21,,
MRH_2024_02916,2024,0,Appartement,72,3,Confort,300,208.0,41.6,2024-09-18,2025-09-17,,
MRH_2024_02917,2024,0,Appartement,93,2,Essentielle,300,193.4,38.68,2024-06-09,2025-06-08,,
MRH_2024_02918,2024,0,Appartement,65,3,Essentielle,500,154.44,30.89,2024-05-19,2025-05-18,,
MRH_2024_02919,2024,0,Maison,130,2,Confort,500,292.79,58.56,2024-09-17,2025-09-16,,
MRH_2024_02920,2024,0,Appartement,73,4,Essentielle,300,204.79,40.96,2024-12-01,2025-11-30,,
MRH_2024_02921,2024,0,Appartement,47,3,Confort,500,156.86,31.37,2024-02-17,2025-02-16,,
MRH_2024_02922,2024,0,Appartement,54,3,Premium,150,258.83,51.77,2024-01-04,2025-01-03,,
MRH_2024_02923,2024,0,Maison,50,1,Essentielle,150,170.87,34.17,2024-06-03,2025-06-02,,
MRH_2024_02924,2024,0,Maison,96,2,Confort,500,248.22,49.64,2024-03-21,2025-03-20,,
MRH_2024_02925,2024,0,Appartement,73,3,Confort,150,230.45,46.09,2024-01-20,2025-01-19,,
MRH_2024_02926,2024,0,Maison,76,3,Essentielle,300,215.9,43.18,2024-03-11,2025-03-10,,
MRH_2024_02927,2024,0,Maison,141,3,Premium,300,456.95,91.39,2024-07-27,2025-07-26,,
MRH_2024_02928,2024,0,Appartement,43,2,Premium,150,223.47,44.69,2024-06-09,2025-06-08,,
MRH_2024_02929,2024,0,Appartement,64,1,Essentielle,150,155.77,31.15,2024-03-17,2025-03-16,,
MRH_2024_02930,2024,0,Appartement,61,2,Confort,300,181.92,36.38,2024-12-01,2025-11-30,,
MRH_2024_02931,2024,0,Maison,138,2,Essentielle,300,280.2,56.04,2024-03-01,2025-02-28,,
MRH_2024_02932,2024,0,Appartement,58,3,Essentielle,150,174.84,34.97,2024-05-11,2025-05-10,,
MRH_2024_02933,2024,0,Maison,112,5,Confort,300,415.8,83.16,2024-04-28,2025-04-27,,
MRH_2024_02934,2024,0,Maison,116,1,Essentielle,300,226.86,45.37,2024-05-02,2025-05-01,,
MRH_2024_02935,2024,0,Appartement,43,3,Essentielle,300,139.82,27.96,2024-01-12,2025-01-11,,
MRH_2024_02936,2024,0,Appartement,110,3,Essentielle,150,247.78,49.56,2024-02-04,2025-02-03,,
MRH_2024_02937,2024,0,Maison,118,2,Essentielle,300,255.98,51.2,2024-11-06,2025-11-05,,
MRH_2024_02938,2024,0,Appartement,86,3,Premium,150,327.47,65.49,2024-04-06,2025-04-05,,
MRH_2024_02939,2024,0,Appartement,46,4,Confort,300,194.35,38.87,2024-03-07,2025-03-06,,
MRH_2024_02940,2024,0,Appartement,51,3,Essentielle,300,150.03,30.01,2024-10-15,2025-10-14,,
MRH_2024_02941,2024,0,Appartement,84,3,Confort,300,226.0,45.2,2024-03-24,2025-03-23,,
MRH_2024_02942,2024,0,Appartement,65,4,Premium,300,295.26,59.05,2024-07-25,2025-07-24,,
MRH_2024_02943,2024,0,Appartement,48,4,Essentielle,300,168.13,33.63,2024-03-20,2025-03-19,,
MRH_2024_02944,2024,0,Appartement,34,2,Confort,150,157.79,31.56,2024-06-23,2025-06-22,,
MRH_2024_02945,2024,0,Appartement,20,2,Essentielle,150,115.47,23.09,2024-05-16,2025-05-15,,
MRH_2024_02946,2024,0,Maison,187,2,Essentielle,300,339.55,67.91,2024-11-17,2025-11-16,,
MRH_2024_02947,2024,0,Appartement,87,1,Confort,300,195.92,39.18,2024-04-08,2025-04-07,,
MRH_2024_02948,2024,0,Appartement,51,3,Confort,300,176.5,35.3,2024-08-25,2025-08-24,,
MRH_2024_02949,2024,0,Maison,111,3,Essentielle,300,260.52,52.1,2024-06-07,2025-06-06,,
MRH_2024_02950,2024,0,Appartement,107,3,Confort,500,239.66,47.93,2024-03-25,2025-03-24,,
MRH_2024_02951,2024,0,Maison,125,2,Essentielle,300,264.46,52.89,2024-04-23,2025-04-22,,
MRH_2024_02952,2024,0,Maison,69,2,Premium,300,300.72,60.14,2024-05-04,2025-05-03,,
MRH_2024_02953,2024,0,Appartement,96,4,Confort,500,258.15,51.63,2024-04-24,2025-04-23,,
MRH_2024_02954,2024,0,Maison,148,5,Essentielle,300,415.4,83.08,2024-11-10,2025-11-09,,
MRH_2024_02955,2024,0,Appartement,45,2,Confort,500,146.4,29.28,2024-02-13,2025-02-12,,
MRH_2024_02956,2024,0,Maison,178,1,Confort,300,345.95,69.19,2024-10-20,2025-10-19,,
MRH_2024_02957,2024,0,Maison,123,1,Essentielle,300,234.45,46.89,2024-11-17,2025-11-16,,
MRH_2024_02958,2024,0,Appartement,21,2,Confort,300,124.92,24.98,2024-12-15,2025-12-14,,
MRH_2024_02959,2024,0,Appartement,65,2,Essentielle,150,175.43,35.09,2024-08-23,2025-08-22,,
MRH_2024_02960,2024,0,Appartement,94,4,Essentielle,150,259.14,51.83,2024-05-18,2025-05-17,,
MRH_2024_02961,2024,0,Maison,159,5,Essentielle,300,434.33,86.87,2024-07-24,2025-07-23,,
MRH_2024_02962,2024,0,Appartement,20,2,Essentielle,150,115.47,23.09,2024-05-13,2025-05-12,,
MRH_2024_02963,2024,0,Maison,91,4,Confort,300,317.97,63.59,2024-11-09,2025-11-08,,
MRH_2024_02964,2024,0,Maison,101,3,Premium,300,378.95,75.79,2024-07-27,2025-07-26,,
MRH_2024_02965,2024,0,Maison,97,5,Essentielle,150,360.37,72.07,2024-08-05,2025-08-04,,
MRH_2024_02966,2024,0,Maison,153,3,Premium,300,480.35,96.07,2024-01-07,2025-01-06,,
MRH_2024_02967,2024,0,Appartement,38,3,Premium,150,224.51,44.9,2024-03-21,2025-03-20,,
MRH_2024_02968,2024,0,Appartement,51,5,Confort,500,219.21,43.84,2024-02-20,2025-02-19,,
MRH_2024_02969,2024,0,Appartement,70,3,Confort,300,205.0,41.0,2024-06-08,2025-06-07,,
MRH_2024_02970,2024,0,Maison,119,1,Premium,150,387.14,77.43,2024-03-12,2025-03-11,,
MRH_2024_02971,2024,0,Maison,102,4,Essentielle,300,286.41,57.28,2024-12-19,2025-12-18,,
MRH_2024_02972,2024,0,Appartement,59,4,Essentielle,300,184.26,36.85,2024-05-09,2025-05-08,,
MRH_2024_02973,2024,0,Appartement,87,3,Premium,300,299.65,59.93,2024-09-26,2025-09-25,,
MRH_2024_02974,2024,0,Appartement,52,1,Confort,300,151.3,30.26,2024-02-24,2025-02-23,,
MRH_2024_02975,2024,0,Appartement,89,3,Essentielle,300,198.47,39.69,2024-09-03,2025-09-02,,
MRH_2024_02976,2024,0,Appartement,76,1,Essentielle,150,170.08,34.02,2024-01-02,2025-01-01,,
MRH_2024_02977,2024,0,Maison,69,4,Essentielle,500,218.98,43.8,2024-07-04,2025-07-03,,
MRH_2024_02978,2024,0,Appartement,20,3,Essentielle,150,121.55,24.31,2024-10-20,2025-10-19,,
MRH_2024_02979,2024,0,Appartement,61,4,Essentielle,300,187.19,37.44,2024-05-18,2025-05-17,,
MRH_2024_02980,2024,0,Appartement,77,2,Essentielle,300,174.02,34.8,2024-04-03,2025-04-02,,
MRH_2024_02981,2024,0,Appartement,54,3,Confort,150,199.1,39.82,2024-04-18,2025-04-17,,
MRH_2024_02982,2024,0,Appartement,34,1,Confort,150,141.19,28.24,2024-12-03,2025-12-02,,
MRH_2024_02983,2024,0,Maison,181,4,Essentielle,300,402.24,80.45,2024-01-05,2025-01-04,,
MRH_2024_02984,2024,0,Appartement,99,3,Premium,300,323.05,64.61,2024-09-18,2025-09-17,,
MRH_2024_02985,2024,0,Maison,134,1,Confort,300,289.85,57.97,2024-06-05,2025-06-04,,
MRH_2024_02986,2024,0,Maison,129,5,Essentielle,300,382.69,76.54,2024-07-16,2025-07-15,,
MRH_2024_02987,2024,0,Maison,93,4,Essentielle,150,300.53,60.11,2024-04-18,2025-04-17,,
MRH_2024_02988,2024,0,Maison,148,1,Premium,500,368.01,73.6,2024-05-20,2025-05-19,,
MRH_2024_02989,2024,0,Maison,98,4,Premium,300,429.06,85.81,2024-04-21,2025-04-20,,
MRH_2024_02990,2024,0,Appartement,44,2,Premium,150,225.51,45.1,2024-12-08,2025-12-07,,
MRH_2024_02991,2024,0,Appartement,53,3,Confort,300,179.5,35.9,2024-07-03,2025-07-02,,
MRH_2024_02992,2024,0,Appartement,84,2,Essentielle,300,182.49,36.5,2024-06-06,2025-06-05,,
MRH_2024_02993,2024,0,Maison,85,1,Essentielle,300,193.27,38.65,2024-05-16,2025-05-15,,
MRH_2024_02994,2024,0,Maison,120,1,Confort,300,272.0,54.4,2024-09-17,2025-09-16,,
MRH_2024_02995,2024,0,Maison,94,2,Confort,300,266.95,53.39,2024-01-01,2024-12-31,,
MRH_2024_02996,2024,0,Appartement,84,3,Confort,300,226.0,45.2,2024-07-15,2025-07-14,,
MRH_2024_02997,2024,0,Appartement,51,2,Confort,300,167.67,33.53,2024-03-28,2025-03-27,,
MRH_2024_02998,2024,0,Maison,85,3,Confort,500,246.1,49.22,2024-03-13,2025-03-12,,
MRH_2024_02999,2024,0,Appartement,66,2,Essentielle,150,176.76,35.35,2024-08-01,2025-07-31,,
MRH_2024_03000,2024,0,Maison,82,1,Premium,300,290.62,58.12,2024-02-27,2025-02-26,,
MRH_2024_03001,2024,0,Appartement,89,3,Premium,300,303.55,60.71,2024-05-02,2025-05-01,,
MRH_2024_03002,2024,0,Maison,116,3,Confort,150,345.4,69.08,2024-01-01,2024-12-31,,
MRH_2024_03003,2024,0,Maison,160,3,Essentielle,300,323.0,64.6,2024-02-16,2025-02-15,,
MRH_2024_03004,2024,0,Appartement,61,1,Confort,300,162.78,32.56,2024-04-17,2025-04-16,,
MRH_2024_03005,2024,0,Maison,178,3,Essentielle,300,345.95,69.19,2024-09-05,2025-09-04,,
MRH_2024_03006,2024,0,Appartement,99,3,Essentielle,300,211.22,42.24,2024-08-11,2025-08-10,,
MRH_2024_03007,2024,0,Maison,82,3,Confort,150,289.3,57.86,2024-01-09,2025-01-08,,
MRH_2024_03008,2024,0,Appartement,61,3,Confort,500,176.18,35.24,2024-10-26,2025-10-25,,
MRH_2024_03009,2024,0,Appartement,34,3,Premium,300,196.3,39.26,2024-11-01,2025-10-31,,
MRH_2024_03010,2024,0,Maison,169,5,Essentielle,300,451.54,90.31,2024-08-05,2025-08-04,,
MRH_2024_03011,2024,0,Appartement,44,5,Essentielle,500,175.25,35.05,2024-05-04,2025-05-03,,
MRH_2024_03012,2024,0,Maison,78,5,Confort,500,319.19,63.84,2024-09-02,2025-09-01,,
MRH_2024_03013,2024,0,Appartement,46,1,Confort,150,158.02,31.6,2024-01-10,2025-01-09,,
MRH_2024_03014,2024,0,Appartement,69,2,Premium,300,251.32,50.26,2024-04-10,2025-04-09,,
MRH_2024_03015,2024,0,Appartement,44,4,Confort,150,209.99,42.0,2024-11-09,2025-11-08,,
MRH_2024_03016,2024,0,Appartement,101,3,Confort,300,251.5,50.3,2024-12-21,2025-12-20,,
MRH_2024_03017,2024,0,Appartement,75,3,Confort,300,212.5,42.5,2024-01-13,2025-01-12,,
MRH_2024_03018,2024,0,Appartement,67,2,Premium,150,272.38,54.48,2024-11-08,2025-11-07,,
MRH_2024_03019,2024,0,Appartement,54,1,Essentielle,500,120.31,24.06,2024-05-08,2025-05-07,,
MRH_2024_03020,2024,0,Maison,109,3,Confort,300,303.5,60.7,2024-06-18,2025-06-17,,
MRH_2024_03021,2024,0,Appartement,48,2,Confort,150,179.74,35.95,2024-09-25,2025-09-24,,
MRH_2024_03022,2024,0,Appartement,89,3,Confort,500,214.82,42.96,2024-10-14,2025-10-13,,
MRH_2024_03023,2024,0,Appartement,85,4,Confort,500,240.7,48.14,2024-01-13,2025-01-12,,
MRH_2024_03024,2024,0,Appartement,71,1,Essentielle,500,137.26,27.45,2024-04-08,2025-04-07,,
MRH_2024_03025,2024,0,Appartement,61,1,Confort,300,162.78,32.56,2024-08-14,2025-08-13,,
MRH_2024_03026,2024,0,Appartement,91,2,Confort,150,247.14,49.43,2024-05-19,2025-05-18,,
MRH_2024_03027,2024,0,Maison,155,3,Confort,300,372.5,74.5,2024-08-24,2025-08-23,,
MRH_2024_03028,2024,0,Appartement,73,3,Confort,500,192.74,38.55,2024-05-09,2025-05-08,,
MRH_2024_03029,2024,0,Appartement,69,5,Essentielle,150,256.87,51.37,2024-09-10,2025-09-09,,
MRH_2024_03030,2024,0,Maison,73,2,Essentielle,300,201.47,40.29,2024-03-07,2025-03-06,,
MRH_2024_03031,2024,0,Appartement,71,1,Confort,300,175.53,35.11,2024-02-24,2025-02-23,,
MRH_2024_03032,2024,0,Appartement,65,2,Premium,150,268.3,53.66,2024-06-18,2025-06-17,,
MRH_2024_03033,2024,0,Appartement,20,3,Essentielle,300,110.5,22.1,2024-08-19,2025-08-18,,
MRH_2024_03034,2024,0,Maison,139,1,Essentielle,300,251.79,50.36,2024-08-02,2025-08-01,,
MRH_2024_03035,2024,0,Appartement,66,1,Confort,300,169.15,33.83,2024-06-06,2025-06-05,,
MRH_2024_03036,2024,0,Maison,91,4,Essentielle,300,270.28,54.06,2024-09-13,2025-09-12,,
MRH_2024_03037,2024,0,Appartement,54,1,Confort,300,153.85,30.77,2024-12-20,2025-12-19,,
MRH_2024_03038,2024,0,Maison,206,3,Essentielle,300,381.65,76.33,2024-03-20,2025-03-19,,
MRH_2024_03039,2024,0,Appartement,79,3,Confort,300,218.5,43.7,2024-02-12,2025-02-11,,
MRH_2024_03040,2024,0,Maison,144,3,Premium,500,425.78,85.16,2024-10-07,2025-10-06,,
MRH_2024_03041,2024,0,Appartement,67,2,Essentielle,300,161.9,32.38,2024-01-07,2025-01-06,,
MRH_2024_03042,2024,0,Appartement,64,2,Essentielle,150,174.1,34.82,2024-05-18,2025-05-17,,
MRH_2024_03043,2024,0,Maison,122,2,Confort,150,337.53,67.51,2024-02-19,2025-02-18,,
MRH_2024_03044,2024,0,Appartement,62,2,Confort,300,183.35,36.67,2024-08-20,2025-08-19,,
MRH_2024_03045,2024,0,Appartement,63,3,Essentielle,300,165.32,33.06,2024-07-04,2025-07-03,,
MRH_2024_03046,2024,0,Appartement,64,2,Essentielle,300,158.27,31.65,2024-12-16,2025-12-15,,
MRH_2024_03047,2024,0,Appartement,63,3,Essentielle,500,152.1,30.42,2024-10-20,2025-10-19,,
MRH_2024_03048,2024,0,Maison,82,1,Essentielle,300,190.02,38.0,2024-12-26,2025-12-25,,
MRH_2024_03049,2024,0,Maison,139,5,Confort,500,432.84,86.57,2024-08-26,2025-08-25,,
MRH_2024_03050,2024,0,Appartement,78,1,Essentielle,300,156.78,31.36,2024-08-24,2025-08-23,,
MRH_2024_03051,2024,0,Appartement,65,3,Confort,300,197.5,39.5,2024-04-22,2025-04-21,,
MRH_2024_03052,2024,0,Maison,126,5,Premium,500,531.2,106.24,2024-08-14,2025-08-13,,
MRH_2024_03053,2024,0,Maison,111,2,Confort,500,267.88,53.58,2024-02-05,2025-02-04,,
MRH_2024_03054,2024,0,Appartement,42,3,Confort,300,163.0,32.6,2024-08-18,2025-08-17,,
MRH_2024_03055,2024,0,Appartement,41,3,Essentielle,300,137.28,27.46,2024-02-22,2025-02-21,,
MRH_2024_03056,2024,0,Appartement,26,3,Confort,500,127.88,25.58,2024-01-13,2025-01-12,,
MRH_2024_03057,2024,0,Maison,78,2,Essentielle,300,207.53,41.51,2024-11-16,2025-11-15,,
MRH_2024_03058,2024,0,Appartement,68,2,Essentielle,300,163.11,32.62,2024-07-27,2025-07-26,,
MRH_2024_03059,2024,0,Maison,109,2,Essentielle,500,225.47,45.09,2024-02-03,2025-02-02,,
MRH_2024_03060,2024,0,Appartement,29,2,Essentielle,150,127.46,25.49,2024-01-01,2024-12-31,,
MRH_2024_03061,2024,0,Maison,122,4,Essentielle,300,315.73,63.15,2024-04-23,2025-04-22,,
MRH_2024_03062,2024,0,Maison,195,2,Essentielle,300,349.24,69.85,2024-10-22,2025-10-21,,
MRH_2024_03063,2024,0,Maison,143,2,Premium,300,437.81,87.56,2024-02-16,2025-02-15,,
MRH_2024_03064,2024,0,Maison,88,2,Confort,500,237.73,47.55,2024-06-19,2025-06-18,,
MRH_2024_03065,2024,0,Appartement,117,5,Essentielle,150,347.75,69.55,2024-02-25,2025-02-24,,
MRH_2024_03066,2024,0,Appartement,60,4,Premium,300,284.05,56.81,2024-03-23,2025-03-22,,
MRH_2024_03067,2024,0,Appartement,57,4,Premium,300,277.32,55.46,2024-02-26,2025-02-25,,
MRH_2024_03068,2024,0,Appartement,90,2,Essentielle,300,189.76,37.95,2024-04-26,2025-04-25,,
MRH_2024_03069,2024,0,Maison,50,3,Essentielle,500,168.13,33.63,2024-10-16,2025-10-15,,
MRH_2024_03070,2024,0,Maison,125,2,Confort,300,311.12,62.22,2024-10-14,2025-10-13,,
MRH_2024_03071,2024,0,Appartement,56,2,Confort,150,192.28,38.46,2024-01-10,2025-01-09,,
MRH_2024_03072,2024,0,Appartement,109,1,Essentielle,500,175.15,35.03,2024-10-05,2025-10-04,,
MRH_2024_03073,2024,0,Maison,85,5,Premium,300,469.46,93.89,2024-11-02,2025-11-01,,
MRH_2024_03074,2024,0,Maison,139,4,Confort,500,368.71,73.74,2024-12-16,2025-12-15,,
MRH_2024_03075,2024,0,Appartement,103,3,Confort,300,254.5,50.9,2024-05-22,2025-05-21,,
MRH_2024_03076,2024,0,Maison,97,4,Essentielle,150,306.98,61.4,2024-05-14,2025-05-13,,
MRH_2024_03077,2024,0,Maison,72,2,Confort,300,235.6,47.12,2024-08-15,2025-08-14,,
MRH_2024_03078,2024,0,Appartement,20,4,Premium,150,213.79,42.76,2024-05-12,2025-05-11,,
MRH_2024_03079,2024,0,Maison,112,4,Confort,300,354.2,70.84,2024-12-21,2025-12-20,,
MRH_2024_03080,2024,0,Appartement,37,1,Essentielle,300,112.35,22.47,2024-02-10,2025-02-09,,
MRH_2024_03081,2024,0,Appartement,39,5,Essentielle,300,181.88,36.38,2024-04-15,2025-04-14,,
MRH_2024_03082,2024,0,Maison,50,4,Confort,300,247.25,49.45,2024-06-03,2025-06-02,,
MRH_2024_03083,2024,0,Maison,88,3,Essentielle,300,231.2,46.24,2024-07-21,2025-07-20,,
MRH_2024_03084,2024,0,Appartement,80,1,Premium,500,223.65,44.73,2024-04-01,2025-03-31,,
MRH_2024_03085,2024,0,Appartement,116,4,Essentielle,150,294.62,58.92,2024-12-22,2025-12-21,,
MRH_2024_03086,2024,0,Appartement,61,3,Essentielle,500,149.75,29.95,2024-05-25,2025-05-24,,
MRH_2024_03087,2024,0,Maison,93,4,Confort,500,295.71,59.14,2024-11-19,2025-11-18,,
MRH_2024_03088,2024,0,Appartement,60,5,Confort,500,235.98,47.2,2024-08-24,2025-08-23,,
MRH_2024_03089,2024,0,Maison,143,1,Essentielle,300,256.13,51.23,2024-10-10,2025-10-09,,
MRH_2024_03090,2024,0,Maison,133,4,Confort,150,429.47,85.89,2024-09-12,2025-09-11,,
MRH_2024_03091,2024,0,Maison,108,1,Premium,300,333.71,66.74,2024-05-20,2025-05-19,,
MRH_2024_03092,2024,0,Appartement,103,4,Premium,300,380.48,76.1,2024-06-02,2025-06-01,,
MRH_2024_03093,2024,0,Maison,199,1,Premium,300,484.54,96.91,2024-07-04,2025-07-03,,
MRH_2024_03094,2024,0,Appartement,55,4,Confort,150,230.86,46.17,2024-09-02,2025-09-01,,
MRH_2024_03095,2024,0,Appartement,35,3,Confort,150,167.75,33.55,2024-05-09,2025-05-08,,
MRH_2024_03096,2024,0,Maison,112,1,Essentielle,300,222.53,44.51,2024-02-12,2025-02-11,,
MRH_2024_03097,2024,0,Appartement,82,3,Premium,300,289.9,57.98,2024-09-21,2025-09-20,,
MRH_2024_03098,2024,0,Maison,97,2,Confort,500,249.53,49.91,2024-05-15,2025-05-14,,
MRH_2024_03099,2024,0,Appartement,48,3,Essentielle,500,134.5,26.9,2024-09-11,2025-09-10,,
MRH_2024_03100,2024,0,Appartement,64,3,Confort,500,180.32,36.06,2024-09-09,2025-09-08,,
MRH_2024_03101,2024,0,Appartement,98,2,Confort,150,258.12,51.62,2024-07-20,2025-07-19,,
MRH_2024_03102,2024,0,Appartement,56,3,Confort,500,169.28,33.86,2024-12-04,2025-12-03,,
MRH_2024_03103,2024,0,Appartement,88,2,Premium,500,263.6,52.72,2024-02-03,2025-02-02,,
MRH_2024_03104,2024,0,Appartement,83,3,Premium,500,268.5,53.7,2024-06-19,2025-06-18,,
MRH_2024_03105,2024,0,Maison,61,2,Essentielle,150,205.63,41.13,2024-12-11,2025-12-10,,
MRH_2024_03106,2024,0,Maison,112,2,Premium,300,380.38,76.08,2024-06-07,2025-06-06,,
MRH_2024_03107,2024,0,Appartement,59,2,Essentielle,300,152.21,30.44,2024-09-12,2025-09-11,,
MRH_2024_03108,2024,0,Appartement,57,5,Premium,300,325.55,65.11,2024-05-06,2025-05-05,,
MRH_2024_03109,2024,0,Appartement,59,5,Confort,300,254.48,50.9,2024-09-02,2025-09-01,,
MRH_2024_03110,2024,0,Appartement,55,2,Premium,500,207.36,41.47,2024-07-18,2025-07-17,,
MRH_2024_03111,2024,0,Appartement,66,4,Essentielle,300,194.52,38.9,2024-09-11,2025-09-10,,
MRH_2024_03112,2024,0,Appartement,63,5,Confort,500,241.57,48.31,2024-07-14,2025-07-13,,
MRH_2024_03113,2024,0,Appartement,71,2,Confort,150,215.79,43.16,2024-03-11,2025-03-10,,
MRH_2024_03114,2024,0,Appartement,48,3,Premium,500,205.71,41.14,2024-02-08,2025-02-07,,
MRH_2024_03115,2024,0,Appartement,20,5,Essentielle,500,137.24,27.45,2024-03-24,2025-03-23,,
MRH_2024_03116,2024,0,Maison,99,3,Confort,300,288.5,57.7,2024-09-28,2025-09-27,,
MRH_2024_03117,2024,0,Maison,142,3,Confort,150,388.3,77.66,2024-02-25,2025-02-24,,
MRH_2024_03118,2024,0,Appartement,89,1,Essentielle,500,155.21,31.04,2024-11-17,2025-11-16,,
MRH_2024_03119,2024,0,Maison,142,1,Confort,150,330.06,66.01,2024-03-03,2025-03-02,,
MRH_2024_03120,2024,0,Appartement,106,1,Premium,300,286.19,57.24,2024-04-10,2025-04-09,,
MRH_2024_03121,2024,0,Maison,50,5,Essentielle,500,226.98,45.4,2024-12-22,2025-12-21,,
MRH_2024_03122,2024,0,Appartement,68,3,Confort,500,185.84,37.17,2024-02-22,2025-02-21,,
MRH_2024_03123,2024,0,Appartement,56,2,Confort,300,174.8,34.96,2024-07-13,2025-07-12,,
MRH_2024_03124,2024,0,Maison,105,3,Essentielle,500,232.65,46.53,2024-09-28,2025-09-27,,
MRH_2024_03125,2024,0,Appartement,60,1,Confort,300,161.5,32.3,2024-03-27,2025-03-26,,
MRH_2024_03126,2024,0,Maison,150,5,Premium,500,589.33,117.87,2024-11-23,2025-11-22,,
MRH_2024_03127,2024,0,Appartement,71,5,Essentielle,150,260.65,52.13,2024-10-03,2025-10-02,,
MRH_2024_03128,2024,0,Maison,65,2,Confort,150,248.19,49.64,2024-08-01,2025-07-31,,
MRH_2024_03129,2024,0,Appartement,56,3,Confort,300,184.0,36.8,2024-08-26,2025-08-25,,
MRH_2024_03130,2024,0,Maison,178,1,Premium,300,449.74,89.95,2024-01-24,2025-01-23,,
MRH_2024_03131,2024,0,Maison,158,4,Essentielle,150,405.37,81.07,2024-01-17,2025-01-16,,
MRH_2024_03132,2024,0,Appartement,71,3,Confort,300,206.5,41.3,2024-11-09,2025-11-08,,
MRH_2024_03133,2024,0,Maison,165,4,Premium,300,579.31,115.86,2024-04-11,2025-04-10,,
MRH_2024_03134,2024,0,Appartement,46,3,Essentielle,500,132.16,26.43,2024-02-20,2025-02-19,,
MRH_2024_03135,2024,0,Appartement,59,3,Premium,500,225.45,45.09,2024-04-23,2025-04-22,,
MRH_2024_03136,2024,0,Appartement,89,3,Confort,300,233.5,46.7,2024-11-27,2025-11-26,,
MRH_2024_03137,2024,0,Appartement,93,1,Premium,500,243.48,48.7,2024-12-05,2025-12-04,,
MRH_2024_03138,2024,0,Maison,187,3,Confort,300,420.5,84.1,2024-05-13,2025-05-12,,
MRH_2024_03139,2024,0,Appartement,60,5,Premium,500,306.77,61.35,2024-11-05,2025-11-04,,
MRH_2024_03140,2024,0,Appartement,117,1,Essentielle,300,199.05,39.81,2024-01-18,2025-01-17,,
MRH_2024_03141,2024,0,Appartement,85,3,Confort,300,227.5,45.5,2024-02-19,2025-02-18,,
MRH_2024_03142,2024,0,Appartement,71,4,Essentielle,300,201.85,40.37,2024-08-04,2025-08-03,,
MRH_2024_03143,2024,0,Appartement,41,4,Confort,300,185.72,37.14,2024-04-11,2025-04-10,,
MRH_2024_03144,2024,0,Maison,67,4,Premium,500,330.78,66.16,2024-10-23,2025-10-22,,
MRH_2024_03145,2024,0,Maison,178,1,Essentielle,150,323.46,64.69,2024-10-02,2025-10-01,,
MRH_2024_03146,2024,0,Appartement,37,3,Essentielle,500,121.6,24.32,2024-09-04,2025-09-03,,
MRH_2024_03147,2024,0,Maison,132,4,Premium,300,505.31,101.06,2024-09-21,2025-09-20,,
MRH_2024_03148,2024,0,Maison,87,2,Confort,300,256.97,51.39,2024-02-11,2025-02-10,,
MRH_2024_03149,2024,0,Appartement,104,3,Essentielle,300,217.6,43.52,2024-01-09,2025-01-08,,
MRH_2024_03150,2024,0,Maison,96,3,Confort,150,312.4,62.48,2024-04-25,2025-04-24,,
MRH_2024_03151,2024,0,Appartement,91,1,Confort,150,221.13,44.23,2024-03-05,2025-03-04,,
MRH_2024_03152,2024,0,Maison,198,3,Essentielle,300,371.45,74.29,2024-08-23,2025-08-22,,
MRH_2024_03153,2024,0,Maison,129,4,Premium,300,498.58,99.72,2024-02-27,2025-02-26,,
MRH_2024_03154,2024,0,Maison,50,1,Premium,300,237.58,47.52,2024-11-25,2025-11-24,,
MRH_2024_03155,2024,0,Maison,175,3,Essentielle,500,314.75,62.95,2024-10-17,2025-10-16,,
MRH_2024_03156,2024,0,Appartement,66,1,Confort,150,186.07,37.21,2024-12-10,2025-12-09,,
MRH_2024_03157,2024,0,Appartement,48,5,Confort,300,232.2,46.44,2024-11-01,2025-10-31,,
MRH_2024_03158,2024,0,Maison,133,1,Premium,500,345.14,69.03,2024-08-23,2025-08-22,,
MRH_2024_03159,2024,0,Maison,74,4,Essentielle,300,245.35,49.07,2024-07-08,2025-07-07,,
MRH_2024_03160,2024,0,Appartement,63,3,Confort,300,194.5,38.9,2024-01-03,2025-01-02,,
MRH_2024_03161,2024,0,Maison,64,3,Confort,500,217.12,43.42,2024-03-19,2025-03-18,,
MRH_2024_03162,2024,0,Appartement,91,3,Confort,150,260.15,52.03,2024-10-23,2025-10-22,,
MRH_2024_03163,2024,0,Maison,81,5,Premium,300,458.93,91.79,2024-03-06,2025-03-05,,
MRH_2024_03164,2024,0,Appartement,73,3,Confort,150,230.45,46.09,2024-08-10,2025-08-09,,
MRH_2024_03165,2024,0,Appartement,66,3,Essentielle,300,169.15,33.83,2024-10-16,2025-10-15,,
MRH_2024_03166,2024,0,Appartement,86,2,Essentielle,500,170.12,34.02,2024-07-10,2025-07-09,,
MRH_2024_03167,2024,0,Appartement,94,2,Confort,150,251.84,50.37,2024-06-01,2025-05-31,,
MRH_2024_03168,2024,0,Maison,50,5,Premium,300,377.32,75.46,2024-02-25,2025-02-24,,
MRH_2024_03169,2024,0,Appartement,98,2,Confort,300,234.65,46.93,2024-10-03,2025-10-02,,
MRH_2024_03170,2024,0,Maison,76,1,Premium,300,280.67,56.13,2024-07-12,2025-07-11,,
MRH_2024_03171,2024,0,Maison,77,3,Premium,300,332.15,66.43,2024-09-14,2025-09-13,,
MRH_2024_03172,2024,0,Appartement,59,4,Confort,150,238.45,47.69,2024-01-23,2025-01-22,,
MRH_2024_03173,2024,0,Maison,115,3,Confort,500,287.5,57.5,2024-09-27,2025-09-26,,
MRH_2024_03174,2024,0,Maison,173,2,Confort,150,417.48,83.5,2024-11-08,2025-11-07,,
MRH_2024_03175,2024,0,Maison,128,1,Essentielle,300,239.87,47.97,2024-06-21,2025-06-20,,
MRH_2024_03176,2024,0,Appartement,32,3,Confort,150,162.8,32.56,2024-08-09,2025-08-08,,
MRH_2024_03177,2024,0,Appartement,65,3,Confort,300,197.5,39.5,2024-03-06,2025-03-05,,
MRH_2024_03178,2024,0,Appartement,59,2,Confort,150,196.98,39.4,2024-11-18,2025-11-17,,
MRH_2024_03179,2024,0,Appartement,68,4,Confort,300,232.3,46.46,2024-01-05,2025-01-04,,
MRH_2024_03180,2024,0,Maison,130,4,Premium,500,460.76,92.15,2024-03-09,2025-03-08,,
MRH_2024_03181,2024,0,Maison,86,3,Confort,300,269.0,53.8,2024-01-23,2025-01-22,,
MRH_2024_03182,2024,0,Maison,102,3,Confort,150,322.3,64.46,2024-11-25,2025-11-24,,
MRH_2024_03183,2024,0,Appartement,36,3,Premium,500,184.18,36.84,2024-05-02,2025-05-01,,
MRH_2024_03184,2024,0,Maison,157,3,Confort,300,375.5,75.1,2024-06-21,2025-06-20,,
MRH_2024_03185,2024,0,Appartement,81,2,Essentielle,500,164.55,32.91,2024-11-14,2025-11-13,,
MRH_2024_03186,2024,0,Maison,109,5,Confort,500,376.95,75.39,2024-06-28,2025-06-27,,
MRH_2024_03187,2024,0,Appartement,39,3,Confort,300,158.5,31.7,2024-11-12,2025-11-11,,
MRH_2024_03188,2024,0,Maison,50,5,Confort,500,267.03,53.41,2024-08-07,2025-08-06,,
MRH_2024_03189,2024,0,Appartement,48,2,Essentielle,500,127.78,25.56,2024-08-12,2025-08-11,,
MRH_2024_03190,2024,0,Appartement,78,1,Confort,300,184.45,36.89,2024-04-06,2025-04-05,,
MRH_2024_03191,2024,0,Maison,79,3,Essentielle,300,219.72,43.94,2024-05-08,2025-05-07,,
MRH_2024_03192,2024,0,Maison,64,3,Premium,300,306.8,61.36,2024-09-02,2025-09-01,,
MRH_2024_03193,2024,0,Appartement,68,2,Essentielle,150,179.43,35.89,2024-10-06,2025-10-05,,
MRH_2024_03194,2024,0,Appartement,20,3,Essentielle,150,121.55,24.31,2024-01-15,2025-01-14,,
MRH_2024_03195,2024,0,Appartement,99,3,Essentielle,150,232.35,46.47,2024-12-15,2025-12-14,,
MRH_2024_03196,2024,0,Appartement,129,5,Confort,300,396.23,79.25,2024-10-11,2025-10-10,,
MRH_2024_03197,2024,0,Appartement,70,3,Confort,300,205.0,41.0,2024-09-01,2025-08-31,,
MRH_2024_03198,2024,0,Appartement,42,1,Confort,300,138.55,27.71,2024-02-12,2025-02-11,,
MRH_2024_03199,2024,0,Appartement,90,1,Premium,150,285.64,57.13,2024-11-06,2025-11-05,,
MRH_2024_03200,2024,0,Maison,165,1,Essentielle,300,279.97,55.99,2024-02-05,2025-02-04,,
MRH_2024_03201,2024,0,Maison,63,3,Confort,300,234.5,46.9,2024-08-20,2025-08-19,,
MRH_2024_03202,2024,0,Maison,80,4,Essentielle,150,279.57,55.91,2024-02-05,2025-02-04,,
MRH_2024_03203,2024,0,Appartement,61,5,Essentielle,300,219.75,43.95,2024-03-15,2025-03-14,,
MRH_2024_03204,2024,0,Maison,127,1,Confort,500,258.45,51.69,2024-03-26,2025-03-25,,
MRH_2024_03205,2024,0,Maison,129,2,Essentielle,300,269.3,53.86,2024-09-23,2025-09-22,,
MRH_2024_03206,2024,0,Maison,128,2,Essentielle,150,294.9,58.98,2024-05-21,2025-05-20,,
MRH_2024_03207,2024,0,Maison,190,4,Confort,300,488.75,97.75,2024-06-04,2025-06-03,,
MRH_2024_03208,2024,0,Appartement,58,3,Premium,300,243.1,48.62,2024-06-11,2025-06-10,,
MRH_2024_03209,2024,0,Maison,128,1,Confort,300,282.2,56.44,2024-08-06,2025-08-05,,
MRH_2024_03210,2024,0,Appartement,92,1,Confort,300,202.3,40.46,2024-08-09,2025-08-08,,
MRH_2024_03211,2024,0,Appartement,78,1,Essentielle,500,144.24,28.85,2024-06-14,2025-06-13,,
MRH_2024_03212,2024,0,Maison,119,4,Confort,500,336.97,67.39,2024-05-04,2025-05-03,,
MRH_2024_03213,2024,0,Appartement,38,3,Confort,500,144.44,28.89,2024-07-06,2025-07-05,,
MRH_2024_03214,2024,0,Appartement,78,3,Essentielle,300,184.45,36.89,2024-02-20,2025-02-19,,
MRH_2024_03215,2024,0,Maison,124,2,Confort,300,309.7,61.94,2024-02-14,2025-02-13,,
MRH_2024_03216,2024,0,Maison,190,5,Essentielle,150,536.46,107.29,2024-12-11,2025-12-10,,
MRH_2024_03217,2024,0,Maison,141,5,Essentielle,500,371.08,74.22,2024-08-08,2025-08-07,,
MRH_2024_03218,2024,0,Maison,75,1,Essentielle,300,182.43,36.49,2024-05-26,2025-05-25,,
MRH_2024_03219,2024,0,Appartement,73,3,Essentielle,300,178.07,35.61,2024-02-22,2025-02-21,,
MRH_2024_03220,2024,0,Appartement,20,2,Essentielle,300,104.97,20.99,2024-07-10,2025-07-09,,
MRH_2024_03221,2024,0,Appartement,73,2,Confort,150,218.93,43.79,2024-04-09,2025-04-08,,
MRH_2024_03222,2024,0,Appartement,54,2,Confort,500,158.19,31.64,2024-08-06,2025-08-05,,
MRH_2024_03223,2024,0,Maison,178,2,Essentielle,300,328.65,65.73,2024-11-09,2025-11-08,,
MRH_2024_03224,2024,0,Appartement,80,1,Premium,300,243.1,48.62,2024-11-10,2025-11-09,,
MRH_2024_03225,2024,0,Appartement,82,5,Essentielle,150,281.48,56.3,2024-11-21,2025-11-20,,
MRH_2024_03226,2024,0,Maison,94,3,Confort,500,258.52,51.7,2024-02-22,2025-02-21,,
MRH_2024_03227,2024,0,Maison,102,3,Essentielle,500,229.13,45.83,2024-10-05,2025-10-04,,
MRH_2024_03228,2024,0,Appartement,88,4,Essentielle,150,249.46,49.89,2024-08-07,2025-08-06,,
MRH_2024_03229,2024,0,Maison,50,1,Confort,150,201.03,40.21,2024-12-17,2025-12-16,,
MRH_2024_03230,2024,0,Appartement,62,4,Essentielle,150,207.52,41.5,2024-10-18,2025-10-17,,
MRH_2024_03231,2024,0,Appartement,55,2,Essentielle,500,135.58,27.12,2024-07-25,2025-07-24,,
MRH_2024_03232,2024,0,Appartement,60,4,Confort,500,201.02,40.2,2024-08-01,2025-07-31,,
MRH_2024_03233,2024,0,Appartement,52,3,Premium,150,254.54,50.91,2024-06-28,2025-06-27,,
MRH_2024_03234,2024,0,Appartement,112,2,Essentielle,150,238.05,47.61,2024-03-01,2025-02-28,,
MRH_2024_03235,2024,0,Appartement,40,3,Confort,150,176.0,35.2,2024-04-24,2025-04-23,,
MRH_2024_03236,2024,0,Maison,67,3,Premium,300,312.65,62.53,2024-10-11,2025-10-10,,
MRH_2024_03237,2024,0,Appartement,40,2,Confort,300,152.0,30.4,2024-01-20,2025-01-19,,
MRH_2024_03238,2024,0,Maison,131,4,Essentielle,500,302.61,60.52,2024-11-12,2025-11-11,,
MRH_2024_03239,2024,0,Appartement,100,1,Confort,150,233.75,46.75,2024-01-03,2025-01-02,,
MRH_2024_03240,2024,0,Maison,146,4,Confort,500,379.82,75.96,2024-03-03,2025-03-02,,
MRH_2024_03241,2024,0,Appartement,65,2,Confort,150,206.39,41.28,2024-09-10,2025-09-09,,
MRH_2024_03242,2024,0,Appartement,53,1,Essentielle,300,129.69,25.94,2024-06-26,2025-06-25,,
MRH_2024_03243,2024,0,Appartement,95,2,Confort,500,211.95,42.39,2024-09-04,2025-09-03,,
MRH_2024_03244,2024,0,Maison,129,3,Essentielle,150,311.82,62.36,2024-04-18,2025-04-17,,
MRH_2024_03245,2024,0,Appartement,59,5,Confort,300,254.48,50.9,2024-12-13,2025-12-12,,
MRH_2024_03246,2024,0,Maison,105,3,Confort,300,297.5,59.5,2024-11-16,2025-11-15,,
MRH_2024_03247,2024,0,Appartement,67,2,Essentielle,150,178.09,35.62,2024-01-16,2025-01-15,,
MRH_2024_03248,2024,0,Maison,130,3,Confort,300,335.0,67.0,2024-09-12,2025-09-11,,
MRH_2024_03249,2024,0,Maison,177,3,Confort,150,446.05,89.21,2024-03-07,2025-03-06,,
MRH_2024_03250,2024,0,Appartement,71,3,Essentielle,150,193.08,38.62,2024-10-25,2025-10-24,,
MRH_2024_03251,2024,0,Appartement,61,2,Premium,500,217.58,43.52,2024-10-16,2025-10-15,,
MRH_2024_03252,2024,0,Appartement,100,2,Essentielle,150,222.06,44.41,2024-10-06,2025-10-05,,
MRH_2024_03253,2024,0,Appartement,46,3,Confort,150,185.9,37.18,2024-12-25,2025-12-24,,
MRH_2024_03254,2024,0,Maison,120,3,Confort,500,294.4,58.88,2024-04-19,2025-04-18,,
MRH_2024_03255,2024,0,Appartement,97,4,Confort,500,259.74,51.95,2024-09-08,2025-09-07,,
MRH_2024_03256,2024,0,Maison,160,2,Confort,500,332.12,66.42,2024-02-07,2025-02-06,,
MRH_2024_03257,2024,0,Appartement,82,2,Premium,300,275.41,55.08,2024-12-05,2025-12-04,,
MRH_2024_03258,2024,0,Appartement,42,3,Confort,300,163.0,32.6,2024-11-13,2025-11-12,,
MRH_2024_03259,2024,0,Maison,97,4,Essentielle,500,256.75,51.35,2024-04-24,2025-04-23,,
MRH_2024_03260,2024,0,Appartement,106,2,Confort,150,270.66,54.13,2024-08-14,2025-08-13,,
MRH_2024_03261,2024,0,Maison,110,3,Confort,300,305.0,61.0,2024-09-08,2025-09-07,,
MRH_2024_03262,2024,0,Appartement,50,2,Confort,500,152.95,30.59,2024-04-14,2025-04-13,,
MRH_2024_03263,2024,0,Appartement,83,2,Confort,500,196.21,39.24,2024-10-17,2025-10-16,,
MRH_2024_03264,2024,0,Maison,125,5,Essentielle,300,375.81,75.16,2024-01-01,2024-12-31,,
MRH_2024_03265,2024,0,Appartement,72,5,Essentielle,300,238.68,47.74,2024-12-27,2025-12-26,,
MRH_2024_03266,2024,0,Appartement,102,2,Premium,300,312.45,62.49,2024-12-20,2025-12-19,,
MRH_2024_03267,2024,0,Appartement,47,1,Essentielle,300,123.19,24.64,2024-05-03,2025-05-02,,
MRH_2024_03268,2024,0,Appartement,42,2,Confort,300,154.85,30.97,2024-10-04,2025-10-03,,
MRH_2024_03269,2024,0,Appartement,52,2,Confort,300,169.1,33.82,2024-01-03,2025-01-02,,
MRH_2024_03270,2024,0,Appartement,68,3,Confort,500,185.84,37.17,2024-11-02,2025-11-01,,
MRH_2024_03271,2024,0,Maison,60,3,Confort,300,230.0,46.0,2024-10-16,2025-10-15,,
MRH_2024_03272,2024,0,Maison,127,3,Confort,150,363.55,72.71,2024-06-06,2025-06-05,,
MRH_2024_03273,2024,0,Maison,150,1,Confort,500,285.43,57.09,2024-06-14,2025-06-13,,
MRH_2024_03274,2024,0,Appartement,86,3,Confort,150,251.9,50.38,2024-01-14,2025-01-13,,
MRH_2024_03275,2024,0,Appartement,75,4,Premium,300,317.69,63.54,2024-07-28,2025-07-27,,
MRH_2024_03276,2024,0,Appartement,108,5,Essentielle,150,330.71,66.14,2024-03-20,2025-03-19,,
MRH_2024_03277,2024,0,Appartement,110,3,Essentielle,500,207.23,41.45,2024-02-14,2025-02-13,,
MRH_2024_03278,2024,0,Appartement,51,3,Essentielle,150,165.03,33.01,2024-02-19,2025-02-18,,
MRH_2024_03279,2024,0,Maison,138,3,Confort,150,381.7,76.34,2024-07-17,2025-07-16,,
MRH_2024_03280,2024,0,Maison,196,2,Essentielle,300,350.45,70.09,2024-11-27,2025-11-26,,
MRH_2024_03281,2024,0,Appartement,133,2,Confort,300,284.52,56.9,2024-02-13,2025-02-12,,
MRH_2024_03282,2024,0,Appartement,100,5,Essentielle,150,315.56,63.11,2024-04-03,2025-04-02,,
MRH_2024_03283,2024,0,Appartement,79,3,Confort,150,240.35,48.07,2024-05-23,2025-05-22,,
MRH_2024_03284,2024,0,Maison,92,1,Confort,300,236.3,47.26,2024-10-12,2025-10-11,,
MRH_2024_03285,2024,0,Maison,72,3,Essentielle,500,193.94,38.79,2024-04-22,2025-04-21,,
MRH_2024_03286,2024,0,Appartement,96,3,Confort,150,268.4,53.68,2024-03-16,2025-03-15,,
MRH_2024_03287,2024,0,Maison,148,3,Essentielle,300,307.7,61.54,2024-06-04,2025-06-03,,
MRH_2024_03288,2024,0,Appartement,64,2,Premium,300,242.06,48.41,2024-06-18,2025-06-17,,
MRH_2024_03289,2024,0,Maison,179,5,Premium,300,716.92,143.38,2024-08-28,2025-08-27,,
MRH_2024_03290,2024,0,Appartement,81,2,Premium,300,273.55,54.71,2024-12-07,2025-12-06,,
MRH_2024_03291,2024,0,Appartement,102,2,Confort,300,240.35,48.07,2024-06-09,2025-06-08,,
MRH_2024_03292,2024,0,Appartement,73,2,Confort,300,199.02,39.8,2024-06-08,2025-06-07,,
MRH_2024_03293,2024,0,Appartement,31,3,Essentielle,500,114.56,22.91,2024-10-13,2025-10-12,,
MRH_2024_03294,2024,0,Appartement,92,3,Confort,150,261.8,52.36,2024-11-19,2025-11-18,,
MRH_2024_03295,2024,0,Appartement,52,4,Confort,300,204.7,40.94,2024-11-09,2025-11-08,,
MRH_2024_03296,2024,0,Maison,87,1,Premium,300,298.9,59.78,2024-12-04,2025-12-03,,
MRH_2024_03297,2024,0,Appartement,30,2,Premium,150,196.98,39.4,2024-07-13,2025-07-12,,
MRH_2024_03298,2024,0,Appartement,25,1,Essentielle,500,91.4,18.28,2024-04-14,2025-04-13,,
MRH_2024_03299,2024,0,Appartement,51,3,Essentielle,300,150.03,30.01,2024-01-23,2025-01-22,,
MRH_2024_03300,2024,0,Maison,122,2,Confort,300,306.85,61.37,2024-12-28,2025-12-27,,
MRH_2024_03301,2024,0,Maison,166,4,Premium,300,581.55,116.31,2024-01-14,2025-01-13,,
MRH_2024_03302,2024,0,Maison,150,2,Confort,500,319.01,63.8,2024-06-10,2025-06-09,,
MRH_2024_03303,2024,0,Maison,161,3,Essentielle,300,324.27,64.85,2024-03-10,2025-03-09,,
MRH_2024_03304,2024,0,Maison,147,3,Premium,300,468.65,93.73,2024-11-22,2025-11-21,,
MRH_2024_03305,2024,0,Appartement,58,4,Confort,300,215.05,43.01,2024-08-14,2025-08-13,,
MRH_2024_03306,2024,0,Appartement,47,4,Essentielle,500,153.33,30.67,2024-11-03,2025-11-02,,
MRH_2024_03307,2024,0,Maison,92,3,Confort,150,305.8,61.16,2024-05-16,2025-05-15,,
MRH_2024_03308,2024,0,Appartement,75,3,Confort,150,233.75,46.75,2024-04-15,2025-04-14,,
MRH_2024_03309,2024,0,Appartement,51,2,Essentielle,150,156.78,31.36,2024-11-21,2025-11-20,,
MRH_2024_03310,2024,0,Maison,172,3,Premium,500,476.01,95.2,2024-02-22,2025-02-21,,
MRH_2024_03311,2024,0,Maison,121,2,Confort,300,305.43,61.09,2024-03-24,2025-03-23,,
MRH_2024_03312,2024,0,Appartement,59,5,Essentielle,300,216.3,43.26,2024-04-16,2025-04-15,,
MRH_2024_03313,2024,0,Appartement,40,5,Confort,300,216.0,43.2,2024-03-19,2025-03-18,,
MRH_2024_03314,2024,0,Appartement,87,2,Confort,300,218.97,43.79,2024-02-27,2025-02-26,,
MRH_2024_03315,2024,0,Appartement,84,2,Confort,300,214.7,42.94,2024-05-05,2025-05-04,,
MRH_2024_03316,2024,0,Appartement,25,3,Essentielle,150,128.56,25.71,2024-07-14,2025-07-13,,
MRH_2024_03317,2024,0,Maison,94,3,Essentielle,300,238.85,47.77,2024-11-17,2025-11-16,,
MRH_2024_03318,2024,0,Appartement,63,2,Essentielle,300,157.06,31.41,2024-08-12,2025-08-11,,
MRH_2024_03319,2024,0,Appartement,94,3,Confort,150,265.1,53.02,2024-09-14,2025-09-13,,
MRH_2024_03320,2024,0,Maison,106,2,Essentielle,300,241.44,48.29,2024-04-24,2025-04-23,,
MRH_2024_03321,2024,0,Appartement,39,1,Essentielle,150,125.97,25.19,2024-08-09,2025-08-08,,
MRH_2024_03322,2024,0,Appartement,88,4,Essentielle,300,226.78,45.36,2024-03-25,2025-03-24,,
MRH_2024_03323,2024,0,Maison,57,4,Premium,300,337.12,67.42,2024-08-27,2025-08-26,,
MRH_2024_03324,2024,0,Maison,50,1,Confort,500,168.13,33.63,2024-05-11,2025-05-10,,
MRH_2024_03325,2024,0,Appartement,26,3,Essentielle,300,118.15,23.63,2024-08-04,2025-08-03,,
MRH_2024_03326,2024,0,Maison,74,3,Essentielle,300,213.35,42.67,2024-05-05,2025-05-04,,
MRH_2024_03327,2024,0,Appartement,81,2,Essentielle,500,164.55,32.91,2024-11-13,2025-11-12,,
MRH_2024_03328,2024,0,Appartement,59,3,Confort,300,188.5,37.7,2024-08-01,2025-07-31,,
MRH_2024_03329,2024,0,Appartement,95,4,Essentielle,500,218.08,43.62,2024-10-02,2025-10-01,,
MRH_2024_03330,2024,0,Appartement,89,2,Confort,150,244.01,48.8,2024-02-01,2025-01-31,,
MRH_2024_03331,2024,0,Maison,130,4,Premium,500,460.76,92.15,2024-02-11,2025-02-10,,
MRH_2024_03332,2024,0,Appartement,94,4,Confort,300,277.15,55.43,2024-01-21,2025-01-20,,
MRH_2024_03333,2024,0,Appartement,36,5,Confort,500,191.27,38.25,2024-08-22,2025-08-21,,
MRH_2024_03334,2024,0,Appartement,57,3,Confort,300,185.5,37.1,2024-04-10,2025-04-09,,
MRH_2024_03335,2024,0,Maison,157,4,Premium,300,561.37,112.27,2024-01-09,2025-01-08,,
MRH_2024_03336,2024,0,Appartement,60,5,Confort,500,235.98,47.2,2024-07-28,2025-07-27,,
MRH_2024_03337,2024,0,Maison,127,2,Essentielle,300,266.88,53.38,2024-03-26,2025-03-25,,
MRH_2024_03338,2024,0,Appartement,47,1,Premium,300,188.4,37.68,2024-06-26,2025-06-25,,
MRH_2024_03339,2024,0,Appartement,62,1,Essentielle,300,139.44,27.89,2024-09-11,2025-09-10,,
MRH_2024_03340,2024,0,Maison,129,5,Confort,300,450.23,90.05,2024-07-28,2025-07-27,,
MRH_2024_03341,2024,0,Maison,50,3,Confort,300,215.0,43.0,2024-09-21,2025-09-20,,
MRH_2024_03342,2024,0,Appartement,61,2,Confort,150,200.12,40.02,2024-11-13,2025-11-12,,
MRH_2024_03343,2024,0,Appartement,47,3,Essentielle,150,159.42,31.88,2024-03-15,2025-03-14,,
MRH_2024_03344,2024,0,Appartement,63,2,Essentielle,300,157.06,31.41,2024-01-25,2025-01-24,,
MRH_2024_03345,2024,0,Appartement,108,1,Premium,500,266.35,53.27,2024-08-12,2025-08-11,,
MRH_2024_03346,2024,0,Appartement,41,4,Essentielle,300,157.87,31.57,2024-07-11,2025-07-10,,
MRH_2024_03347,2024,0,Appartement,80,3,Essentielle,300,187.0,37.4,2024-04-21,2025-04-20,,
MRH_2024_03348,2024,0,Appartement,70,3,Confort,500,188.6,37.72,2024-12-24,2025-12-23,,
MRH_2024_03349,2024,0,Maison,125,3,Essentielle,300,278.38,55.68,2024-06-15,2025-06-14,,
MRH_2024_03350,2024,0,Maison,169,1,Confort,150,367.92,73.58,2024-08-08,2025-08-07,,
MRH_2024_03351,2024,0,Maison,145,4,Confort,500,378.23,75.65,2024-03-22,2025-03-21,,
MRH_2024_03352,2024,0,Appartement,51,1,Essentielle,500,117.32,23.46,2024-08-18,2025-08-17,,
MRH_2024_03353,2024,0,Appartement,98,5,Premium,500,398.81,79.76,2024-08-09,2025-08-08,,
MRH_2024_03354,2024,0,Maison,134,5,Premium,300,598.46,119.69,2024-11-10,2025-11-09,,
MRH_2024_03355,2024,0,Maison,191,3,Essentielle,300,362.52,72.5,2024-04-15,2025-04-14,,
MRH_2024_03356,2024,0,Maison,92,4,Premium,150,457.17,91.43,2024-04-16,2025-04-15,,
MRH_2024_03357,2024,0,Appartement,40,1,Premium,150,194.48,38.9,2024-08-14,2025-08-13,,
MRH_2024_03358,2024,0,Appartement,78,1,Confort,300,184.45,36.89,2024-04-10,2025-04-09,,
MRH_2024_03359,2024,0,Appartement,53,2,Confort,150,187.58,37.52,2024-10-19,2025-10-18,,
MRH_2024_03360,2024,0,Appartement,90,1,Confort,300,199.75,39.95,2024-12-02,2025-12-01,,
MRH_2024_03361,2024,0,Maison,93,3,Essentielle,300,237.57,47.51,2024-12-09,2025-12-08,,
MRH_2024_03362,2024,0,Appartement,81,3,Premium,300,287.95,57.59,2024-11-22,2025-11-21,,
MRH_2024_03363,2024,0,Appartement,66,5,Premium,300,349.25,69.85,2024-07-14,2025-07-13,,
MRH_2024_03364,2024,0,Maison,219,3,Premium,150,669.96,133.99,2024-01-09,2025-01-08,,
MRH_2024_03365,2024,0,Appartement,84,1,Essentielle,300,163.28,32.66,2024-05-19,2025-05-18,,
MRH_2024_03366,2024,0,Maison,78,3,Premium,150,367.51,73.5,2024-02-20,2025-02-19,,
MRH_2024_03367,2024,0,Maison,77,3,Premium,150,365.37,73.07,2024-02-18,2025-02-17,,
MRH_2024_03368,2024,0,Appartement,46,4,Confort,500,178.8,35.76,2024-05-13,2025-05-12,,
MRH_2024_03369,2024,0,Appartement,56,3,Premium,500,220.06,44.01,2024-09-16,2025-09-15,,
MRH_2024_03370,2024,0,Maison,151,2,Confort,500,320.32,64.06,2024-07-22,2025-07-21,,
MRH_2024_03371,2024,0,Maison,127,4,Confort,150,418.08,83.62,2024-12-12,2025-12-11,,
MRH_2024_03372,2024,0,Maison,81,2,Essentielle,300,211.16,42.23,2024-01-17,2025-01-16,,
MRH_2024_03373,2024,0,Maison,177,3,Confort,150,446.05,89.21,2024-12-06,2025-12-05,,
MRH_2024_03374,2024,0,Appartement,81,2,Confort,300,210.42,42.08,2024-01-11,2025-01-10,,
MRH_2024_03375,2024,0,Appartement,46,3,Essentielle,300,143.65,28.73,2024-02-09,2025-02-08,,
MRH_2024_03376,2024,0,Appartement,67,1,Premium,500,203.83,40.77,2024-07-02,2025-07-01,,
MRH_2024_03377,2024,0,Appartement,47,2,Confort,150,178.17,35.63,2024-05-15,2025-05-14,,
MRH_2024_03378,2024,0,Maison,195,3,Essentielle,500,338.22,67.64,2024-05-28,2025-05-27,,
MRH_2024_03379,2024,0,Appartement,76,3,Essentielle,150,200.09,40.02,2024-12-28,2025-12-27,,
MRH_2024_03380,2024,0,Maison,138,5,Essentielle,500,366.33,73.27,2024-11-08,2025-11-07,,
MRH_2024_03381,2024,0,Maison,169,3,Confort,500,362.02,72.4,2024-07-10,2025-07-09,,
MRH_2024_03382,2024,0,Maison,117,4,Confort,150,399.11,79.82,2024-04-03,2025-04-02,,
MRH_2024_03383,2024,0,Maison,133,3,Essentielle,300,288.57,57.71,2024-09-12,2025-09-11,,
MRH_2024_03384,2024,0,Appartement,60,5,Premium,300,333.45,66.69,2024-09-27,2025-09-26,,
MRH_2024_03385,2024,0,Appartement,73,3,Confort,300,209.5,41.9,2024-12-04,2025-12-03,,
MRH_2024_03386,2024,0,Appartement,98,3,Essentielle,150,230.94,46.19,2024-10-17,2025-10-16,,
MRH_2024_03387,2024,0,Appartement,98,1,Essentielle,500,164.18,32.84,2024-06-12,2025-06-11,,
MRH_2024_03388,2024,0,Maison,73,4,Premium,150,410.3,82.06,2024-07-15,2025-07-14,,
MRH_2024_03389,2024,0,Appartement,52,2,Premium,300,219.83,43.97,2024-05-18,2025-05-17,,
MRH_2024_03390,2024,0,Maison,100,3,Confort,150,319.0,63.8,2024-12-02,2025-12-01,,
MRH_2024_03391,2024,0,Maison,134,2,Confort,300,323.95,64.79,2024-03-23,2025-03-22,,
MRH_2024_03392,2024,0,Maison,116,4,Essentielle,300,306.93,61.39,2024-02-23,2025-02-22,,
MRH_2024_03393,2024,0,Maison,89,4,Premium,150,449.77,89.95,2024-10-24,2025-10-23,,
MRH_2024_03394,2024,0,Maison,152,2,Confort,300,349.6,69.92,2024-08-07,2025-08-06,,
MRH_2024_03395,2024,0,Appartement,85,3,Essentielle,150,212.71,42.54,2024-06-21,2025-06-20,,
MRH_2024_03396,2024,0,Appartement,63,2,Essentielle,150,172.76,34.55,2024-06-08,2025-06-07,,
MRH_2024_03397,2024,0,Appartement,84,1,Confort,150,211.31,42.26,2024-11-23,2025-11-22,,
MRH_2024_03398,2024,0,Appartement,72,1,Premium,500,211.45,42.29,2024-06-20,2025-06-19,,
MRH_2024_03399,2024,0,Appartement,53,3,Confort,500,165.14,33.03,2024-04-24,2025-04-23,,
MRH_2024_03400,2024,0,Maison,90,2,Premium,150,373.59,74.72,2024-09-24,2025-09-23,,
MRH_2024_03401,2024,0,Maison,105,3,Confort,300,297.5,59.5,2024-06-05,2025-06-04,,
MRH_2024_03402,2024,0,Appartement,58,2,Essentielle,150,166.1,33.22,2024-01-14,2025-01-13,,
MRH_2024_03403,2024,0,Maison,177,5,Confort,150,602.17,120.43,2024-01-02,2025-01-01,,
MRH_2024_03404,2024,0,Maison,87,4,Premium,300,404.4,80.88,2024-03-22,2025-03-21,,
MRH_2024_03405,2024,0,Appartement,68,3,Confort,300,202.0,40.4,2024-03-22,2025-03-21,,
MRH_2024_03406,2024,0,Appartement,52,4,Confort,500,188.32,37.66,2024-03-21,2025-03-20,,
MRH_2024_03407,2024,0,Maison,146,2,Essentielle,300,289.89,57.98,2024-11-09,2025-11-08,,
MRH_2024_03408,2024,0,Appartement,37,4,Confort,150,196.71,39.34,2024-01-12,2025-01-11,,
MRH_2024_03409,2024,0,Appartement,93,3,Premium,300,311.35,62.27,2024-08-05,2025-08-04,,
MRH_2024_03410,2024,0,Maison,175,3,Confort,300,402.5,80.5,2024-03-05,2025-03-04,,
MRH_2024_03411,2024,0,Appartement,100,5,Essentielle,300,286.88,57.38,2024-10-16,2025-10-15,,
MRH_2024_03412,2024,0,Maison,105,2,Essentielle,500,221.01,44.2,2024-02-05,2025-02-04,,
MRH_2024_03413,2024,0,Maison,150,5,Premium,300,640.58,128.12,2024-11-17,2025-11-16,,
MRH_2024_03414,2024,0,Maison,139,4,Essentielle,300,340.66,68.13,2024-11-17,2025-11-16,,
MRH_2024_03415,2024,0,Appartement,67,3,Essentielle,300,170.42,34.08,2024-05-01,2025-04-30,,
MRH_2024_03416,2024,0,Appartement,57,2,Essentielle,500,137.81,27.56,2024-05-15,2025-05-14,,
MRH_2024_03417,2024,0,Maison,50,5,Essentielle,150,271.38,54.28,2024-05-28,2025-05-27,,
MRH_2024_03418,2024,0,Appartement,106,3,Confort,300,259.0,51.8,2024-07-13,2025-07-12,,
MRH_2024_03419,2024,0,Maison,119,5,Essentielle,300,365.48,73.1,2024-07-26,2025-07-25,,
MRH_2024_03420,2024,0,Appartement,71,3,Confort,500,189.98,38.0,2024-12-13,2025-12-12,,
MRH_2024_03421,2024,0,Appartement,47,3,Premium,150,243.82,48.76,2024-04-13,2025-04-12,,
MRH_2024_03422,2024,0,Maison,50,1,Confort,300,182.75,36.55,2024-10-01,2025-09-30,,
MRH_2024_03423,2024,0,Maison,191,4,Confort,150,539.52,107.9,2024-05-16,2025-05-15,,
MRH_2024_03424,2024,0,Maison,116,2,Confort,150,328.13,65.63,2024-10-20,2025-10-19,,
MRH_2024_03425,2024,0,Appartement,47,1,Confort,300,144.92,28.98,2024-09-19,2025-09-18,,
MRH_2024_03426,2024,0,Maison,118,4,Confort,300,364.55,72.91,2024-12-19,2025-12-18,,
MRH_2024_03427,2024,0,Appartement,100,1,Confort,150,233.75,46.75,2024-06-08,2025-06-07,,
MRH_2024_03428,2024,0,Appartement,82,1,Essentielle,300,161.12,32.22,2024-02-24,2025-02-23,,
MRH_2024_03429,2024,0,Appartement,66,3,Confort,300,199.0,39.8,2024-11-24,2025-11-23,,
MRH_2024_03430,2024,0,Appartement,73,1,Confort,500,163.83,32.77,2024-11-17,2025-11-16,,
MRH_2024_03431,2024,0,Maison,58,2,Confort,300,215.65,43.13,2024-06-25,2025-06-24,,
MRH_2024_03432,2024,0,Maison,156,3,Confort,300,374.0,74.8,2024-09-06,2025-09-05,,
MRH_2024_03433,2024,0,Maison,174,1,Essentielle,300,289.72,57.94,2024-06-07,2025-06-06,,
MRH_2024_03434,2024,0,Appartement,40,4,Confort,500,169.28,33.86,2024-09-24,2025-09-23,,
MRH_2024_03435,2024,0,Appartement,89,5,Confort,150,346.75,69.35,2024-10-13,2025-10-12,,
MRH_2024_03436,2024,0,Appartement,55,4,Essentielle,300,178.39,35.68,2024-12-09,2025-12-08,,
MRH_2024_03437,2024,0,Appartement,78,1,Essentielle,300,156.78,31.36,2024-02-16,2025-02-15,,
MRH_2024_03438,2024,0,Appartement,40,2,Confort,300,152.0,30.4,2024-10-21,2025-10-20,,
MRH_2024_03439,2024,0,Appartement,30,2,Confort,300,137.75,27.55,2024-02-22,2025-02-21,,
MRH_2024_03440,2024,0,Appartement,64,3,Premium,500,234.42,46.88,2024-11-06,2025-11-05,,
MRH_2024_03441,2024,0,Appartement,59,3,Essentielle,500,147.41,29.48,2024-07-09,2025-07-08,,
MRH_2024_03442,2024,0,Appartement,76,2,Confort,300,203.3,40.66,2024-02-25,2025-02-24,,
MRH_2024_03443,2024,0,Appartement,51,1,Confort,500,138.02,27.6,2024-04-24,2025-04-23,,
MRH_2024_03444,2024,0,Appartement,48,4,Confort,300,197.8,39.56,2024-06-24,2025-06-23,,
MRH_2024_03445,2024,0,Appartement,84,2,Essentielle,150,200.74,40.15,2024-02-25,2025-02-24,,
MRH_2024_03446,2024,0,Maison,189,3,Confort,300,423.5,84.7,2024-03-09,2025-03-08,,
MRH_2024_03447,2024,0,Appartement,23,4,Essentielle,300,131.47,26.29,2024-08-13,2025-08-12,,
MRH_2024_03448,2024,0,Appartement,58,1,Confort,300,158.95,31.79,2024-07-21,2025-07-20,,
MRH_2024_03449,2024,0,Maison,189,4,Premium,300,633.13,126.63,2024-01-26,2025-01-25,,
MRH_2024_03450,2024,0,Appartement,52,5,Confort,150,264.33,52.87,2024-06-28,2025-06-27,,
MRH_2024_03451,2024,0,Appartement,64,4,Confort,500,207.37,41.47,2024-02-12,2025-02-11,,
MRH_2024_03452,2024,0,Appartement,40,2,Premium,300,197.6,39.52,2024-04-19,2025-04-18,,
MRH_2024_03453,2024,0,Appartement,37,3,Premium,500,185.98,37.2,2024-11-23,2025-11-22,,
MRH_2024_03454,2024,0,Appartement,86,1,Confort,300,194.65,38.93,2024-07-23,2025-07-22,,
MRH_2024_03455,2024,0,Maison,104,1,Confort,300,251.6,50.32,2024-07-15,2025-07-14,,
MRH_2024_03456,2024,0,Maison,169,5,Essentielle,300,451.54,90.31,2024-12-02,2025-12-01,,
MRH_2024_03457,2024,0,Appartement,109,2,Essentielle,300,212.78,42.56,2024-09-08,2025-09-07,,
MRH_2024_03458,2024,0,Maison,162,3,Confort,300,383.0,76.6,2024-09-05,2025-09-04,,
MRH_2024_03459,2024,0,Appartement,73,2,Premium,300,258.73,51.75,2024-07-16,2025-07-15,,
MRH_2024_03460,2024,0,Maison,141,2,Confort,150,367.32,73.46,2024-08-18,2025-08-17,,
MRH_2024_03461,2024,0,Maison,157,4,Essentielle,150,403.76,80.75,2024-10-17,2025-10-16,,
MRH_2024_03462,2024,0,Appartement,23,3,Confort,300,134.5,26.9,2024-10-22,2025-10-21,,
MRH_2024_03463,2024,0,Maison,98,3,Essentielle,300,243.95,48.79,2024-11-04,2025-11-03,,
MRH_2024_03464,2024,0,Appartement,107,2,Confort,300,247.47,49.49,2024-09-25,2025-09-24,,
MRH_2024_03465,2024,0,Maison,96,3,Confort,500,261.28,52.26,2024-06-19,2025-06-18,,
MRH_2024_03466,2024,0,Maison,81,3,Confort,300,261.5,52.3,2024-12-20,2025-12-19,,
MRH_2024_03467,2024,0,Appartement,69,4,Essentielle,500,183.01,36.6,2024-09-16,2025-09-15,,
MRH_2024_03468,2024,0,Maison,93,1,Premium,300,308.85,61.77,2024-03-24,2025-03-23,,
MRH_2024_03469,2024,0,Appartement,27,4,Essentielle,500,126.35,25.27,2024-12-08,2025-12-07,,
MRH_2024_03470,2024,0,Appartement,43,1,Essentielle,500,109.34,21.87,2024-08-04,2025-08-03,,
MRH_2024_03471,2024,0,Maison,110,5,Confort,500,378.81,75.76,2024-08-28,2025-08-27,,
MRH_2024_03472,2024,0,Appartement,54,2,Premium,300,223.53,44.71,2024-11-03,2025-11-02,,
MRH_2024_03473,2024,0,Maison,86,3,Essentielle,300,228.65,45.73,2024-08-17,2025-08-16,,
MRH_2024_03474,2024,0,Appartement,32,2,Essentielle,300,119.51,23.9,2024-11-24,2025-11-23,,
MRH_2024_03475,2024,0,Maison,105,2,Confort,500,260.01,52.0,2024-04-20,2025-04-19,,
MRH_2024_03476,2024,0,Maison,157,2,Premium,300,463.74,92.75,2024-06-12,2025-06-11,,
MRH_2024_03477,2024,0,Appartement,83,3,Premium,300,291.85,58.37,2024-08-24,2025-08-23,,
MRH_2024_03478,2024,0,Appartement,32,4,Confort,150,187.22,37.44,2024-11-14,2025-11-13,,
MRH_2024_03479,2024,0,Appartement,94,3,Premium,150,344.63,68.93,2024-04-14,2025-04-13,,
MRH_2024_03480,2024,0,Appartement,109,2,Confort,300,250.32,50.06,2024-08-01,2025-07-31,,
MRH_2024_03481,2024,0,Appartement,46,4,Premium,500,232.44,46.49,2024-11-23,2025-11-22,,
MRH_2024_03482,2024,0,Appartement,69,3,Confort,500,187.22,37.44,2024-12-26,2025-12-25,,
MRH_2024_03483,2024,0,Maison,82,1,Essentielle,300,190.02,38.0,2024-10-11,2025-10-10,,
MRH_2024_03484,2024,0,Maison,50,3,Essentielle,300,182.75,36.55,2024-06-23,2025-06-22,,
MRH_2024_03485,2024,0,Maison,163,2,Premium,150,522.34,104.47,2024-01-03,2025-01-02,,
MRH_2024_03486,2024,0,Appartement,71,3,Essentielle,150,193.08,38.62,2024-02-15,2025-02-14,,
MRH_2024_03487,2024,0,Maison,161,4,Essentielle,150,410.21,82.04,2024-08-18,2025-08-17,,
MRH_2024_03488,2024,0,Appartement,54,3,Premium,300,235.3,47.06,2024-06-22,2025-06-21,,
MRH_2024_03489,2024,0,Appartement,76,3,Confort,300,214.0,42.8,2024-11-18,2025-11-17,,
MRH_2024_03490,2024,0,Maison,106,5,Confort,500,371.36,74.27,2024-11-08,2025-11-07,,
MRH_2024_03491,2024,0,Appartement,73,5,Confort,300,282.83,56.57,2024-12-17,2025-12-16,,
MRH_2024_03492,2024,0,Appartement,90,1,Essentielle,300,169.79,33.96,2024-03-18,2025-03-17,,
MRH_2024_03493,2024,0,Appartement,63,2,Premium,150,264.23,52.85,2024-04-20,2025-04-19,,
MRH_2024_03494,2024,0,Appartement,75,2,Essentielle,500,157.87,31.57,2024-05-06,2025-05-05,,
MRH_2024_03495,2024,0,Appartement,52,3,Premium,300,231.4,46.28,2024-06-16,2025-06-15,,
MRH_2024_03496,2024,0,Maison,171,3,Confort,150,436.15,87.23,2024-12-09,2025-12-08,,
MRH_2024_03497,2024,0,Appartement,103,4,Premium,150,418.53,83.71,2024-11-02,2025-11-01,,
MRH_2024_03498,2024,0,Maison,128,3,Essentielle,300,282.2,56.44,2024-11-14,2025-11-13,,
MRH_2024_03499,2024,0,Maison,98,4,Confort,300,330.05,66.01,2024-03-22,2025-03-21,,
MRH_2024_03500,2024,0,Appartement,59,4,Confort,300,216.77,43.35,2024-12-25,2025-12-24,,
MRH_2024_03501,2024,0,Maison,149,4,Confort,150,459.83,91.97,2024-02-26,2025-02-25,,
MRH_2024_03502,2024,0,Appartement,88,1,Essentielle,300,167.62,33.52,2024-02-09,2025-02-08,,
MRH_2024_03503,2024,0,Maison,160,4,Essentielle,150,408.59,81.72,2024-10-16,2025-10-15,,
MRH_2024_03504,2024,0,Maison,189,3,Premium,300,550.55,110.11,2024-06-26,2025-06-25,,
MRH_2024_03505,2024,0,Maison,82,4,Confort,300,302.45,60.49,2024-11-21,2025-11-20,,
MRH_2024_03506,2024,0,Appartement,129,5,Confort,300,396.23,79.25,2024-06-22,2025-06-21,,
MRH_2024_03507,2024,0,Maison,102,1,Essentielle,300,211.69,42.34,2024-02-07,2025-02-06,,
MRH_2024_03508,2024,0,Appartement,120,3,Confort,150,308.0,61.6,2024-11-11,2025-11-10,,
MRH_2024_03509,2024,0,Appartement,77,3,Essentielle,300,183.17,36.63,2024-08-27,2025-08-26,,
MRH_2024_03510,2024,0,Maison,191,3,Essentielle,150,398.78,79.76,2024-09-25,2025-09-24,,
MRH_2024_03511,2024,0,Maison,181,2,Confort,300,390.92,78.18,2024-01-03,2025-01-02,,
MRH_2024_03512,2024,0,Appartement,20,3,Essentielle,300,110.5,22.1,2024-05-02,2025-05-01,,
MRH_2024_03513,2024,0,Maison,153,3,Premium,150,528.39,105.68,2024-04-01,2025-03-31,,
MRH_2024_03514,2024,0,Appartement,82,4,Confort,300,256.45,51.29,2024-08-16,2025-08-15,,
MRH_2024_03515,2024,0,Appartement,20,3,Confort,150,143.0,28.6,2024-09-08,2025-09-07,,
MRH_2024_03516,2024,0,Maison,65,2,Confort,300,225.62,45.12,2024-01-16,2025-01-15,,
MRH_2024_03517,2024,0,Appartement,20,3,Essentielle,150,121.55,24.31,2024-08-05,2025-08-04,,
MRH_2024_03518,2024,0,Appartement,70,3,Premium,500,245.18,49.04,2024-09-02,2025-09-01,,
MRH_2024_03519,2024,0,Maison,151,3,Essentielle,300,311.52,62.3,2024-07-28,2025-07-27,,
MRH_2024_03520,2024,0,Appartement,79,2,Confort,500,190.97,38.19,2024-08-10,2025-08-09,,
MRH_2024_03521,2024,0,Appartement,45,2,Premium,300,206.86,41.37,2024-10-22,2025-10-21,,
MRH_2024_03522,2024,0,Appartement,48,4,Essentielle,150,184.94,36.99,2024-10-24,2025-10-23,,
MRH_2024_03523,2024,0,Maison,112,2,Essentielle,150,273.58,54.72,2024-12-20,2025-12-19,,
MRH_2024_03524,2024,0,Appartement,65,1,Confort,300,167.88,33.58,2024-09-19,2025-09-18,,
MRH_2024_03525,2024,0,Appartement,39,3,Confort,150,174.35,34.87,2024-08-09,2025-08-08,,
MRH_2024_03526,2024,0,Appartement,83,5,Premium,150,433.4,86.68,2024-10-08,2025-10-07,,
MRH_2024_03527,2024,0,Maison,102,4,Premium,500,402.99,80.6,2024-01-05,2025-01-04,,
MRH_2024_03528,2024,0,Appartement,73,3,Confort,150,230.45,46.09,2024-09-23,2025-09-22,,
MRH_2024_03529,2024,0,Appartement,51,1,Premium,300,195.03,39.01,2024-04-25,2025-04-24,,
MRH_2024_03530,2024,0,Maison,143,3,Confort,300,354.5,70.9,2024-04-22,2025-04-21,,
MRH_2024_03531,2024,0,Maison,117,2,Essentielle,300,254.77,50.95,2024-02-16,2025-02-15,,
MRH_2024_03532,2024,0,Appartement,63,5,Confort,300,262.58,52.52,2024-12-23,2025-12-22,,
MRH_2024_03533,2024,0,Appartement,79,1,Essentielle,150,173.65,34.73,2024-03-18,2025-03-17,,
MRH_2024_03534,2024,0,Appartement,67,1,Essentielle,500,133.27,26.65,2024-10-19,2025-10-18,,
MRH_2024_03535,2024,0,Appartement,73,4,Confort,500,221.65,44.33,2024-08-03,2025-08-02,,
MRH_2024_03536,2024,0,Maison,191,3,Essentielle,300,362.52,72.5,2024-07-17,2025-07-16,,
MRH_2024_03537,2024,0,Appartement,95,1,Essentielle,500,161.19,32.24,2024-01-11,2025-01-10,,
MRH_2024_03538,2024,0,Appartement,76,2,Confort,300,203.3,40.66,2024-11-21,2025-11-20,,
MRH_2024_03539,2024,0,Appartement,57,2,Essentielle,500,137.81,27.56,2024-07-15,2025-07-14,,
MRH_2024_03540,2024,0,Appartement,81,3,Premium,150,316.75,63.35,2024-07-09,2025-07-08,,
MRH_2024_03541,2024,0,Appartement,36,4,Premium,500,211.81,42.36,2024-11-21,2025-11-20,,
MRH_2024_03542,2024,0,Maison,208,2,Essentielle,500,335.79,67.16,2024-04-02,2025-04-01,,
MRH_2024_03543,2024,0,Appartement,79,3,Premium,500,261.33,52.27,2024-06-25,2025-06-24,,
MRH_2024_03544,2024,0,Maison,167,4,Essentielle,300,381.71,76.34,2024-02-25,2025-02-24,,
MRH_2024_03545,2024,0,Appartement,20,4,Confort,500,137.54,27.51,2024-12-26,2025-12-25,,
MRH_2024_03546,2024,0,Appartement,50,1,Essentielle,300,126.44,25.29,2024-07-01,2025-06-30,,
MRH_2024_03547,2024,0,Maison,133,1,Confort,300,288.57,57.71,2024-10-23,2025-10-22,,
MRH_2024_03548,2024,0,Maison,100,4,Confort,150,366.85,73.37,2024-02-04,2025-02-03,,
MRH_2024_03549,2024,0,Appartement,96,2,Premium,300,301.34,60.27,2024-05-22,2025-05-21,,
MRH_2024_03550,2024,0,Maison,104,3,Confort,500,272.32,54.46,2024-03-06,2025-03-05,,
MRH_2024_03551,2024,0,Appartement,46,2,Premium,150,229.59,45.92,2024-04-19,2025-04-18,,
MRH_2024_03552,2024,0,Appartement,55,3,Premium,500,218.27,43.65,2024-09-28,2025-09-27,,
MRH_2024_03553,2024,0,Appartement,23,2,Confort,300,127.77,25.55,2024-11-23,2025-11-22,,
MRH_2024_03554,2024,0,Maison,158,1,Confort,500,294.81,58.96,2024-09-16,2025-09-15,,
MRH_2024_03555,2024,0,Appartement,67,3,Confort,300,200.5,40.1,2024-08-02,2025-08-01,,
MRH_2024_03556,2024,0,Maison,76,2,Confort,500,222.0,44.4,2024-03-13,2025-03-12,,
MRH_2024_03557,2024,0,Appartement,49,3,Confort,500,159.62,31.92,2024-02-22,2025-02-21,,
MRH_2024_03558,2024,0,Maison,125,1,Confort,300,278.38,55.68,2024-06-04,2025-06-03,,
MRH_2024_03559,2024,0,Appartement,52,3,Essentielle,300,151.3,30.26,2024-05-07,2025-05-06,,
MRH_2024_03560,2024,0,Appartement,56,2,Premium,300,227.24,45.45,2024-01-26,2025-01-25,,
MRH_2024_03561,2024,0,Appartement,22,2,Confort,500,116.24,23.25,2024-12-01,2025-11-30,,
MRH_2024_03562,2024,0,Maison,58,5,Confort,300,306.45,61.29,2024-12-08,2025-12-07,,
MRH_2024_03563,2024,0,Maison,175,3,Essentielle,500,314.75,62.95,2024-09-13,2025-09-12,,
MRH_2024_03564,2024,0,Appartement,65,1,Essentielle,300,142.69,28.54,2024-09-11,2025-09-10,,
MRH_2024_03565,2024,0,Appartement,63,4,Premium,300,290.78,58.16,2024-05-17,2025-05-16,,
MRH_2024_03566,2024,0,Maison,107,3,Essentielle,500,234.99,47.0,2024-06-08,2025-06-07,,
MRH_2024_03567,2024,0,Appartement,99,4,Confort,150,314.35,62.87,2024-05-06,2025-05-05,,
MRH_2024_03568,2024,0,Appartement,56,5,Premium,150,355.21,71.04,2024-06-08,2025-06-07,,
MRH_2024_03569,2024,0,Maison,50,5,Confort,150,319.28,63.86,2024-08-18,2025-08-17,,
MRH_2024_03570,2024,0,Maison,187,5,Confort,500,522.26,104.45,2024-09-13,2025-09-12,,
MRH_2024_03571,2024,0,Appartement,72,3,Essentielle,150,194.48,38.9,2024-04-03,2025-04-02,,
MRH_2024_03572,2024,0,Maison,146,1,Premium,300,396.69,79.34,2024-09-13,2025-09-12,,
MRH_2024_03573,2024,0,Maison,206,4,Confort,500,475.04,95.01,2024-10-17,2025-10-16,,
MRH_2024_03574,2024,0,Maison,73,2,Premium,500,283.48,56.7,2024-04-27,2025-04-26,,
MRH_2024_03575,2024,0,Maison,183,4,Confort,500,438.54,87.71,2024-03-19,2025-03-18,,
MRH_2024_03576,2024,0,Maison,153,3,Confort,500,339.94,67.99,2024-05-10,2025-05-09,,
MRH_2024_03577,2024,0,Appartement,81,2,Confort,150,231.47,46.29,2024-08-01,2025-07-31,,
MRH_2024_03578,2024,0,Appartement,65,1,Essentielle,500,131.28,26.26,2024-05-11,2025-05-10,,
MRH_2024_03579,2024,0,Maison,124,3,Confort,150,358.6,71.72,2024-02-24,2025-02-23,,
MRH_2024_03580,2024,0,Maison,126,2,Confort,300,312.55,62.51,2024-02-13,2025-02-12,,
MRH_2024_03581,2024,0,Appartement,51,4,Essentielle,300,172.53,34.51,2024-07-14,2025-07-13,,
MRH_2024_03582,2024,0,Appartement,65,3,Confort,150,217.25,43.45,2024-02-12,2025-02-11,,
MRH_2024_03583,2024,0,Appartement,51,2,Essentielle,150,156.78,31.36,2024-04-28,2025-04-27,,
MRH_2024_03584,2024,0,Maison,72,1,Confort,300,210.8,42.16,2024-05-24,2025-05-23,,
MRH_2024_03585,2024,0,Appartement,79,1,Premium,500,222.13,44.43,2024-03-08,2025-03-07,,
MRH_2024_03586,2024,0,Maison,110,2,Confort,150,318.73,63.75,2024-07-02,2025-07-01,,
MRH_2024_03587,2024,0,Maison,143,5,Essentielle,300,406.79,81.36,2024-07-16,2025-07-15,,
MRH_2024_03588,2024,0,Appartement,47,3,Confort,150,187.55,37.51,2024-10-21,2025-10-20,,
MRH_2024_03589,2024,0,Appartement,71,1,Confort,500,161.48,32.3,2024-11-05,2025-11-04,,
MRH_2024_03590,2024,0,Appartement,69,1,Essentielle,300,147.03,29.41,2024-01-04,2025-01-03,,
MRH_2024_03591,2024,0,Maison,156,2,Essentielle,300,302.0,60.4,2024-10-15,2025-10-14,,
MRH_2024_03592,2024,0,Maison,173,4,Confort,300,459.42,91.88,2024-08-19,2025-08-18,,
MRH_2024_03593,2024,0,Appartement,93,2,Premium,300,295.78,59.16,2024-06-26,2025-06-25,,
MRH_2024_03594,2024,0,Appartement,111,3,Essentielle,500,208.4,41.68,2024-02-10,2025-02-09,,
MRH_2024_03595,2024,0,Maison,205,3,Premium,500,535.21,107.04,2024-05-23,2025-05-22,,
MRH_2024_03596,2024,0,Maison,105,5,Premium,300,522.11,104.42,2024-05-18,2025-05-17,,
MRH_2024_03597,2024,0,Maison,144,2,Essentielle,150,316.22,63.24,2024-09-18,2025-09-17,,
MRH_2024_03598,2024,0,Appartement,35,1,Essentielle,500,101.37,20.27,2024-12-15,2025-12-14,,
MRH_2024_03599,2024,0,Appartement,88,4,Confort,300,266.8,53.36,2024-05-07,2025-05-06,,
MRH_2024_03600,2024,0,Maison,100,2,Premium,300,358.15,71.63,2024-10-15,2025-10-14,,
